year,month,state,geo_type,period_type,incident_deaths,is_suppressed,data_source,source_dataset,extracted_at
1999,1999-01-01,United States,nation,month,56,false,NVSS final,D77,2026-09-26 16:26:29
1999,1999-02-01,United States,nation,month,71,false,NVSS final,D77,2026-09-26 16:26:29
1999,1999-03-01,United States,nation,month,59,false,NVSS final,D77,2026-09-26 16:26:29
1999,1999-04-01,United States,nation,month,70,false,NVSS final,D77,2026-09-26 16:26:29
1999,1999-05-01,United States,nation,month,64,false,NVSS final,D77,2026-09-26 16:26:29
1999,1999-06-01,United States,nation,month,50,false,NVSS final,D77,2026-09-26 16:26:29
1999,1999-07-01,California,state,month,12,false,NVSS final,D77,2026-09-26 16:26:29
1999,1999-07-01,United States,nation,month,49,false,NVSS final,D77,2026-09-26 16:26:29
1999,1999-08-01,United States,nation,month,56,false,NVSS final,D77,2026-09-26 16:26:29
1999,1999-09-01,United States,nation,month,64,false,NVSS final,D77,2026-09-26 16:26:29
1999,1999-10-01,California,state,month,10,false,NVSS final,D77,2026-09-26 16:26:29
1999,1999-10-01,Florida,state,month,10,false,NVSS final,D77,2026-09-26 16:26:29
1999,1999-10-01,United States,nation,month,89,false,NVSS final,D77,2026-09-26 16:26:29
1999,1999-11-01,United States,nation,month,59,false,NVSS final,D77,2026-09-26 16:26:29
1999,1999-12-01,United States,nation,month,43,false,NVSS final,D77,2026-09-26 16:26:29
2000,2000-01-01,United States,nation,month,57,false,NVSS final,D77,2026-09-26 16:26:29
2000,2000-02-01,United States,nation,month,76,false,NVSS final,D77,2026-09-26 16:26:29
2000,2000-03-01,Florida,state,month,15,false,NVSS final,D77,2026-09-26 16:26:29
2000,2000-03-01,United States,nation,month,73,false,NVSS final,D77,2026-09-26 16:26:29
2000,2000-04-01,United States,nation,month,59,false,NVSS final,D77,2026-09-26 16:26:29
2000,2000-05-01,United States,nation,month,74,false,NVSS final,D77,2026-09-26 16:26:29
2000,2000-06-01,California,state,month,11,false,NVSS final,D77,2026-09-26 16:26:29
2000,2000-06-01,Florida,state,month,10,false,NVSS final,D77,2026-09-26 16:26:29
2000,2000-06-01,United States,nation,month,67,false,NVSS final,D77,2026-09-26 16:26:29
2000,2000-07-01,California,state,month,10,false,NVSS final,D77,2026-09-26 16:26:29
2000,2000-07-01,United States,nation,month,64,false,NVSS final,D77,2026-09-26 16:26:29
2000,2000-08-01,North Carolina,state,month,10,false,NVSS final,D77,2026-09-26 16:26:29
2000,2000-08-01,United States,nation,month,72,false,NVSS final,D77,2026-09-26 16:26:29
2000,2000-09-01,United States,nation,month,58,false,NVSS final,D77,2026-09-26 16:26:29
2000,2000-10-01,United States,nation,month,44,false,NVSS final,D77,2026-09-26 16:26:29
2000,2000-11-01,United States,nation,month,63,false,NVSS final,D77,2026-09-26 16:26:29
2000,2000-12-01,Florida,state,month,10,false,NVSS final,D77,2026-09-26 16:26:29
2000,2000-12-01,United States,nation,month,75,false,NVSS final,D77,2026-09-26 16:26:29
2001,2001-01-01,United States,nation,month,63,false,NVSS final,D77,2026-09-26 16:26:29
2001,2001-02-01,Florida,state,month,12,false,NVSS final,D77,2026-09-26 16:26:29
2001,2001-02-01,United States,nation,month,66,false,NVSS final,D77,2026-09-26 16:26:29
2001,2001-03-01,Ohio,state,month,11,false,NVSS final,D77,2026-09-26 16:26:29
2001,2001-03-01,United States,nation,month,69,false,NVSS final,D77,2026-09-26 16:26:29
2001,2001-04-01,Florida,state,month,10,false,NVSS final,D77,2026-09-26 16:26:29
2001,2001-04-01,Texas,state,month,15,false,NVSS final,D77,2026-09-26 16:26:29
2001,2001-04-01,United States,nation,month,89,false,NVSS final,D77,2026-09-26 16:26:29
2001,2001-05-01,United States,nation,month,90,false,NVSS final,D77,2026-09-26 16:26:29
2001,2001-06-01,United States,nation,month,73,false,NVSS final,D77,2026-09-26 16:26:29
2001,2001-07-01,Florida,state,month,10,false,NVSS final,D77,2026-09-26 16:26:29
2001,2001-07-01,United States,nation,month,95,false,NVSS final,D77,2026-09-26 16:26:29
2001,2001-08-01,Florida,state,month,12,false,NVSS final,D77,2026-09-26 16:26:29
2001,2001-08-01,United States,nation,month,86,false,NVSS final,D77,2026-09-26 16:26:29
2001,2001-09-01,Florida,state,month,12,false,NVSS final,D77,2026-09-26 16:26:29
2001,2001-09-01,United States,nation,month,79,false,NVSS final,D77,2026-09-26 16:26:29
2001,2001-10-01,Florida,state,month,11,false,NVSS final,D77,2026-09-26 16:26:29
2001,2001-10-01,United States,nation,month,82,false,NVSS final,D77,2026-09-26 16:26:29
2001,2001-11-01,Florida,state,month,14,false,NVSS final,D77,2026-09-26 16:26:29
2001,2001-11-01,United States,nation,month,91,false,NVSS final,D77,2026-09-26 16:26:29
2001,2001-12-01,Florida,state,month,10,false,NVSS final,D77,2026-09-26 16:26:29
2001,2001-12-01,United States,nation,month,74,false,NVSS final,D77,2026-09-26 16:26:29
2002,2002-01-01,Florida,state,month,16,false,NVSS final,D77,2026-09-26 16:26:29
2002,2002-01-01,Texas,state,month,10,false,NVSS final,D77,2026-09-26 16:26:29
2002,2002-01-01,United States,nation,month,108,false,NVSS final,D77,2026-09-26 16:26:29
2002,2002-02-01,California,state,month,11,false,NVSS final,D77,2026-09-26 16:26:29
2002,2002-02-01,Texas,state,month,13,false,NVSS final,D77,2026-09-26 16:26:29
2002,2002-02-01,United States,nation,month,96,false,NVSS final,D77,2026-09-26 16:26:29
2002,2002-03-01,California,state,month,12,false,NVSS final,D77,2026-09-26 16:26:29
2002,2002-03-01,Florida,state,month,15,false,NVSS final,D77,2026-09-26 16:26:29
2002,2002-03-01,Texas,state,month,10,false,NVSS final,D77,2026-09-26 16:26:29
2002,2002-03-01,United States,nation,month,116,false,NVSS final,D77,2026-09-26 16:26:29
2002,2002-04-01,Florida,state,month,10,false,NVSS final,D77,2026-09-26 16:26:29
2002,2002-04-01,United States,nation,month,103,false,NVSS final,D77,2026-09-26 16:26:29
2002,2002-05-01,California,state,month,17,false,NVSS final,D77,2026-09-26 16:26:29
2002,2002-05-01,Florida,state,month,14,false,NVSS final,D77,2026-09-26 16:26:29
2002,2002-05-01,Texas,state,month,12,false,NVSS final,D77,2026-09-26 16:26:29
2002,2002-05-01,United States,nation,month,122,false,NVSS final,D77,2026-09-26 16:26:29
2002,2002-06-01,Florida,state,month,11,false,NVSS final,D77,2026-09-26 16:26:29
2002,2002-06-01,Texas,state,month,10,false,NVSS final,D77,2026-09-26 16:26:29
2002,2002-06-01,United States,nation,month,108,false,NVSS final,D77,2026-09-26 16:26:29
2002,2002-07-01,California,state,month,10,false,NVSS final,D77,2026-09-26 16:26:29
2002,2002-07-01,Florida,state,month,14,false,NVSS final,D77,2026-09-26 16:26:29
2002,2002-07-01,United States,nation,month,103,false,NVSS final,D77,2026-09-26 16:26:29
2002,2002-08-01,California,state,month,11,false,NVSS final,D77,2026-09-26 16:26:29
2002,2002-08-01,Florida,state,month,10,false,NVSS final,D77,2026-09-26 16:26:29
2002,2002-08-01,Texas,state,month,10,false,NVSS final,D77,2026-09-26 16:26:29
2002,2002-08-01,United States,nation,month,104,false,NVSS final,D77,2026-09-26 16:26:29
2002,2002-09-01,California,state,month,10,false,NVSS final,D77,2026-09-26 16:26:29
2002,2002-09-01,United States,nation,month,106,false,NVSS final,D77,2026-09-26 16:26:29
2002,2002-10-01,Texas,state,month,12,false,NVSS final,D77,2026-09-26 16:26:29
2002,2002-10-01,United States,nation,month,102,false,NVSS final,D77,2026-09-26 16:26:29
2002,2002-11-01,Florida,state,month,13,false,NVSS final,D77,2026-09-26 16:26:29
2002,2002-11-01,United States,nation,month,116,false,NVSS final,D77,2026-09-26 16:26:29
2002,2002-12-01,Florida,state,month,13,false,NVSS final,D77,2026-09-26 16:26:29
2002,2002-12-01,United States,nation,month,111,false,NVSS final,D77,2026-09-26 16:26:29
2003,2003-01-01,California,state,month,17,false,NVSS final,D77,2026-09-26 16:26:29
2003,2003-01-01,United States,nation,month,120,false,NVSS final,D77,2026-09-26 16:26:29
2003,2003-02-01,California,state,month,10,false,NVSS final,D77,2026-09-26 16:26:29
2003,2003-02-01,Florida,state,month,13,false,NVSS final,D77,2026-09-26 16:26:29
2003,2003-02-01,United States,nation,month,119,false,NVSS final,D77,2026-09-26 16:26:29
2003,2003-03-01,Florida,state,month,18,false,NVSS final,D77,2026-09-26 16:26:29
2003,2003-03-01,United States,nation,month,131,false,NVSS final,D77,2026-09-26 16:26:29
2003,2003-04-01,California,state,month,10,false,NVSS final,D77,2026-09-26 16:26:29
2003,2003-04-01,Florida,state,month,12,false,NVSS final,D77,2026-09-26 16:26:29
2003,2003-04-01,United States,nation,month,106,false,NVSS final,D77,2026-09-26 16:26:29
2003,2003-05-01,California,state,month,13,false,NVSS final,D77,2026-09-26 16:26:29
2003,2003-05-01,Florida,state,month,13,false,NVSS final,D77,2026-09-26 16:26:29
2003,2003-05-01,United States,nation,month,102,false,NVSS final,D77,2026-09-26 16:26:29
2003,2003-06-01,Florida,state,month,10,false,NVSS final,D77,2026-09-26 16:26:29
2003,2003-06-01,United States,nation,month,91,false,NVSS final,D77,2026-09-26 16:26:29
2003,2003-07-01,California,state,month,16,false,NVSS final,D77,2026-09-26 16:26:29
2003,2003-07-01,Florida,state,month,14,false,NVSS final,D77,2026-09-26 16:26:29
2003,2003-07-01,North Carolina,state,month,11,false,NVSS final,D77,2026-09-26 16:26:29
2003,2003-07-01,United States,nation,month,140,false,NVSS final,D77,2026-09-26 16:26:29
2003,2003-08-01,Florida,state,month,16,false,NVSS final,D77,2026-09-26 16:26:29
2003,2003-08-01,North Carolina,state,month,11,false,NVSS final,D77,2026-09-26 16:26:29
2003,2003-08-01,Texas,state,month,10,false,NVSS final,D77,2026-09-26 16:26:29
2003,2003-08-01,United States,nation,month,117,false,NVSS final,D77,2026-09-26 16:26:29
2003,2003-09-01,California,state,month,10,false,NVSS final,D77,2026-09-26 16:26:29
2003,2003-09-01,Florida,state,month,15,false,NVSS final,D77,2026-09-26 16:26:29
2003,2003-09-01,United States,nation,month,119,false,NVSS final,D77,2026-09-26 16:26:29
2003,2003-10-01,Florida,state,month,18,false,NVSS final,D77,2026-09-26 16:26:29
2003,2003-10-01,Pennsylvania,state,month,10,false,NVSS final,D77,2026-09-26 16:26:29
2003,2003-10-01,United States,nation,month,109,false,NVSS final,D77,2026-09-26 16:26:29
2003,2003-11-01,Florida,state,month,20,false,NVSS final,D77,2026-09-26 16:26:29
2003,2003-11-01,United States,nation,month,124,false,NVSS final,D77,2026-09-26 16:26:29
2003,2003-12-01,Florida,state,month,18,false,NVSS final,D77,2026-09-26 16:26:29
2003,2003-12-01,United States,nation,month,122,false,NVSS final,D77,2026-09-26 16:26:29
2004,2004-01-01,Florida,state,month,15,false,NVSS final,D77,2026-09-26 16:26:29
2004,2004-01-01,United States,nation,month,125,false,NVSS final,D77,2026-09-26 16:26:29
2004,2004-02-01,California,state,month,13,false,NVSS final,D77,2026-09-26 16:26:29
2004,2004-02-01,Florida,state,month,17,false,NVSS final,D77,2026-09-26 16:26:29
2004,2004-02-01,United States,nation,month,145,false,NVSS final,D77,2026-09-26 16:26:29
2004,2004-03-01,California,state,month,18,false,NVSS final,D77,2026-09-26 16:26:29
2004,2004-03-01,Florida,state,month,26,false,NVSS final,D77,2026-09-26 16:26:29
2004,2004-03-01,North Carolina,state,month,10,false,NVSS final,D77,2026-09-26 16:26:29
2004,2004-03-01,United States,nation,month,163,false,NVSS final,D77,2026-09-26 16:26:29
2004,2004-04-01,Florida,state,month,13,false,NVSS final,D77,2026-09-26 16:26:29
2004,2004-04-01,Pennsylvania,state,month,12,false,NVSS final,D77,2026-09-26 16:26:29
2004,2004-04-01,Texas,state,month,11,false,NVSS final,D77,2026-09-26 16:26:29
2004,2004-04-01,United States,nation,month,128,false,NVSS final,D77,2026-09-26 16:26:29
2004,2004-05-01,California,state,month,11,false,NVSS final,D77,2026-09-26 16:26:29
2004,2004-05-01,Florida,state,month,18,false,NVSS final,D77,2026-09-26 16:26:29
2004,2004-05-01,North Carolina,state,month,11,false,NVSS final,D77,2026-09-26 16:26:29
2004,2004-05-01,Texas,state,month,10,false,NVSS final,D77,2026-09-26 16:26:29
2004,2004-05-01,United States,nation,month,153,false,NVSS final,D77,2026-09-26 16:26:29
2004,2004-05-01,West Virginia,state,month,10,false,NVSS final,D77,2026-09-26 16:26:29
2004,2004-06-01,Florida,state,month,10,false,NVSS final,D77,2026-09-26 16:26:29
2004,2004-06-01,North Carolina,state,month,10,false,NVSS final,D77,2026-09-26 16:26:29
2004,2004-06-01,Texas,state,month,10,false,NVSS final,D77,2026-09-26 16:26:29
2004,2004-06-01,United States,nation,month,126,false,NVSS final,D77,2026-09-26 16:26:29
2004,2004-07-01,California,state,month,20,false,NVSS final,D77,2026-09-26 16:26:29
2004,2004-07-01,Florida,state,month,10,false,NVSS final,D77,2026-09-26 16:26:29
2004,2004-07-01,North Carolina,state,month,13,false,NVSS final,D77,2026-09-26 16:26:29
2004,2004-07-01,Ohio,state,month,12,false,NVSS final,D77,2026-09-26 16:26:29
2004,2004-07-01,United States,nation,month,154,false,NVSS final,D77,2026-09-26 16:26:29
2004,2004-08-01,North Carolina,state,month,14,false,NVSS final,D77,2026-09-26 16:26:29
2004,2004-08-01,United States,nation,month,118,false,NVSS final,D77,2026-09-26 16:26:29
2004,2004-09-01,California,state,month,14,false,NVSS final,D77,2026-09-26 16:26:29
2004,2004-09-01,Florida,state,month,13,false,NVSS final,D77,2026-09-26 16:26:29
2004,2004-09-01,Pennsylvania,state,month,11,false,NVSS final,D77,2026-09-26 16:26:29
2004,2004-09-01,United States,nation,month,134,false,NVSS final,D77,2026-09-26 16:26:29
2004,2004-10-01,California,state,month,10,false,NVSS final,D77,2026-09-26 16:26:29
2004,2004-10-01,North Carolina,state,month,14,false,NVSS final,D77,2026-09-26 16:26:29
2004,2004-10-01,Ohio,state,month,10,false,NVSS final,D77,2026-09-26 16:26:29
2004,2004-10-01,Pennsylvania,state,month,10,false,NVSS final,D77,2026-09-26 16:26:29
2004,2004-10-01,United States,nation,month,156,false,NVSS final,D77,2026-09-26 16:26:29
2004,2004-11-01,California,state,month,12,false,NVSS final,D77,2026-09-26 16:26:29
2004,2004-11-01,Florida,state,month,13,false,NVSS final,D77,2026-09-26 16:26:29
2004,2004-11-01,United States,nation,month,122,false,NVSS final,D77,2026-09-26 16:26:29
2004,2004-12-01,California,state,month,12,false,NVSS final,D77,2026-09-26 16:26:29
2004,2004-12-01,North Carolina,state,month,12,false,NVSS final,D77,2026-09-26 16:26:29
2004,2004-12-01,Pennsylvania,state,month,10,false,NVSS final,D77,2026-09-26 16:26:29
2004,2004-12-01,United States,nation,month,140,false,NVSS final,D77,2026-09-26 16:26:29
2005,2005-01-01,Florida,state,month,16,false,NVSS final,D77,2026-09-26 16:26:29
2005,2005-01-01,North Carolina,state,month,13,false,NVSS final,D77,2026-09-26 16:26:29
2005,2005-01-01,Ohio,state,month,10,false,NVSS final,D77,2026-09-26 16:26:29
2005,2005-01-01,United States,nation,month,145,false,NVSS final,D77,2026-09-26 16:26:29
2005,2005-02-01,Florida,state,month,13,false,NVSS final,D77,2026-09-26 16:26:29
2005,2005-02-01,Michigan,state,month,10,false,NVSS final,D77,2026-09-26 16:26:29
2005,2005-02-01,North Carolina,state,month,11,false,NVSS final,D77,2026-09-26 16:26:29
2005,2005-02-01,Texas,state,month,10,false,NVSS final,D77,2026-09-26 16:26:29
2005,2005-02-01,United States,nation,month,169,false,NVSS final,D77,2026-09-26 16:26:29
2005,2005-02-01,West Virginia,state,month,11,false,NVSS final,D77,2026-09-26 16:26:29
2005,2005-03-01,California,state,month,15,false,NVSS final,D77,2026-09-26 16:26:29
2005,2005-03-01,Florida,state,month,10,false,NVSS final,D77,2026-09-26 16:26:29
2005,2005-03-01,North Carolina,state,month,15,false,NVSS final,D77,2026-09-26 16:26:29
2005,2005-03-01,Ohio,state,month,10,false,NVSS final,D77,2026-09-26 16:26:29
2005,2005-03-01,Texas,state,month,11,false,NVSS final,D77,2026-09-26 16:26:29
2005,2005-03-01,United States,nation,month,170,false,NVSS final,D77,2026-09-26 16:26:29
2005,2005-04-01,North Carolina,state,month,11,false,NVSS final,D77,2026-09-26 16:26:29
2005,2005-04-01,United States,nation,month,142,false,NVSS final,D77,2026-09-26 16:26:29
2005,2005-05-01,California,state,month,10,false,NVSS final,D77,2026-09-26 16:26:29
2005,2005-05-01,United States,nation,month,139,false,NVSS final,D77,2026-09-26 16:26:29
2005,2005-06-01,California,state,month,10,false,NVSS final,D77,2026-09-26 16:26:29
2005,2005-06-01,Florida,state,month,12,false,NVSS final,D77,2026-09-26 16:26:29
2005,2005-06-01,North Carolina,state,month,12,false,NVSS final,D77,2026-09-26 16:26:29
2005,2005-06-01,Texas,state,month,15,false,NVSS final,D77,2026-09-26 16:26:29
2005,2005-06-01,United States,nation,month,132,false,NVSS final,D77,2026-09-26 16:26:29
2005,2005-07-01,California,state,month,10,false,NVSS final,D77,2026-09-26 16:26:29
2005,2005-07-01,Florida,state,month,17,false,NVSS final,D77,2026-09-26 16:26:29
2005,2005-07-01,United States,nation,month,117,false,NVSS final,D77,2026-09-26 16:26:29
2005,2005-08-01,Florida,state,month,11,false,NVSS final,D77,2026-09-26 16:26:29
2005,2005-08-01,Ohio,state,month,11,false,NVSS final,D77,2026-09-26 16:26:29
2005,2005-08-01,United States,nation,month,119,false,NVSS final,D77,2026-09-26 16:26:29
2005,2005-09-01,California,state,month,15,false,NVSS final,D77,2026-09-26 16:26:29
2005,2005-09-01,Florida,state,month,10,false,NVSS final,D77,2026-09-26 16:26:29
2005,2005-09-01,Ohio,state,month,11,false,NVSS final,D77,2026-09-26 16:26:29
2005,2005-09-01,United States,nation,month,143,false,NVSS final,D77,2026-09-26 16:26:29
2005,2005-10-01,California,state,month,13,false,NVSS final,D77,2026-09-26 16:26:29
2005,2005-10-01,Florida,state,month,15,false,NVSS final,D77,2026-09-26 16:26:29
2005,2005-10-01,North Carolina,state,month,12,false,NVSS final,D77,2026-09-26 16:26:29
2005,2005-10-01,Tennessee,state,month,10,false,NVSS final,D77,2026-09-26 16:26:29
2005,2005-10-01,United States,nation,month,146,false,NVSS final,D77,2026-09-26 16:26:29
2005,2005-11-01,Florida,state,month,10,false,NVSS final,D77,2026-09-26 16:26:29
2005,2005-11-01,Michigan,state,month,16,false,NVSS final,D77,2026-09-26 16:26:29
2005,2005-11-01,North Carolina,state,month,11,false,NVSS final,D77,2026-09-26 16:26:29
2005,2005-11-01,Ohio,state,month,14,false,NVSS final,D77,2026-09-26 16:26:29
2005,2005-11-01,United States,nation,month,149,false,NVSS final,D77,2026-09-26 16:26:29
2005,2005-12-01,California,state,month,13,false,NVSS final,D77,2026-09-26 16:26:29
2005,2005-12-01,Florida,state,month,15,false,NVSS final,D77,2026-09-26 16:26:29
2005,2005-12-01,Michigan,state,month,16,false,NVSS final,D77,2026-09-26 16:26:29
2005,2005-12-01,Pennsylvania,state,month,12,false,NVSS final,D77,2026-09-26 16:26:29
2005,2005-12-01,United States,nation,month,171,false,NVSS final,D77,2026-09-26 16:26:29
2006,2006-01-01,California,state,month,10,false,NVSS final,D77,2026-09-26 16:26:29
2006,2006-01-01,Illinois,state,month,14,false,NVSS final,D77,2026-09-26 16:26:29
2006,2006-01-01,Michigan,state,month,16,false,NVSS final,D77,2026-09-26 16:26:29
2006,2006-01-01,North Carolina,state,month,12,false,NVSS final,D77,2026-09-26 16:26:29
2006,2006-01-01,United States,nation,month,166,false,NVSS final,D77,2026-09-26 16:26:29
2006,2006-02-01,California,state,month,11,false,NVSS final,D77,2026-09-26 16:26:29
2006,2006-02-01,Florida,state,month,13,false,NVSS final,D77,2026-09-26 16:26:29
2006,2006-02-01,Illinois,state,month,15,false,NVSS final,D77,2026-09-26 16:26:29
2006,2006-02-01,Michigan,state,month,16,false,NVSS final,D77,2026-09-26 16:26:29
2006,2006-02-01,Pennsylvania,state,month,10,false,NVSS final,D77,2026-09-26 16:26:29
2006,2006-02-01,Texas,state,month,12,false,NVSS final,D77,2026-09-26 16:26:29
2006,2006-02-01,United States,nation,month,182,false,NVSS final,D77,2026-09-26 16:26:29
2006,2006-03-01,California,state,month,18,false,NVSS final,D77,2026-09-26 16:26:29
2006,2006-03-01,Illinois,state,month,18,false,NVSS final,D77,2026-09-26 16:26:29
2006,2006-03-01,Michigan,state,month,18,false,NVSS final,D77,2026-09-26 16:26:29
2006,2006-03-01,New York,state,month,13,false,NVSS final,D77,2026-09-26 16:26:29
2006,2006-03-01,North Carolina,state,month,14,false,NVSS final,D77,2026-09-26 16:26:29
2006,2006-03-01,Ohio,state,month,11,false,NVSS final,D77,2026-09-26 16:26:29
2006,2006-03-01,United States,nation,month,200,false,NVSS final,D77,2026-09-26 16:26:29
2006,2006-04-01,California,state,month,14,false,NVSS final,D77,2026-09-26 16:26:29
2006,2006-04-01,Florida,state,month,10,false,NVSS final,D77,2026-09-26 16:26:29
2006,2006-04-01,Illinois,state,month,25,false,NVSS final,D77,2026-09-26 16:26:29
2006,2006-04-01,Michigan,state,month,11,false,NVSS final,D77,2026-09-26 16:26:29
2006,2006-04-01,Ohio,state,month,11,false,NVSS final,D77,2026-09-26 16:26:29
2006,2006-04-01,Texas,state,month,14,false,NVSS final,D77,2026-09-26 16:26:29
2006,2006-04-01,United States,nation,month,205,false,NVSS final,D77,2026-09-26 16:26:29
2006,2006-05-01,Illinois,state,month,49,false,NVSS final,D77,2026-09-26 16:26:29
2006,2006-05-01,Michigan,state,month,32,false,NVSS final,D77,2026-09-26 16:26:29
2006,2006-05-01,Missouri,state,month,25,false,NVSS final,D77,2026-09-26 16:26:29
2006,2006-05-01,New York,state,month,11,false,NVSS final,D77,2026-09-26 16:26:29
2006,2006-05-01,North Carolina,state,month,11,false,NVSS final,D77,2026-09-26 16:26:29
2006,2006-05-01,Ohio,state,month,12,false,NVSS final,D77,2026-09-26 16:26:29
2006,2006-05-01,Texas,state,month,13,false,NVSS final,D77,2026-09-26 16:26:29
2006,2006-05-01,United States,nation,month,277,false,NVSS final,D77,2026-09-26 16:26:29
2006,2006-06-01,California,state,month,16,false,NVSS final,D77,2026-09-26 16:26:29
2006,2006-06-01,Florida,state,month,17,false,NVSS final,D77,2026-09-26 16:26:29
2006,2006-06-01,Illinois,state,month,53,false,NVSS final,D77,2026-09-26 16:26:29
2006,2006-06-01,Massachusetts,state,month,10,false,NVSS final,D77,2026-09-26 16:26:29
2006,2006-06-01,Michigan,state,month,26,false,NVSS final,D77,2026-09-26 16:26:29
2006,2006-06-01,Missouri,state,month,22,false,NVSS final,D77,2026-09-26 16:26:29
2006,2006-06-01,New York,state,month,16,false,NVSS final,D77,2026-09-26 16:26:29
2006,2006-06-01,Ohio,state,month,14,false,NVSS final,D77,2026-09-26 16:26:29
2006,2006-06-01,Pennsylvania,state,month,18,false,NVSS final,D77,2026-09-26 16:26:29
2006,2006-06-01,United States,nation,month,274,false,NVSS final,D77,2026-09-26 16:26:29
2006,2006-07-01,Florida,state,month,14,false,NVSS final,D77,2026-09-26 16:26:29
2006,2006-07-01,Illinois,state,month,40,false,NVSS final,D77,2026-09-26 16:26:29
2006,2006-07-01,Massachusetts,state,month,13,false,NVSS final,D77,2026-09-26 16:26:29
2006,2006-07-01,Missouri,state,month,20,false,NVSS final,D77,2026-09-26 16:26:29
2006,2006-07-01,New York,state,month,20,false,NVSS final,D77,2026-09-26 16:26:29
2006,2006-07-01,Ohio,state,month,16,false,NVSS final,D77,2026-09-26 16:26:29
2006,2006-07-01,Pennsylvania,state,month,10,false,NVSS final,D77,2026-09-26 16:26:29
2006,2006-07-01,United States,nation,month,278,false,NVSS final,D77,2026-09-26 16:26:29
2006,2006-08-01,California,state,month,16,false,NVSS final,D77,2026-09-26 16:26:29
2006,2006-08-01,Florida,state,month,12,false,NVSS final,D77,2026-09-26 16:26:29
2006,2006-08-01,Illinois,state,month,33,false,NVSS final,D77,2026-09-26 16:26:29
2006,2006-08-01,Maryland,state,month,10,false,NVSS final,D77,2026-09-26 16:26:29
2006,2006-08-01,New York,state,month,11,false,NVSS final,D77,2026-09-26 16:26:29
2006,2006-08-01,North Carolina,state,month,13,false,NVSS final,D77,2026-09-26 16:26:29
2006,2006-08-01,Texas,state,month,15,false,NVSS final,D77,2026-09-26 16:26:29
2006,2006-08-01,United States,nation,month,240,false,NVSS final,D77,2026-09-26 16:26:29
2006,2006-09-01,Illinois,state,month,35,false,NVSS final,D77,2026-09-26 16:26:29
2006,2006-09-01,Massachusetts,state,month,11,false,NVSS final,D77,2026-09-26 16:26:29
2006,2006-09-01,Michigan,state,month,11,false,NVSS final,D77,2026-09-26 16:26:29
2006,2006-09-01,Missouri,state,month,11,false,NVSS final,D77,2026-09-26 16:26:29
2006,2006-09-01,New York,state,month,13,false,NVSS final,D77,2026-09-26 16:26:29
2006,2006-09-01,Pennsylvania,state,month,10,false,NVSS final,D77,2026-09-26 16:26:29
2006,2006-09-01,United States,nation,month,227,false,NVSS final,D77,2026-09-26 16:26:29
2006,2006-10-01,California,state,month,15,false,NVSS final,D77,2026-09-26 16:26:29
2006,2006-10-01,Illinois,state,month,44,false,NVSS final,D77,2026-09-26 16:26:29
2006,2006-10-01,Kentucky,state,month,10,false,NVSS final,D77,2026-09-26 16:26:29
2006,2006-10-01,Michigan,state,month,25,false,NVSS final,D77,2026-09-26 16:26:29
2006,2006-10-01,Missouri,state,month,10,false,NVSS final,D77,2026-09-26 16:26:29
2006,2006-10-01,New York,state,month,13,false,NVSS final,D77,2026-09-26 16:26:29
2006,2006-10-01,Ohio,state,month,12,false,NVSS final,D77,2026-09-26 16:26:29
2006,2006-10-01,United States,nation,month,249,false,NVSS final,D77,2026-09-26 16:26:29
2006,2006-11-01,California,state,month,15,false,NVSS final,D77,2026-09-26 16:26:29
2006,2006-11-01,Florida,state,month,18,false,NVSS final,D77,2026-09-26 16:26:29
2006,2006-11-01,Illinois,state,month,30,false,NVSS final,D77,2026-09-26 16:26:29
2006,2006-11-01,Massachusetts,state,month,14,false,NVSS final,D77,2026-09-26 16:26:29
2006,2006-11-01,Michigan,state,month,23,false,NVSS final,D77,2026-09-26 16:26:29
2006,2006-11-01,North Carolina,state,month,10,false,NVSS final,D77,2026-09-26 16:26:29
2006,2006-11-01,Ohio,state,month,10,false,NVSS final,D77,2026-09-26 16:26:29
2006,2006-11-01,United States,nation,month,219,false,NVSS final,D77,2026-09-26 16:26:29
2006,2006-12-01,California,state,month,13,false,NVSS final,D77,2026-09-26 16:26:29
2006,2006-12-01,Illinois,state,month,19,false,NVSS final,D77,2026-09-26 16:26:29
2006,2006-12-01,Missouri,state,month,12,false,NVSS final,D77,2026-09-26 16:26:29
2006,2006-12-01,New York,state,month,11,false,NVSS final,D77,2026-09-26 16:26:29
2006,2006-12-01,Ohio,state,month,14,false,NVSS final,D77,2026-09-26 16:26:29
2006,2006-12-01,United States,nation,month,190,false,NVSS final,D77,2026-09-26 16:26:29
2007,2007-01-01,California,state,month,12,false,NVSS final,D77,2026-09-26 16:26:29
2007,2007-01-01,Florida,state,month,10,false,NVSS final,D77,2026-09-26 16:26:29
2007,2007-01-01,Illinois,state,month,12,false,NVSS final,D77,2026-09-26 16:26:29
2007,2007-01-01,Michigan,state,month,10,false,NVSS final,D77,2026-09-26 16:26:29
2007,2007-01-01,New York,state,month,11,false,NVSS final,D77,2026-09-26 16:26:29
2007,2007-01-01,Ohio,state,month,14,false,NVSS final,D77,2026-09-26 16:26:29
2007,2007-01-01,United States,nation,month,193,false,NVSS final,D77,2026-09-26 16:26:29
2007,2007-02-01,California,state,month,10,false,NVSS final,D77,2026-09-26 16:26:29
2007,2007-02-01,Florida,state,month,12,false,NVSS final,D77,2026-09-26 16:26:29
2007,2007-02-01,Massachusetts,state,month,11,false,NVSS final,D77,2026-09-26 16:26:29
2007,2007-02-01,New York,state,month,12,false,NVSS final,D77,2026-09-26 16:26:29
2007,2007-02-01,Ohio,state,month,10,false,NVSS final,D77,2026-09-26 16:26:29
2007,2007-02-01,Pennsylvania,state,month,12,false,NVSS final,D77,2026-09-26 16:26:29
2007,2007-02-01,Texas,state,month,10,false,NVSS final,D77,2026-09-26 16:26:29
2007,2007-02-01,United States,nation,month,187,false,NVSS final,D77,2026-09-26 16:26:29
2007,2007-03-01,California,state,month,14,false,NVSS final,D77,2026-09-26 16:26:29
2007,2007-03-01,Colorado,state,month,10,false,NVSS final,D77,2026-09-26 16:26:29
2007,2007-03-01,Florida,state,month,12,false,NVSS final,D77,2026-09-26 16:26:29
2007,2007-03-01,New York,state,month,10,false,NVSS final,D77,2026-09-26 16:26:29
2007,2007-03-01,North Carolina,state,month,11,false,NVSS final,D77,2026-09-26 16:26:29
2007,2007-03-01,Ohio,state,month,12,false,NVSS final,D77,2026-09-26 16:26:29
2007,2007-03-01,Texas,state,month,11,false,NVSS final,D77,2026-09-26 16:26:29
2007,2007-03-01,United States,nation,month,200,false,NVSS final,D77,2026-09-26 16:26:29
2007,2007-04-01,Florida,state,month,12,false,NVSS final,D77,2026-09-26 16:26:29
2007,2007-04-01,Illinois,state,month,11,false,NVSS final,D77,2026-09-26 16:26:29
2007,2007-04-01,Massachusetts,state,month,13,false,NVSS final,D77,2026-09-26 16:26:29
2007,2007-04-01,Pennsylvania,state,month,10,false,NVSS final,D77,2026-09-26 16:26:29
2007,2007-04-01,Tennessee,state,month,11,false,NVSS final,D77,2026-09-26 16:26:29
2007,2007-04-01,Texas,state,month,10,false,NVSS final,D77,2026-09-26 16:26:29
2007,2007-04-01,United States,nation,month,182,false,NVSS final,D77,2026-09-26 16:26:29
2007,2007-05-01,California,state,month,10,false,NVSS final,D77,2026-09-26 16:26:29
2007,2007-05-01,Florida,state,month,17,false,NVSS final,D77,2026-09-26 16:26:29
2007,2007-05-01,Ohio,state,month,10,false,NVSS final,D77,2026-09-26 16:26:29
2007,2007-05-01,Pennsylvania,state,month,10,false,NVSS final,D77,2026-09-26 16:26:29
2007,2007-05-01,United States,nation,month,194,false,NVSS final,D77,2026-09-26 16:26:29
2007,2007-06-01,California,state,month,17,false,NVSS final,D77,2026-09-26 16:26:29
2007,2007-06-01,United States,nation,month,170,false,NVSS final,D77,2026-09-26 16:26:29
2007,2007-07-01,Michigan,state,month,10,false,NVSS final,D77,2026-09-26 16:26:29
2007,2007-07-01,New York,state,month,17,false,NVSS final,D77,2026-09-26 16:26:29
2007,2007-07-01,North Carolina,state,month,13,false,NVSS final,D77,2026-09-26 16:26:29
2007,2007-07-01,Texas,state,month,10,false,NVSS final,D77,2026-09-26 16:26:29
2007,2007-07-01,United States,nation,month,181,false,NVSS final,D77,2026-09-26 16:26:29
2007,2007-08-01,California,state,month,10,false,NVSS final,D77,2026-09-26 16:26:29
2007,2007-08-01,Florida,state,month,18,false,NVSS final,D77,2026-09-26 16:26:29
2007,2007-08-01,North Carolina,state,month,13,false,NVSS final,D77,2026-09-26 16:26:29
2007,2007-08-01,Pennsylvania,state,month,10,false,NVSS final,D77,2026-09-26 16:26:29
2007,2007-08-01,United States,nation,month,169,false,NVSS final,D77,2026-09-26 16:26:29
2007,2007-08-01,West Virginia,state,month,10,false,NVSS final,D77,2026-09-26 16:26:29
2007,2007-09-01,California,state,month,12,false,NVSS final,D77,2026-09-26 16:26:29
2007,2007-09-01,Florida,state,month,11,false,NVSS final,D77,2026-09-26 16:26:29
2007,2007-09-01,New York,state,month,10,false,NVSS final,D77,2026-09-26 16:26:29
2007,2007-09-01,Texas,state,month,11,false,NVSS final,D77,2026-09-26 16:26:29
2007,2007-09-01,United States,nation,month,175,false,NVSS final,D77,2026-09-26 16:26:29
2007,2007-10-01,California,state,month,10,false,NVSS final,D77,2026-09-26 16:26:29
2007,2007-10-01,Ohio,state,month,12,false,NVSS final,D77,2026-09-26 16:26:29
2007,2007-10-01,Texas,state,month,12,false,NVSS final,D77,2026-09-26 16:26:29
2007,2007-10-01,United States,nation,month,176,false,NVSS final,D77,2026-09-26 16:26:29
2007,2007-10-01,West Virginia,state,month,11,false,NVSS final,D77,2026-09-26 16:26:29
2007,2007-11-01,California,state,month,17,false,NVSS final,D77,2026-09-26 16:26:29
2007,2007-11-01,Georgia,state,month,10,false,NVSS final,D77,2026-09-26 16:26:29
2007,2007-11-01,Illinois,state,month,12,false,NVSS final,D77,2026-09-26 16:26:29
2007,2007-11-01,North Carolina,state,month,15,false,NVSS final,D77,2026-09-26 16:26:29
2007,2007-11-01,Texas,state,month,11,false,NVSS final,D77,2026-09-26 16:26:29
2007,2007-11-01,United States,nation,month,193,false,NVSS final,D77,2026-09-26 16:26:29
2007,2007-12-01,California,state,month,10,false,NVSS final,D77,2026-09-26 16:26:29
2007,2007-12-01,Florida,state,month,17,false,NVSS final,D77,2026-09-26 16:26:29
2007,2007-12-01,Illinois,state,month,12,false,NVSS final,D77,2026-09-26 16:26:29
2007,2007-12-01,North Carolina,state,month,11,false,NVSS final,D77,2026-09-26 16:26:29
2007,2007-12-01,Texas,state,month,13,false,NVSS final,D77,2026-09-26 16:26:29
2007,2007-12-01,United States,nation,month,193,false,NVSS final,D77,2026-09-26 16:26:29
2007,2007-12-01,West Virginia,state,month,10,false,NVSS final,D77,2026-09-26 16:26:29
2008,2008-01-01,California,state,month,17,false,NVSS final,D77,2026-09-26 16:26:29
2008,2008-01-01,Florida,state,month,14,false,NVSS final,D77,2026-09-26 16:26:29
2008,2008-01-01,Missouri,state,month,10,false,NVSS final,D77,2026-09-26 16:26:29
2008,2008-01-01,New York,state,month,13,false,NVSS final,D77,2026-09-26 16:26:29
2008,2008-01-01,North Carolina,state,month,11,false,NVSS final,D77,2026-09-26 16:26:29
2008,2008-01-01,United States,nation,month,198,false,NVSS final,D77,2026-09-26 16:26:29
2008,2008-02-01,California,state,month,14,false,NVSS final,D77,2026-09-26 16:26:29
2008,2008-02-01,Florida,state,month,10,false,NVSS final,D77,2026-09-26 16:26:29
2008,2008-02-01,New York,state,month,12,false,NVSS final,D77,2026-09-26 16:26:29
2008,2008-02-01,United States,nation,month,186,false,NVSS final,D77,2026-09-26 16:26:29
2008,2008-03-01,California,state,month,13,false,NVSS final,D77,2026-09-26 16:26:29
2008,2008-03-01,Massachusetts,state,month,11,false,NVSS final,D77,2026-09-26 16:26:29
2008,2008-03-01,Ohio,state,month,10,false,NVSS final,D77,2026-09-26 16:26:29
2008,2008-03-01,Texas,state,month,12,false,NVSS final,D77,2026-09-26 16:26:29
2008,2008-03-01,United States,nation,month,206,false,NVSS final,D77,2026-09-26 16:26:29
2008,2008-03-01,Virginia,state,month,11,false,NVSS final,D77,2026-09-26 16:26:29
2008,2008-03-01,West Virginia,state,month,13,false,NVSS final,D77,2026-09-26 16:26:29
2008,2008-04-01,California,state,month,10,false,NVSS final,D77,2026-09-26 16:26:29
2008,2008-04-01,Florida,state,month,12,false,NVSS final,D77,2026-09-26 16:26:29
2008,2008-04-01,North Carolina,state,month,11,false,NVSS final,D77,2026-09-26 16:26:29
2008,2008-04-01,Tennessee,state,month,15,false,NVSS final,D77,2026-09-26 16:26:29
2008,2008-04-01,United States,nation,month,183,false,NVSS final,D77,2026-09-26 16:26:29
2008,2008-05-01,California,state,month,14,false,NVSS final,D77,2026-09-26 16:26:29
2008,2008-05-01,Florida,state,month,15,false,NVSS final,D77,2026-09-26 16:26:29
2008,2008-05-01,Kentucky,state,month,11,false,NVSS final,D77,2026-09-26 16:26:29
2008,2008-05-01,New York,state,month,11,false,NVSS final,D77,2026-09-26 16:26:29
2008,2008-05-01,North Carolina,state,month,11,false,NVSS final,D77,2026-09-26 16:26:29
2008,2008-05-01,Ohio,state,month,12,false,NVSS final,D77,2026-09-26 16:26:29
2008,2008-05-01,United States,nation,month,207,false,NVSS final,D77,2026-09-26 16:26:29
2008,2008-05-01,Wisconsin,state,month,10,false,NVSS final,D77,2026-09-26 16:26:29
2008,2008-06-01,California,state,month,10,false,NVSS final,D77,2026-09-26 16:26:29
2008,2008-06-01,Florida,state,month,17,false,NVSS final,D77,2026-09-26 16:26:29
2008,2008-06-01,United States,nation,month,188,false,NVSS final,D77,2026-09-26 16:26:29
2008,2008-07-01,California,state,month,14,false,NVSS final,D77,2026-09-26 16:26:29
2008,2008-07-01,Florida,state,month,10,false,NVSS final,D77,2026-09-26 16:26:29
2008,2008-07-01,Illinois,state,month,10,false,NVSS final,D77,2026-09-26 16:26:29
2008,2008-07-01,New York,state,month,10,false,NVSS final,D77,2026-09-26 16:26:29
2008,2008-07-01,North Carolina,state,month,11,false,NVSS final,D77,2026-09-26 16:26:29
2008,2008-07-01,Ohio,state,month,10,false,NVSS final,D77,2026-09-26 16:26:29
2008,2008-07-01,United States,nation,month,196,false,NVSS final,D77,2026-09-26 16:26:29
2008,2008-07-01,Virginia,state,month,11,false,NVSS final,D77,2026-09-26 16:26:29
2008,2008-08-01,California,state,month,11,false,NVSS final,D77,2026-09-26 16:26:29
2008,2008-08-01,Florida,state,month,13,false,NVSS final,D77,2026-09-26 16:26:29
2008,2008-08-01,Illinois,state,month,12,false,NVSS final,D77,2026-09-26 16:26:29
2008,2008-08-01,New York,state,month,10,false,NVSS final,D77,2026-09-26 16:26:29
2008,2008-08-01,North Carolina,state,month,12,false,NVSS final,D77,2026-09-26 16:26:29
2008,2008-08-01,Ohio,state,month,11,false,NVSS final,D77,2026-09-26 16:26:29
2008,2008-08-01,Texas,state,month,13,false,NVSS final,D77,2026-09-26 16:26:29
2008,2008-08-01,United States,nation,month,180,false,NVSS final,D77,2026-09-26 16:26:29
2008,2008-09-01,California,state,month,13,false,NVSS final,D77,2026-09-26 16:26:29
2008,2008-09-01,Florida,state,month,12,false,NVSS final,D77,2026-09-26 16:26:29
2008,2008-09-01,North Carolina,state,month,15,false,NVSS final,D77,2026-09-26 16:26:29
2008,2008-09-01,United States,nation,month,182,false,NVSS final,D77,2026-09-26 16:26:29
2008,2008-10-01,California,state,month,13,false,NVSS final,D77,2026-09-26 16:26:29
2008,2008-10-01,New York,state,month,11,false,NVSS final,D77,2026-09-26 16:26:29
2008,2008-10-01,North Carolina,state,month,15,false,NVSS final,D77,2026-09-26 16:26:29
2008,2008-10-01,Pennsylvania,state,month,16,false,NVSS final,D77,2026-09-26 16:26:29
2008,2008-10-01,United States,nation,month,185,false,NVSS final,D77,2026-09-26 16:26:29
2008,2008-11-01,Florida,state,month,10,false,NVSS final,D77,2026-09-26 16:26:29
2008,2008-11-01,Ohio,state,month,10,false,NVSS final,D77,2026-09-26 16:26:29
2008,2008-11-01,Tennessee,state,month,14,false,NVSS final,D77,2026-09-26 16:26:29
2008,2008-11-01,United States,nation,month,190,false,NVSS final,D77,2026-09-26 16:26:29
2008,2008-12-01,California,state,month,17,false,NVSS final,D77,2026-09-26 16:26:29
2008,2008-12-01,New York,state,month,16,false,NVSS final,D77,2026-09-26 16:26:29
2008,2008-12-01,North Carolina,state,month,10,false,NVSS final,D77,2026-09-26 16:26:29
2008,2008-12-01,Ohio,state,month,11,false,NVSS final,D77,2026-09-26 16:26:29
2008,2008-12-01,Pennsylvania,state,month,10,false,NVSS final,D77,2026-09-26 16:26:29
2008,2008-12-01,United States,nation,month,205,false,NVSS final,D77,2026-09-26 16:26:29
2008,2008-12-01,West Virginia,state,month,10,false,NVSS final,D77,2026-09-26 16:26:29
2009,2009-01-01,California,state,month,26,false,NVSS final,D77,2026-09-26 16:26:29
2009,2009-01-01,Florida,state,month,10,false,NVSS final,D77,2026-09-26 16:26:29
2009,2009-01-01,Georgia,state,month,11,false,NVSS final,D77,2026-09-26 16:26:29
2009,2009-01-01,Illinois,state,month,12,false,NVSS final,D77,2026-09-26 16:26:29
2009,2009-01-01,Michigan,state,month,10,false,NVSS final,D77,2026-09-26 16:26:29
2009,2009-01-01,New York,state,month,10,false,NVSS final,D77,2026-09-26 16:26:29
2009,2009-01-01,North Carolina,state,month,20,false,NVSS final,D77,2026-09-26 16:26:29
2009,2009-01-01,Oklahoma,state,month,17,false,NVSS final,D77,2026-09-26 16:26:29
2009,2009-01-01,Pennsylvania,state,month,16,false,NVSS final,D77,2026-09-26 16:26:29
2009,2009-01-01,Texas,state,month,18,false,NVSS final,D77,2026-09-26 16:26:29
2009,2009-01-01,United States,nation,month,272,false,NVSS final,D77,2026-09-26 16:26:29
2009,2009-02-01,California,state,month,18,false,NVSS final,D77,2026-09-26 16:26:29
2009,2009-02-01,Florida,state,month,14,false,NVSS final,D77,2026-09-26 16:26:29
2009,2009-02-01,Illinois,state,month,12,false,NVSS final,D77,2026-09-26 16:26:29
2009,2009-02-01,Missouri,state,month,10,false,NVSS final,D77,2026-09-26 16:26:29
2009,2009-02-01,New York,state,month,15,false,NVSS final,D77,2026-09-26 16:26:29
2009,2009-02-01,North Carolina,state,month,16,false,NVSS final,D77,2026-09-26 16:26:29
2009,2009-02-01,Oklahoma,state,month,12,false,NVSS final,D77,2026-09-26 16:26:29
2009,2009-02-01,Pennsylvania,state,month,11,false,NVSS final,D77,2026-09-26 16:26:29
2009,2009-02-01,Texas,state,month,13,false,NVSS final,D77,2026-09-26 16:26:29
2009,2009-02-01,United States,nation,month,243,false,NVSS final,D77,2026-09-26 16:26:29
2009,2009-02-01,Wisconsin,state,month,16,false,NVSS final,D77,2026-09-26 16:26:29
2009,2009-03-01,California,state,month,22,false,NVSS final,D77,2026-09-26 16:26:29
2009,2009-03-01,Florida,state,month,12,false,NVSS final,D77,2026-09-26 16:26:29
2009,2009-03-01,Illinois,state,month,12,false,NVSS final,D77,2026-09-26 16:26:29
2009,2009-03-01,Kentucky,state,month,10,false,NVSS final,D77,2026-09-26 16:26:29
2009,2009-03-01,Michigan,state,month,10,false,NVSS final,D77,2026-09-26 16:26:29
2009,2009-03-01,New York,state,month,15,false,NVSS final,D77,2026-09-26 16:26:29
2009,2009-03-01,North Carolina,state,month,16,false,NVSS final,D77,2026-09-26 16:26:29
2009,2009-03-01,Oklahoma,state,month,13,false,NVSS final,D77,2026-09-26 16:26:29
2009,2009-03-01,Texas,state,month,21,false,NVSS final,D77,2026-09-26 16:26:29
2009,2009-03-01,United States,nation,month,275,false,NVSS final,D77,2026-09-26 16:26:29
2009,2009-04-01,California,state,month,21,false,NVSS final,D77,2026-09-26 16:26:29
2009,2009-04-01,Florida,state,month,17,false,NVSS final,D77,2026-09-26 16:26:29
2009,2009-04-01,Michigan,state,month,13,false,NVSS final,D77,2026-09-26 16:26:29
2009,2009-04-01,New York,state,month,18,false,NVSS final,D77,2026-09-26 16:26:29
2009,2009-04-01,Oklahoma,state,month,15,false,NVSS final,D77,2026-09-26 16:26:29
2009,2009-04-01,Tennessee,state,month,14,false,NVSS final,D77,2026-09-26 16:26:29
2009,2009-04-01,United States,nation,month,242,false,NVSS final,D77,2026-09-26 16:26:29
2009,2009-05-01,California,state,month,12,false,NVSS final,D77,2026-09-26 16:26:29
2009,2009-05-01,Florida,state,month,13,false,NVSS final,D77,2026-09-26 16:26:29
2009,2009-05-01,Missouri,state,month,10,false,NVSS final,D77,2026-09-26 16:26:29
2009,2009-05-01,New York,state,month,18,false,NVSS final,D77,2026-09-26 16:26:29
2009,2009-05-01,North Carolina,state,month,21,false,NVSS final,D77,2026-09-26 16:26:29
2009,2009-05-01,Ohio,state,month,12,false,NVSS final,D77,2026-09-26 16:26:29
2009,2009-05-01,Oklahoma,state,month,18,false,NVSS final,D77,2026-09-26 16:26:29
2009,2009-05-01,Texas,state,month,12,false,NVSS final,D77,2026-09-26 16:26:29
2009,2009-05-01,United States,nation,month,257,false,NVSS final,D77,2026-09-26 16:26:29
2009,2009-05-01,Utah,state,month,10,false,NVSS final,D77,2026-09-26 16:26:29
2009,2009-05-01,Virginia,state,month,11,false,NVSS final,D77,2026-09-26 16:26:29
2009,2009-06-01,California,state,month,21,false,NVSS final,D77,2026-09-26 16:26:29
2009,2009-06-01,Florida,state,month,18,false,NVSS final,D77,2026-09-26 16:26:29
2009,2009-06-01,New York,state,month,12,false,NVSS final,D77,2026-09-26 16:26:29
2009,2009-06-01,North Carolina,state,month,13,false,NVSS final,D77,2026-09-26 16:26:29
2009,2009-06-01,Oklahoma,state,month,13,false,NVSS final,D77,2026-09-26 16:26:29
2009,2009-06-01,Texas,state,month,14,false,NVSS final,D77,2026-09-26 16:26:29
2009,2009-06-01,United States,nation,month,216,false,NVSS final,D77,2026-09-26 16:26:29
2009,2009-07-01,Florida,state,month,16,false,NVSS final,D77,2026-09-26 16:26:29
2009,2009-07-01,Michigan,state,month,11,false,NVSS final,D77,2026-09-26 16:26:29
2009,2009-07-01,New York,state,month,20,false,NVSS final,D77,2026-09-26 16:26:29
2009,2009-07-01,North Carolina,state,month,12,false,NVSS final,D77,2026-09-26 16:26:29
2009,2009-07-01,Oklahoma,state,month,13,false,NVSS final,D77,2026-09-26 16:26:29
2009,2009-07-01,Texas,state,month,17,false,NVSS final,D77,2026-09-26 16:26:29
2009,2009-07-01,United States,nation,month,230,false,NVSS final,D77,2026-09-26 16:26:29
2009,2009-08-01,Colorado,state,month,12,false,NVSS final,D77,2026-09-26 16:26:29
2009,2009-08-01,Florida,state,month,13,false,NVSS final,D77,2026-09-26 16:26:29
2009,2009-08-01,Illinois,state,month,14,false,NVSS final,D77,2026-09-26 16:26:29
2009,2009-08-01,New York,state,month,13,false,NVSS final,D77,2026-09-26 16:26:29
2009,2009-08-01,Oklahoma,state,month,13,false,NVSS final,D77,2026-09-26 16:26:29
2009,2009-08-01,United States,nation,month,221,false,NVSS final,D77,2026-09-26 16:26:29
2009,2009-09-01,California,state,month,13,false,NVSS final,D77,2026-09-26 16:26:29
2009,2009-09-01,Florida,state,month,12,false,NVSS final,D77,2026-09-26 16:26:29
2009,2009-09-01,New York,state,month,11,false,NVSS final,D77,2026-09-26 16:26:29
2009,2009-09-01,North Carolina,state,month,17,false,NVSS final,D77,2026-09-26 16:26:29
2009,2009-09-01,Ohio,state,month,11,false,NVSS final,D77,2026-09-26 16:26:29
2009,2009-09-01,Oklahoma,state,month,11,false,NVSS final,D77,2026-09-26 16:26:29
2009,2009-09-01,Texas,state,month,16,false,NVSS final,D77,2026-09-26 16:26:29
2009,2009-09-01,United States,nation,month,215,false,NVSS final,D77,2026-09-26 16:26:29
2009,2009-10-01,California,state,month,19,false,NVSS final,D77,2026-09-26 16:26:29
2009,2009-10-01,Florida,state,month,13,false,NVSS final,D77,2026-09-26 16:26:29
2009,2009-10-01,Michigan,state,month,12,false,NVSS final,D77,2026-09-26 16:26:29
2009,2009-10-01,New York,state,month,11,false,NVSS final,D77,2026-09-26 16:26:29
2009,2009-10-01,North Carolina,state,month,14,false,NVSS final,D77,2026-09-26 16:26:29
2009,2009-10-01,Texas,state,month,12,false,NVSS final,D77,2026-09-26 16:26:29
2009,2009-10-01,United States,nation,month,232,false,NVSS final,D77,2026-09-26 16:26:29
2009,2009-11-01,California,state,month,12,false,NVSS final,D77,2026-09-26 16:26:29
2009,2009-11-01,Florida,state,month,20,false,NVSS final,D77,2026-09-26 16:26:29
2009,2009-11-01,Georgia,state,month,13,false,NVSS final,D77,2026-09-26 16:26:29
2009,2009-11-01,Illinois,state,month,13,false,NVSS final,D77,2026-09-26 16:26:29
2009,2009-11-01,New York,state,month,18,false,NVSS final,D77,2026-09-26 16:26:29
2009,2009-11-01,Oklahoma,state,month,11,false,NVSS final,D77,2026-09-26 16:26:29
2009,2009-11-01,Pennsylvania,state,month,10,false,NVSS final,D77,2026-09-26 16:26:29
2009,2009-11-01,Texas,state,month,17,false,NVSS final,D77,2026-09-26 16:26:29
2009,2009-11-01,United States,nation,month,263,false,NVSS final,D77,2026-09-26 16:26:29
2009,2009-12-01,California,state,month,20,false,NVSS final,D77,2026-09-26 16:26:29
2009,2009-12-01,Florida,state,month,13,false,NVSS final,D77,2026-09-26 16:26:29
2009,2009-12-01,Illinois,state,month,15,false,NVSS final,D77,2026-09-26 16:26:29
2009,2009-12-01,New York,state,month,16,false,NVSS final,D77,2026-09-26 16:26:29
2009,2009-12-01,North Carolina,state,month,17,false,NVSS final,D77,2026-09-26 16:26:29
2009,2009-12-01,Ohio,state,month,18,false,NVSS final,D77,2026-09-26 16:26:29
2009,2009-12-01,Oklahoma,state,month,18,false,NVSS final,D77,2026-09-26 16:26:29
2009,2009-12-01,Pennsylvania,state,month,14,false,NVSS final,D77,2026-09-26 16:26:29
2009,2009-12-01,Texas,state,month,10,false,NVSS final,D77,2026-09-26 16:26:29
2009,2009-12-01,United States,nation,month,280,false,NVSS final,D77,2026-09-26 16:26:29
2009,2009-12-01,West Virginia,state,month,11,false,NVSS final,D77,2026-09-26 16:26:29
2010,2010-01-01,California,state,month,19,false,NVSS final,D77,2026-09-26 16:26:29
2010,2010-01-01,Florida,state,month,13,false,NVSS final,D77,2026-09-26 16:26:29
2010,2010-01-01,Georgia,state,month,10,false,NVSS final,D77,2026-09-26 16:26:29
2010,2010-01-01,Illinois,state,month,15,false,NVSS final,D77,2026-09-26 16:26:29
2010,2010-01-01,Massachusetts,state,month,11,false,NVSS final,D77,2026-09-26 16:26:29
2010,2010-01-01,Missouri,state,month,15,false,NVSS final,D77,2026-09-26 16:26:29
2010,2010-01-01,North Carolina,state,month,18,false,NVSS final,D77,2026-09-26 16:26:29
2010,2010-01-01,Ohio,state,month,15,false,NVSS final,D77,2026-09-26 16:26:29
2010,2010-01-01,Oklahoma,state,month,12,false,NVSS final,D77,2026-09-26 16:26:29
2010,2010-01-01,Texas,state,month,14,false,NVSS final,D77,2026-09-26 16:26:29
2010,2010-01-01,United States,nation,month,282,false,NVSS final,D77,2026-09-26 16:26:29
2010,2010-01-01,West Virginia,state,month,10,false,NVSS final,D77,2026-09-26 16:26:29
2010,2010-01-01,Wisconsin,state,month,11,false,NVSS final,D77,2026-09-26 16:26:29
2010,2010-02-01,California,state,month,15,false,NVSS final,D77,2026-09-26 16:26:29
2010,2010-02-01,Florida,state,month,16,false,NVSS final,D77,2026-09-26 16:26:29
2010,2010-02-01,New York,state,month,13,false,NVSS final,D77,2026-09-26 16:26:29
2010,2010-02-01,North Carolina,state,month,13,false,NVSS final,D77,2026-09-26 16:26:29
2010,2010-02-01,Ohio,state,month,11,false,NVSS final,D77,2026-09-26 16:26:29
2010,2010-02-01,Pennsylvania,state,month,16,false,NVSS final,D77,2026-09-26 16:26:29
2010,2010-02-01,South Carolina,state,month,17,false,NVSS final,D77,2026-09-26 16:26:29
2010,2010-02-01,Texas,state,month,11,false,NVSS final,D77,2026-09-26 16:26:29
2010,2010-02-01,United States,nation,month,262,false,NVSS final,D77,2026-09-26 16:26:29
2010,2010-02-01,Utah,state,month,10,false,NVSS final,D77,2026-09-26 16:26:29
2010,2010-02-01,West Virginia,state,month,12,false,NVSS final,D77,2026-09-26 16:26:29
2010,2010-03-01,California,state,month,19,false,NVSS final,D77,2026-09-26 16:26:29
2010,2010-03-01,Florida,state,month,14,false,NVSS final,D77,2026-09-26 16:26:29
2010,2010-03-01,Georgia,state,month,12,false,NVSS final,D77,2026-09-26 16:26:29
2010,2010-03-01,North Carolina,state,month,22,false,NVSS final,D77,2026-09-26 16:26:29
2010,2010-03-01,Ohio,state,month,17,false,NVSS final,D77,2026-09-26 16:26:29
2010,2010-03-01,Oklahoma,state,month,10,false,NVSS final,D77,2026-09-26 16:26:29
2010,2010-03-01,Texas,state,month,15,false,NVSS final,D77,2026-09-26 16:26:29
2010,2010-03-01,United States,nation,month,266,false,NVSS final,D77,2026-09-26 16:26:29
2010,2010-03-01,Virginia,state,month,11,false,NVSS final,D77,2026-09-26 16:26:29
2010,2010-04-01,California,state,month,19,false,NVSS final,D77,2026-09-26 16:26:29
2010,2010-04-01,Florida,state,month,12,false,NVSS final,D77,2026-09-26 16:26:29
2010,2010-04-01,Illinois,state,month,13,false,NVSS final,D77,2026-09-26 16:26:29
2010,2010-04-01,Missouri,state,month,12,false,NVSS final,D77,2026-09-26 16:26:29
2010,2010-04-01,New York,state,month,18,false,NVSS final,D77,2026-09-26 16:26:29
2010,2010-04-01,North Carolina,state,month,18,false,NVSS final,D77,2026-09-26 16:26:29
2010,2010-04-01,Ohio,state,month,14,false,NVSS final,D77,2026-09-26 16:26:29
2010,2010-04-01,Texas,state,month,12,false,NVSS final,D77,2026-09-26 16:26:29
2010,2010-04-01,United States,nation,month,267,false,NVSS final,D77,2026-09-26 16:26:29
2010,2010-04-01,Virginia,state,month,10,false,NVSS final,D77,2026-09-26 16:26:29
2010,2010-05-01,California,state,month,15,false,NVSS final,D77,2026-09-26 16:26:29
2010,2010-05-01,Florida,state,month,11,false,NVSS final,D77,2026-09-26 16:26:29
2010,2010-05-01,Illinois,state,month,11,false,NVSS final,D77,2026-09-26 16:26:29
2010,2010-05-01,New York,state,month,16,false,NVSS final,D77,2026-09-26 16:26:29
2010,2010-05-01,North Carolina,state,month,10,false,NVSS final,D77,2026-09-26 16:26:29
2010,2010-05-01,Ohio,state,month,16,false,NVSS final,D77,2026-09-26 16:26:29
2010,2010-05-01,Oklahoma,state,month,11,false,NVSS final,D77,2026-09-26 16:26:29
2010,2010-05-01,Pennsylvania,state,month,15,false,NVSS final,D77,2026-09-26 16:26:29
2010,2010-05-01,Texas,state,month,14,false,NVSS final,D77,2026-09-26 16:26:29
2010,2010-05-01,United States,nation,month,252,false,NVSS final,D77,2026-09-26 16:26:29
2010,2010-06-01,Arkansas,state,month,10,false,NVSS final,D77,2026-09-26 16:26:29
2010,2010-06-01,California,state,month,13,false,NVSS final,D77,2026-09-26 16:26:29
2010,2010-06-01,New York,state,month,16,false,NVSS final,D77,2026-09-26 16:26:29
2010,2010-06-01,North Carolina,state,month,14,false,NVSS final,D77,2026-09-26 16:26:29
2010,2010-06-01,United States,nation,month,221,false,NVSS final,D77,2026-09-26 16:26:29
2010,2010-06-01,Virginia,state,month,10,false,NVSS final,D77,2026-09-26 16:26:29
2010,2010-07-01,California,state,month,18,false,NVSS final,D77,2026-09-26 16:26:29
2010,2010-07-01,Georgia,state,month,11,false,NVSS final,D77,2026-09-26 16:26:29
2010,2010-07-01,Massachusetts,state,month,10,false,NVSS final,D77,2026-09-26 16:26:29
2010,2010-07-01,Michigan,state,month,10,false,NVSS final,D77,2026-09-26 16:26:29
2010,2010-07-01,New York,state,month,17,false,NVSS final,D77,2026-09-26 16:26:29
2010,2010-07-01,Ohio,state,month,16,false,NVSS final,D77,2026-09-26 16:26:29
2010,2010-07-01,Texas,state,month,15,false,NVSS final,D77,2026-09-26 16:26:29
2010,2010-07-01,United States,nation,month,259,false,NVSS final,D77,2026-09-26 16:26:29
2010,2010-07-01,West Virginia,state,month,14,false,NVSS final,D77,2026-09-26 16:26:29
2010,2010-08-01,California,state,month,16,false,NVSS final,D77,2026-09-26 16:26:29
2010,2010-08-01,Florida,state,month,20,false,NVSS final,D77,2026-09-26 16:26:29
2010,2010-08-01,Georgia,state,month,11,false,NVSS final,D77,2026-09-26 16:26:29
2010,2010-08-01,New York,state,month,15,false,NVSS final,D77,2026-09-26 16:26:29
2010,2010-08-01,North Carolina,state,month,16,false,NVSS final,D77,2026-09-26 16:26:29
2010,2010-08-01,Oklahoma,state,month,13,false,NVSS final,D77,2026-09-26 16:26:29
2010,2010-08-01,Texas,state,month,10,false,NVSS final,D77,2026-09-26 16:26:29
2010,2010-08-01,United States,nation,month,222,false,NVSS final,D77,2026-09-26 16:26:29
2010,2010-09-01,Arizona,state,month,10,false,NVSS final,D77,2026-09-26 16:26:29
2010,2010-09-01,California,state,month,16,false,NVSS final,D77,2026-09-26 16:26:29
2010,2010-09-01,Florida,state,month,10,false,NVSS final,D77,2026-09-26 16:26:29
2010,2010-09-01,New York,state,month,15,false,NVSS final,D77,2026-09-26 16:26:29
2010,2010-09-01,North Carolina,state,month,10,false,NVSS final,D77,2026-09-26 16:26:29
2010,2010-09-01,Ohio,state,month,23,false,NVSS final,D77,2026-09-26 16:26:29
2010,2010-09-01,Texas,state,month,16,false,NVSS final,D77,2026-09-26 16:26:29
2010,2010-09-01,United States,nation,month,242,false,NVSS final,D77,2026-09-26 16:26:29
2010,2010-10-01,California,state,month,19,false,NVSS final,D77,2026-09-26 16:26:29
2010,2010-10-01,Florida,state,month,11,false,NVSS final,D77,2026-09-26 16:26:29
2010,2010-10-01,Illinois,state,month,10,false,NVSS final,D77,2026-09-26 16:26:29
2010,2010-10-01,New York,state,month,14,false,NVSS final,D77,2026-09-26 16:26:29
2010,2010-10-01,North Carolina,state,month,20,false,NVSS final,D77,2026-09-26 16:26:29
2010,2010-10-01,Ohio,state,month,14,false,NVSS final,D77,2026-09-26 16:26:29
2010,2010-10-01,Pennsylvania,state,month,11,false,NVSS final,D77,2026-09-26 16:26:29
2010,2010-10-01,Tennessee,state,month,12,false,NVSS final,D77,2026-09-26 16:26:29
2010,2010-10-01,Texas,state,month,13,false,NVSS final,D77,2026-09-26 16:26:29
2010,2010-10-01,United States,nation,month,266,false,NVSS final,D77,2026-09-26 16:26:29
2010,2010-10-01,Washington,state,month,10,false,NVSS final,D77,2026-09-26 16:26:29
2010,2010-10-01,West Virginia,state,month,10,false,NVSS final,D77,2026-09-26 16:26:29
2010,2010-11-01,California,state,month,16,false,NVSS final,D77,2026-09-26 16:26:29
2010,2010-11-01,Florida,state,month,12,false,NVSS final,D77,2026-09-26 16:26:29
2010,2010-11-01,New York,state,month,19,false,NVSS final,D77,2026-09-26 16:26:29
2010,2010-11-01,Ohio,state,month,19,false,NVSS final,D77,2026-09-26 16:26:29
2010,2010-11-01,Oklahoma,state,month,10,false,NVSS final,D77,2026-09-26 16:26:29
2010,2010-11-01,Texas,state,month,15,false,NVSS final,D77,2026-09-26 16:26:29
2010,2010-11-01,United States,nation,month,241,false,NVSS final,D77,2026-09-26 16:26:29
2010,2010-11-01,West Virginia,state,month,10,false,NVSS final,D77,2026-09-26 16:26:29
2010,2010-12-01,California,state,month,20,false,NVSS final,D77,2026-09-26 16:26:29
2010,2010-12-01,Florida,state,month,11,false,NVSS final,D77,2026-09-26 16:26:29
2010,2010-12-01,New York,state,month,13,false,NVSS final,D77,2026-09-26 16:26:29
2010,2010-12-01,North Carolina,state,month,15,false,NVSS final,D77,2026-09-26 16:26:29
2010,2010-12-01,Ohio,state,month,14,false,NVSS final,D77,2026-09-26 16:26:29
2010,2010-12-01,Texas,state,month,12,false,NVSS final,D77,2026-09-26 16:26:29
2010,2010-12-01,United States,nation,month,227,false,NVSS final,D77,2026-09-26 16:26:29
2011,2011-01-01,California,state,month,12,false,NVSS final,D77,2026-09-26 16:26:29
2011,2011-01-01,Florida,state,month,13,false,NVSS final,D77,2026-09-26 16:26:29
2011,2011-01-01,New York,state,month,13,false,NVSS final,D77,2026-09-26 16:26:29
2011,2011-01-01,North Carolina,state,month,19,false,NVSS final,D77,2026-09-26 16:26:29
2011,2011-01-01,Ohio,state,month,15,false,NVSS final,D77,2026-09-26 16:26:29
2011,2011-01-01,Texas,state,month,13,false,NVSS final,D77,2026-09-26 16:26:29
2011,2011-01-01,United States,nation,month,224,false,NVSS final,D77,2026-09-26 16:26:29
2011,2011-02-01,California,state,month,12,false,NVSS final,D77,2026-09-26 16:26:29
2011,2011-02-01,North Carolina,state,month,13,false,NVSS final,D77,2026-09-26 16:26:29
2011,2011-02-01,Ohio,state,month,17,false,NVSS final,D77,2026-09-26 16:26:29
2011,2011-02-01,United States,nation,month,221,false,NVSS final,D77,2026-09-26 16:26:29
2011,2011-03-01,California,state,month,17,false,NVSS final,D77,2026-09-26 16:26:29
2011,2011-03-01,Colorado,state,month,11,false,NVSS final,D77,2026-09-26 16:26:29
2011,2011-03-01,Florida,state,month,14,false,NVSS final,D77,2026-09-26 16:26:29
2011,2011-03-01,Maryland,state,month,11,false,NVSS final,D77,2026-09-26 16:26:29
2011,2011-03-01,New York,state,month,10,false,NVSS final,D77,2026-09-26 16:26:29
2011,2011-03-01,North Carolina,state,month,19,false,NVSS final,D77,2026-09-26 16:26:29
2011,2011-03-01,Ohio,state,month,15,false,NVSS final,D77,2026-09-26 16:26:29
2011,2011-03-01,Pennsylvania,state,month,16,false,NVSS final,D77,2026-09-26 16:26:29
2011,2011-03-01,Texas,state,month,10,false,NVSS final,D77,2026-09-26 16:26:29
2011,2011-03-01,United States,nation,month,245,false,NVSS final,D77,2026-09-26 16:26:29
2011,2011-04-01,Florida,state,month,13,false,NVSS final,D77,2026-09-26 16:26:29
2011,2011-04-01,Massachusetts,state,month,10,false,NVSS final,D77,2026-09-26 16:26:29
2011,2011-04-01,New York,state,month,17,false,NVSS final,D77,2026-09-26 16:26:29
2011,2011-04-01,North Carolina,state,month,11,false,NVSS final,D77,2026-09-26 16:26:29
2011,2011-04-01,Ohio,state,month,11,false,NVSS final,D77,2026-09-26 16:26:29
2011,2011-04-01,United States,nation,month,227,false,NVSS final,D77,2026-09-26 16:26:29
2011,2011-05-01,California,state,month,15,false,NVSS final,D77,2026-09-26 16:26:29
2011,2011-05-01,Kentucky,state,month,10,false,NVSS final,D77,2026-09-26 16:26:29
2011,2011-05-01,New York,state,month,10,false,NVSS final,D77,2026-09-26 16:26:29
2011,2011-05-01,North Carolina,state,month,12,false,NVSS final,D77,2026-09-26 16:26:29
2011,2011-05-01,Ohio,state,month,16,false,NVSS final,D77,2026-09-26 16:26:29
2011,2011-05-01,Pennsylvania,state,month,10,false,NVSS final,D77,2026-09-26 16:26:29
2011,2011-05-01,Texas,state,month,12,false,NVSS final,D77,2026-09-26 16:26:29
2011,2011-05-01,United States,nation,month,225,false,NVSS final,D77,2026-09-26 16:26:29
2011,2011-05-01,Utah,state,month,10,false,NVSS final,D77,2026-09-26 16:26:29
2011,2011-05-01,West Virginia,state,month,12,false,NVSS final,D77,2026-09-26 16:26:29
2011,2011-06-01,California,state,month,14,false,NVSS final,D77,2026-09-26 16:26:29
2011,2011-06-01,Florida,state,month,16,false,NVSS final,D77,2026-09-26 16:26:29
2011,2011-06-01,Illinois,state,month,13,false,NVSS final,D77,2026-09-26 16:26:29
2011,2011-06-01,Michigan,state,month,13,false,NVSS final,D77,2026-09-26 16:26:29
2011,2011-06-01,New York,state,month,13,false,NVSS final,D77,2026-09-26 16:26:29
2011,2011-06-01,United States,nation,month,226,false,NVSS final,D77,2026-09-26 16:26:29
2011,2011-07-01,California,state,month,14,false,NVSS final,D77,2026-09-26 16:26:29
2011,2011-07-01,Florida,state,month,12,false,NVSS final,D77,2026-09-26 16:26:29
2011,2011-07-01,New York,state,month,18,false,NVSS final,D77,2026-09-26 16:26:29
2011,2011-07-01,North Carolina,state,month,15,false,NVSS final,D77,2026-09-26 16:26:29
2011,2011-07-01,Ohio,state,month,15,false,NVSS final,D77,2026-09-26 16:26:29
2011,2011-07-01,Pennsylvania,state,month,13,false,NVSS final,D77,2026-09-26 16:26:29
2011,2011-07-01,United States,nation,month,231,false,NVSS final,D77,2026-09-26 16:26:29
2011,2011-08-01,California,state,month,15,false,NVSS final,D77,2026-09-26 16:26:29
2011,2011-08-01,Georgia,state,month,13,false,NVSS final,D77,2026-09-26 16:26:29
2011,2011-08-01,New York,state,month,12,false,NVSS final,D77,2026-09-26 16:26:29
2011,2011-08-01,Ohio,state,month,12,false,NVSS final,D77,2026-09-26 16:26:29
2011,2011-08-01,Texas,state,month,12,false,NVSS final,D77,2026-09-26 16:26:29
2011,2011-08-01,United States,nation,month,200,false,NVSS final,D77,2026-09-26 16:26:29
2011,2011-09-01,California,state,month,13,false,NVSS final,D77,2026-09-26 16:26:29
2011,2011-09-01,Florida,state,month,10,false,NVSS final,D77,2026-09-26 16:26:29
2011,2011-09-01,Missouri,state,month,10,false,NVSS final,D77,2026-09-26 16:26:29
2011,2011-09-01,New York,state,month,11,false,NVSS final,D77,2026-09-26 16:26:29
2011,2011-09-01,Ohio,state,month,15,false,NVSS final,D77,2026-09-26 16:26:29
2011,2011-09-01,Pennsylvania,state,month,10,false,NVSS final,D77,2026-09-26 16:26:29
2011,2011-09-01,United States,nation,month,206,false,NVSS final,D77,2026-09-26 16:26:29
2011,2011-09-01,West Virginia,state,month,13,false,NVSS final,D77,2026-09-26 16:26:29
2011,2011-10-01,California,state,month,14,false,NVSS final,D77,2026-09-26 16:26:29
2011,2011-10-01,Florida,state,month,10,false,NVSS final,D77,2026-09-26 16:26:29
2011,2011-10-01,New York,state,month,16,false,NVSS final,D77,2026-09-26 16:26:29
2011,2011-10-01,North Carolina,state,month,15,false,NVSS final,D77,2026-09-26 16:26:29
2011,2011-10-01,Ohio,state,month,13,false,NVSS final,D77,2026-09-26 16:26:29
2011,2011-10-01,Texas,state,month,10,false,NVSS final,D77,2026-09-26 16:26:29
2011,2011-10-01,United States,nation,month,221,false,NVSS final,D77,2026-09-26 16:26:29
2011,2011-10-01,West Virginia,state,month,10,false,NVSS final,D77,2026-09-26 16:26:29
2011,2011-11-01,California,state,month,13,false,NVSS final,D77,2026-09-26 16:26:29
2011,2011-11-01,Florida,state,month,11,false,NVSS final,D77,2026-09-26 16:26:29
2011,2011-11-01,Illinois,state,month,10,false,NVSS final,D77,2026-09-26 16:26:29
2011,2011-11-01,Massachusetts,state,month,10,false,NVSS final,D77,2026-09-26 16:26:29
2011,2011-11-01,New York,state,month,12,false,NVSS final,D77,2026-09-26 16:26:29
2011,2011-11-01,North Carolina,state,month,14,false,NVSS final,D77,2026-09-26 16:26:29
2011,2011-11-01,Ohio,state,month,14,false,NVSS final,D77,2026-09-26 16:26:29
2011,2011-11-01,Texas,state,month,12,false,NVSS final,D77,2026-09-26 16:26:29
2011,2011-11-01,United States,nation,month,232,false,NVSS final,D77,2026-09-26 16:26:29
2011,2011-12-01,California,state,month,17,false,NVSS final,D77,2026-09-26 16:26:29
2011,2011-12-01,Florida,state,month,14,false,NVSS final,D77,2026-09-26 16:26:29
2011,2011-12-01,New York,state,month,14,false,NVSS final,D77,2026-09-26 16:26:29
2011,2011-12-01,North Carolina,state,month,15,false,NVSS final,D77,2026-09-26 16:26:29
2011,2011-12-01,Ohio,state,month,10,false,NVSS final,D77,2026-09-26 16:26:29
2011,2011-12-01,Texas,state,month,10,false,NVSS final,D77,2026-09-26 16:26:29
2011,2011-12-01,United States,nation,month,208,false,NVSS final,D77,2026-09-26 16:26:29
2012,2012-01-01,California,state,month,18,false,NVSS final,D77,2026-09-26 16:26:29
2012,2012-01-01,Florida,state,month,17,false,NVSS final,D77,2026-09-26 16:26:29
2012,2012-01-01,Illinois,state,month,11,false,NVSS final,D77,2026-09-26 16:26:29
2012,2012-01-01,New York,state,month,11,false,NVSS final,D77,2026-09-26 16:26:29
2012,2012-01-01,North Carolina,state,month,13,false,NVSS final,D77,2026-09-26 16:26:29
2012,2012-01-01,Oklahoma,state,month,15,false,NVSS final,D77,2026-09-26 16:26:29
2012,2012-01-01,Texas,state,month,10,false,NVSS final,D77,2026-09-26 16:26:29
2012,2012-01-01,United States,nation,month,219,false,NVSS final,D77,2026-09-26 16:26:29
2012,2012-02-01,Florida,state,month,16,false,NVSS final,D77,2026-09-26 16:26:29
2012,2012-02-01,Massachusetts,state,month,10,false,NVSS final,D77,2026-09-26 16:26:29
2012,2012-02-01,New York,state,month,15,false,NVSS final,D77,2026-09-26 16:26:29
2012,2012-02-01,North Carolina,state,month,10,false,NVSS final,D77,2026-09-26 16:26:29
2012,2012-02-01,Ohio,state,month,10,false,NVSS final,D77,2026-09-26 16:26:29
2012,2012-02-01,Pennsylvania,state,month,10,false,NVSS final,D77,2026-09-26 16:26:29
2012,2012-02-01,United States,nation,month,209,false,NVSS final,D77,2026-09-26 16:26:29
2012,2012-03-01,California,state,month,10,false,NVSS final,D77,2026-09-26 16:26:29
2012,2012-03-01,Florida,state,month,10,false,NVSS final,D77,2026-09-26 16:26:29
2012,2012-03-01,Illinois,state,month,12,false,NVSS final,D77,2026-09-26 16:26:29
2012,2012-03-01,Kentucky,state,month,15,false,NVSS final,D77,2026-09-26 16:26:29
2012,2012-03-01,New York,state,month,12,false,NVSS final,D77,2026-09-26 16:26:29
2012,2012-03-01,North Carolina,state,month,11,false,NVSS final,D77,2026-09-26 16:26:29
2012,2012-03-01,Ohio,state,month,16,false,NVSS final,D77,2026-09-26 16:26:29
2012,2012-03-01,United States,nation,month,210,false,NVSS final,D77,2026-09-26 16:26:29
2012,2012-04-01,California,state,month,14,false,NVSS final,D77,2026-09-26 16:26:29
2012,2012-04-01,Florida,state,month,12,false,NVSS final,D77,2026-09-26 16:26:29
2012,2012-04-01,New York,state,month,14,false,NVSS final,D77,2026-09-26 16:26:29
2012,2012-04-01,North Carolina,state,month,14,false,NVSS final,D77,2026-09-26 16:26:29
2012,2012-04-01,Ohio,state,month,15,false,NVSS final,D77,2026-09-26 16:26:29
2012,2012-04-01,Texas,state,month,10,false,NVSS final,D77,2026-09-26 16:26:29
2012,2012-04-01,United States,nation,month,217,false,NVSS final,D77,2026-09-26 16:26:29
2012,2012-05-01,California,state,month,14,false,NVSS final,D77,2026-09-26 16:26:29
2012,2012-05-01,Florida,state,month,13,false,NVSS final,D77,2026-09-26 16:26:29
2012,2012-05-01,New York,state,month,10,false,NVSS final,D77,2026-09-26 16:26:29
2012,2012-05-01,Oklahoma,state,month,15,false,NVSS final,D77,2026-09-26 16:26:29
2012,2012-05-01,Pennsylvania,state,month,14,false,NVSS final,D77,2026-09-26 16:26:29
2012,2012-05-01,Tennessee,state,month,10,false,NVSS final,D77,2026-09-26 16:26:29
2012,2012-05-01,Texas,state,month,11,false,NVSS final,D77,2026-09-26 16:26:29
2012,2012-05-01,United States,nation,month,225,false,NVSS final,D77,2026-09-26 16:26:29
2012,2012-05-01,West Virginia,state,month,10,false,NVSS final,D77,2026-09-26 16:26:29
2012,2012-06-01,New York,state,month,18,false,NVSS final,D77,2026-09-26 16:26:29
2012,2012-06-01,Ohio,state,month,19,false,NVSS final,D77,2026-09-26 16:26:29
2012,2012-06-01,Oklahoma,state,month,11,false,NVSS final,D77,2026-09-26 16:26:29
2012,2012-06-01,United States,nation,month,213,false,NVSS final,D77,2026-09-26 16:26:29
2012,2012-07-01,California,state,month,15,false,NVSS final,D77,2026-09-26 16:26:29
2012,2012-07-01,Florida,state,month,16,false,NVSS final,D77,2026-09-26 16:26:29
2012,2012-07-01,New York,state,month,13,false,NVSS final,D77,2026-09-26 16:26:29
2012,2012-07-01,North Carolina,state,month,16,false,NVSS final,D77,2026-09-26 16:26:29
2012,2012-07-01,Pennsylvania,state,month,11,false,NVSS final,D77,2026-09-26 16:26:29
2012,2012-07-01,Tennessee,state,month,11,false,NVSS final,D77,2026-09-26 16:26:29
2012,2012-07-01,Texas,state,month,11,false,NVSS final,D77,2026-09-26 16:26:29
2012,2012-07-01,United States,nation,month,235,false,NVSS final,D77,2026-09-26 16:26:29
2012,2012-07-01,West Virginia,state,month,10,false,NVSS final,D77,2026-09-26 16:26:29
2012,2012-08-01,California,state,month,15,false,NVSS final,D77,2026-09-26 16:26:29
2012,2012-08-01,Florida,state,month,12,false,NVSS final,D77,2026-09-26 16:26:29
2012,2012-08-01,New York,state,month,18,false,NVSS final,D77,2026-09-26 16:26:29
2012,2012-08-01,North Carolina,state,month,14,false,NVSS final,D77,2026-09-26 16:26:29
2012,2012-08-01,Ohio,state,month,13,false,NVSS final,D77,2026-09-26 16:26:29
2012,2012-08-01,Tennessee,state,month,13,false,NVSS final,D77,2026-09-26 16:26:29
2012,2012-08-01,Texas,state,month,14,false,NVSS final,D77,2026-09-26 16:26:29
2012,2012-08-01,United States,nation,month,235,false,NVSS final,D77,2026-09-26 16:26:29
2012,2012-09-01,Florida,state,month,15,false,NVSS final,D77,2026-09-26 16:26:29
2012,2012-09-01,New York,state,month,10,false,NVSS final,D77,2026-09-26 16:26:29
2012,2012-09-01,North Carolina,state,month,19,false,NVSS final,D77,2026-09-26 16:26:29
2012,2012-09-01,Ohio,state,month,13,false,NVSS final,D77,2026-09-26 16:26:29
2012,2012-09-01,Oklahoma,state,month,12,false,NVSS final,D77,2026-09-26 16:26:29
2012,2012-09-01,United States,nation,month,199,false,NVSS final,D77,2026-09-26 16:26:29
2012,2012-10-01,California,state,month,11,false,NVSS final,D77,2026-09-26 16:26:29
2012,2012-10-01,Florida,state,month,11,false,NVSS final,D77,2026-09-26 16:26:29
2012,2012-10-01,Georgia,state,month,10,false,NVSS final,D77,2026-09-26 16:26:29
2012,2012-10-01,New York,state,month,13,false,NVSS final,D77,2026-09-26 16:26:29
2012,2012-10-01,Ohio,state,month,12,false,NVSS final,D77,2026-09-26 16:26:29
2012,2012-10-01,Texas,state,month,14,false,NVSS final,D77,2026-09-26 16:26:29
2012,2012-10-01,United States,nation,month,227,false,NVSS final,D77,2026-09-26 16:26:29
2012,2012-10-01,Virginia,state,month,11,false,NVSS final,D77,2026-09-26 16:26:29
2012,2012-10-01,Wisconsin,state,month,10,false,NVSS final,D77,2026-09-26 16:26:29
2012,2012-11-01,Florida,state,month,16,false,NVSS final,D77,2026-09-26 16:26:29
2012,2012-11-01,North Carolina,state,month,10,false,NVSS final,D77,2026-09-26 16:26:29
2012,2012-11-01,Ohio,state,month,11,false,NVSS final,D77,2026-09-26 16:26:29
2012,2012-11-01,Texas,state,month,11,false,NVSS final,D77,2026-09-26 16:26:29
2012,2012-11-01,United States,nation,month,197,false,NVSS final,D77,2026-09-26 16:26:29
2012,2012-11-01,Virginia,state,month,13,false,NVSS final,D77,2026-09-26 16:26:29
2012,2012-11-01,West Virginia,state,month,10,false,NVSS final,D77,2026-09-26 16:26:29
2012,2012-12-01,California,state,month,16,false,NVSS final,D77,2026-09-26 16:26:29
2012,2012-12-01,Florida,state,month,15,false,NVSS final,D77,2026-09-26 16:26:29
2012,2012-12-01,Georgia,state,month,11,false,NVSS final,D77,2026-09-26 16:26:29
2012,2012-12-01,New York,state,month,21,false,NVSS final,D77,2026-09-26 16:26:29
2012,2012-12-01,North Carolina,state,month,15,false,NVSS final,D77,2026-09-26 16:26:29
2012,2012-12-01,Ohio,state,month,10,false,NVSS final,D77,2026-09-26 16:26:29
2012,2012-12-01,United States,nation,month,242,false,NVSS final,D77,2026-09-26 16:26:29
2012,2012-12-01,Virginia,state,month,12,false,NVSS final,D77,2026-09-26 16:26:29
2013,2013-01-01,California,state,month,20,false,NVSS final,D77,2026-09-26 16:26:29
2013,2013-01-01,Florida,state,month,14,false,NVSS final,D77,2026-09-26 16:26:29
2013,2013-01-01,Georgia,state,month,12,false,NVSS final,D77,2026-09-26 16:26:29
2013,2013-01-01,New York,state,month,16,false,NVSS final,D77,2026-09-26 16:26:29
2013,2013-01-01,North Carolina,state,month,13,false,NVSS final,D77,2026-09-26 16:26:29
2013,2013-01-01,Ohio,state,month,15,false,NVSS final,D77,2026-09-26 16:26:29
2013,2013-01-01,Pennsylvania,state,month,11,false,NVSS final,D77,2026-09-26 16:26:29
2013,2013-01-01,United States,nation,month,257,false,NVSS final,D77,2026-09-26 16:26:29
2013,2013-01-01,Wisconsin,state,month,11,false,NVSS final,D77,2026-09-26 16:26:29
2013,2013-02-01,Florida,state,month,12,false,NVSS final,D77,2026-09-26 16:26:29
2013,2013-02-01,Missouri,state,month,10,false,NVSS final,D77,2026-09-26 16:26:29
2013,2013-02-01,New York,state,month,19,false,NVSS final,D77,2026-09-26 16:26:29
2013,2013-02-01,North Carolina,state,month,15,false,NVSS final,D77,2026-09-26 16:26:29
2013,2013-02-01,Ohio,state,month,11,false,NVSS final,D77,2026-09-26 16:26:29
2013,2013-02-01,Tennessee,state,month,13,false,NVSS final,D77,2026-09-26 16:26:29
2013,2013-02-01,United States,nation,month,230,false,NVSS final,D77,2026-09-26 16:26:29
2013,2013-03-01,California,state,month,18,false,NVSS final,D77,2026-09-26 16:26:29
2013,2013-03-01,Florida,state,month,15,false,NVSS final,D77,2026-09-26 16:26:29
2013,2013-03-01,Illinois,state,month,11,false,NVSS final,D77,2026-09-26 16:26:29
2013,2013-03-01,Massachusetts,state,month,11,false,NVSS final,D77,2026-09-26 16:26:29
2013,2013-03-01,Pennsylvania,state,month,12,false,NVSS final,D77,2026-09-26 16:26:29
2013,2013-03-01,Texas,state,month,10,false,NVSS final,D77,2026-09-26 16:26:29
2013,2013-03-01,United States,nation,month,240,false,NVSS final,D77,2026-09-26 16:26:29
2013,2013-04-01,California,state,month,12,false,NVSS final,D77,2026-09-26 16:26:29
2013,2013-04-01,Florida,state,month,15,false,NVSS final,D77,2026-09-26 16:26:29
2013,2013-04-01,Michigan,state,month,10,false,NVSS final,D77,2026-09-26 16:26:29
2013,2013-04-01,Missouri,state,month,10,false,NVSS final,D77,2026-09-26 16:26:29
2013,2013-04-01,North Carolina,state,month,10,false,NVSS final,D77,2026-09-26 16:26:29
2013,2013-04-01,Ohio,state,month,11,false,NVSS final,D77,2026-09-26 16:26:29
2013,2013-04-01,Oklahoma,state,month,13,false,NVSS final,D77,2026-09-26 16:26:29
2013,2013-04-01,United States,nation,month,241,false,NVSS final,D77,2026-09-26 16:26:29
2013,2013-04-01,Utah,state,month,11,false,NVSS final,D77,2026-09-26 16:26:29
2013,2013-05-01,California,state,month,14,false,NVSS final,D77,2026-09-26 16:26:29
2013,2013-05-01,Florida,state,month,17,false,NVSS final,D77,2026-09-26 16:26:29
2013,2013-05-01,Georgia,state,month,10,false,NVSS final,D77,2026-09-26 16:26:29
2013,2013-05-01,Missouri,state,month,14,false,NVSS final,D77,2026-09-26 16:26:29
2013,2013-05-01,New York,state,month,19,false,NVSS final,D77,2026-09-26 16:26:29
2013,2013-05-01,North Carolina,state,month,11,false,NVSS final,D77,2026-09-26 16:26:29
2013,2013-05-01,Ohio,state,month,17,false,NVSS final,D77,2026-09-26 16:26:29
2013,2013-05-01,Pennsylvania,state,month,18,false,NVSS final,D77,2026-09-26 16:26:29
2013,2013-05-01,Texas,state,month,10,false,NVSS final,D77,2026-09-26 16:26:29
2013,2013-05-01,United States,nation,month,280,false,NVSS final,D77,2026-09-26 16:26:29
2013,2013-05-01,Virginia,state,month,10,false,NVSS final,D77,2026-09-26 16:26:29
2013,2013-06-01,Arizona,state,month,10,false,NVSS final,D77,2026-09-26 16:26:29
2013,2013-06-01,California,state,month,15,false,NVSS final,D77,2026-09-26 16:26:29
2013,2013-06-01,Florida,state,month,26,false,NVSS final,D77,2026-09-26 16:26:29
2013,2013-06-01,Kentucky,state,month,12,false,NVSS final,D77,2026-09-26 16:26:29
2013,2013-06-01,New York,state,month,19,false,NVSS final,D77,2026-09-26 16:26:29
2013,2013-06-01,Ohio,state,month,12,false,NVSS final,D77,2026-09-26 16:26:29
2013,2013-06-01,United States,nation,month,250,false,NVSS final,D77,2026-09-26 16:26:29
2013,2013-07-01,California,state,month,12,false,NVSS final,D77,2026-09-26 16:26:29
2013,2013-07-01,Illinois,state,month,11,false,NVSS final,D77,2026-09-26 16:26:29
2013,2013-07-01,Michigan,state,month,13,false,NVSS final,D77,2026-09-26 16:26:29
2013,2013-07-01,Ohio,state,month,13,false,NVSS final,D77,2026-09-26 16:26:29
2013,2013-07-01,Pennsylvania,state,month,10,false,NVSS final,D77,2026-09-26 16:26:29
2013,2013-07-01,Texas,state,month,10,false,NVSS final,D77,2026-09-26 16:26:29
2013,2013-07-01,United States,nation,month,220,false,NVSS final,D77,2026-09-26 16:26:29
2013,2013-07-01,West Virginia,state,month,10,false,NVSS final,D77,2026-09-26 16:26:29
2013,2013-08-01,California,state,month,15,false,NVSS final,D77,2026-09-26 16:26:29
2013,2013-08-01,Florida,state,month,11,false,NVSS final,D77,2026-09-26 16:26:29
2013,2013-08-01,New York,state,month,15,false,NVSS final,D77,2026-09-26 16:26:29
2013,2013-08-01,Ohio,state,month,13,false,NVSS final,D77,2026-09-26 16:26:29
2013,2013-08-01,United States,nation,month,213,false,NVSS final,D77,2026-09-26 16:26:29
2013,2013-09-01,California,state,month,15,false,NVSS final,D77,2026-09-26 16:26:29
2013,2013-09-01,Florida,state,month,12,false,NVSS final,D77,2026-09-26 16:26:29
2013,2013-09-01,Massachusetts,state,month,17,false,NVSS final,D77,2026-09-26 16:26:29
2013,2013-09-01,New York,state,month,15,false,NVSS final,D77,2026-09-26 16:26:29
2013,2013-09-01,United States,nation,month,231,false,NVSS final,D77,2026-09-26 16:26:29
2013,2013-09-01,West Virginia,state,month,13,false,NVSS final,D77,2026-09-26 16:26:29
2013,2013-10-01,California,state,month,14,false,NVSS final,D77,2026-09-26 16:26:29
2013,2013-10-01,Connecticut,state,month,11,false,NVSS final,D77,2026-09-26 16:26:29
2013,2013-10-01,Florida,state,month,21,false,NVSS final,D77,2026-09-26 16:26:29
2013,2013-10-01,New York,state,month,19,false,NVSS final,D77,2026-09-26 16:26:29
2013,2013-10-01,Pennsylvania,state,month,14,false,NVSS final,D77,2026-09-26 16:26:29
2013,2013-10-01,South Carolina,state,month,12,false,NVSS final,D77,2026-09-26 16:26:29
2013,2013-10-01,Tennessee,state,month,10,false,NVSS final,D77,2026-09-26 16:26:29
2013,2013-10-01,Texas,state,month,12,false,NVSS final,D77,2026-09-26 16:26:29
2013,2013-10-01,United States,nation,month,261,false,NVSS final,D77,2026-09-26 16:26:29
2013,2013-11-01,California,state,month,14,false,NVSS final,D77,2026-09-26 16:26:29
2013,2013-11-01,Florida,state,month,22,false,NVSS final,D77,2026-09-26 16:26:29
2013,2013-11-01,Maryland,state,month,13,false,NVSS final,D77,2026-09-26 16:26:29
2013,2013-11-01,Michigan,state,month,10,false,NVSS final,D77,2026-09-26 16:26:29
2013,2013-11-01,New York,state,month,26,false,NVSS final,D77,2026-09-26 16:26:29
2013,2013-11-01,North Carolina,state,month,10,false,NVSS final,D77,2026-09-26 16:26:29
2013,2013-11-01,Ohio,state,month,32,false,NVSS final,D77,2026-09-26 16:26:29
2013,2013-11-01,United States,nation,month,292,false,NVSS final,D77,2026-09-26 16:26:29
2013,2013-11-01,Virginia,state,month,23,false,NVSS final,D77,2026-09-26 16:26:29
2013,2013-12-01,Arizona,state,month,11,false,NVSS final,D77,2026-09-26 16:26:29
2013,2013-12-01,California,state,month,19,false,NVSS final,D77,2026-09-26 16:26:29
2013,2013-12-01,Connecticut,state,month,10,false,NVSS final,D77,2026-09-26 16:26:29
2013,2013-12-01,Florida,state,month,26,false,NVSS final,D77,2026-09-26 16:26:29
2013,2013-12-01,Illinois,state,month,12,false,NVSS final,D77,2026-09-26 16:26:29
2013,2013-12-01,Maryland,state,month,27,false,NVSS final,D77,2026-09-26 16:26:29
2013,2013-12-01,Massachusetts,state,month,19,false,NVSS final,D77,2026-09-26 16:26:29
2013,2013-12-01,Michigan,state,month,12,false,NVSS final,D77,2026-09-26 16:26:29
2013,2013-12-01,Missouri,state,month,11,false,NVSS final,D77,2026-09-26 16:26:29
2013,2013-12-01,New York,state,month,39,false,NVSS final,D77,2026-09-26 16:26:29
2013,2013-12-01,North Carolina,state,month,12,false,NVSS final,D77,2026-09-26 16:26:29
2013,2013-12-01,Ohio,state,month,20,false,NVSS final,D77,2026-09-26 16:26:29
2013,2013-12-01,Oklahoma,state,month,15,false,NVSS final,D77,2026-09-26 16:26:29
2013,2013-12-01,Tennessee,state,month,12,false,NVSS final,D77,2026-09-26 16:26:29
2013,2013-12-01,United States,nation,month,390,false,NVSS final,D77,2026-09-26 16:26:29
2013,2013-12-01,Virginia,state,month,25,false,NVSS final,D77,2026-09-26 16:26:29
2014,2014-01-01,California,state,month,20,false,NVSS final,D77,2026-09-26 16:26:29
2014,2014-01-01,Colorado,state,month,10,false,NVSS final,D77,2026-09-26 16:26:29
2014,2014-01-01,Connecticut,state,month,10,false,NVSS final,D77,2026-09-26 16:26:29
2014,2014-01-01,Florida,state,month,25,false,NVSS final,D77,2026-09-26 16:26:29
2014,2014-01-01,Maryland,state,month,20,false,NVSS final,D77,2026-09-26 16:26:29
2014,2014-01-01,Massachusetts,state,month,41,false,NVSS final,D77,2026-09-26 16:26:29
2014,2014-01-01,Michigan,state,month,17,false,NVSS final,D77,2026-09-26 16:26:29
2014,2014-01-01,New Jersey,state,month,22,false,NVSS final,D77,2026-09-26 16:26:29
2014,2014-01-01,New York,state,month,48,false,NVSS final,D77,2026-09-26 16:26:29
2014,2014-01-01,North Carolina,state,month,18,false,NVSS final,D77,2026-09-26 16:26:29
2014,2014-01-01,Ohio,state,month,27,false,NVSS final,D77,2026-09-26 16:26:29
2014,2014-01-01,Pennsylvania,state,month,36,false,NVSS final,D77,2026-09-26 16:26:29
2014,2014-01-01,Rhode Island,state,month,17,false,NVSS final,D77,2026-09-26 16:26:29
2014,2014-01-01,South Carolina,state,month,12,false,NVSS final,D77,2026-09-26 16:26:29
2014,2014-01-01,Texas,state,month,15,false,NVSS final,D77,2026-09-26 16:26:29
2014,2014-01-01,United States,nation,month,495,false,NVSS final,D77,2026-09-26 16:26:29
2014,2014-01-01,Virginia,state,month,13,false,NVSS final,D77,2026-09-26 16:26:29
2014,2014-02-01,California,state,month,15,false,NVSS final,D77,2026-09-26 16:26:29
2014,2014-02-01,Connecticut,state,month,11,false,NVSS final,D77,2026-09-26 16:26:29
2014,2014-02-01,Florida,state,month,20,false,NVSS final,D77,2026-09-26 16:26:29
2014,2014-02-01,Kentucky,state,month,15,false,NVSS final,D77,2026-09-26 16:26:29
2014,2014-02-01,Maryland,state,month,11,false,NVSS final,D77,2026-09-26 16:26:29
2014,2014-02-01,Massachusetts,state,month,66,false,NVSS final,D77,2026-09-26 16:26:29
2014,2014-02-01,Michigan,state,month,13,false,NVSS final,D77,2026-09-26 16:26:29
2014,2014-02-01,New York,state,month,13,false,NVSS final,D77,2026-09-26 16:26:29
2014,2014-02-01,North Carolina,state,month,13,false,NVSS final,D77,2026-09-26 16:26:29
2014,2014-02-01,Ohio,state,month,58,false,NVSS final,D77,2026-09-26 16:26:29
2014,2014-02-01,Pennsylvania,state,month,12,false,NVSS final,D77,2026-09-26 16:26:29
2014,2014-02-01,Rhode Island,state,month,13,false,NVSS final,D77,2026-09-26 16:26:29
2014,2014-02-01,Texas,state,month,18,false,NVSS final,D77,2026-09-26 16:26:29
2014,2014-02-01,United States,nation,month,425,false,NVSS final,D77,2026-09-26 16:26:29
2014,2014-02-01,Virginia,state,month,10,false,NVSS final,D77,2026-09-26 16:26:29
2014,2014-03-01,California,state,month,18,false,NVSS final,D77,2026-09-26 16:26:29
2014,2014-03-01,Florida,state,month,29,false,NVSS final,D77,2026-09-26 16:26:29
2014,2014-03-01,Illinois,state,month,10,false,NVSS final,D77,2026-09-26 16:26:29
2014,2014-03-01,Kentucky,state,month,14,false,NVSS final,D77,2026-09-26 16:26:29
2014,2014-03-01,Maryland,state,month,19,false,NVSS final,D77,2026-09-26 16:26:29
2014,2014-03-01,Massachusetts,state,month,40,false,NVSS final,D77,2026-09-26 16:26:29
2014,2014-03-01,Michigan,state,month,13,false,NVSS final,D77,2026-09-26 16:26:29
2014,2014-03-01,Missouri,state,month,11,false,NVSS final,D77,2026-09-26 16:26:29
2014,2014-03-01,New Hampshire,state,month,14,false,NVSS final,D77,2026-09-26 16:26:29
2014,2014-03-01,New York,state,month,21,false,NVSS final,D77,2026-09-26 16:26:29
2014,2014-03-01,North Carolina,state,month,11,false,NVSS final,D77,2026-09-26 16:26:29
2014,2014-03-01,Ohio,state,month,66,false,NVSS final,D77,2026-09-26 16:26:29
2014,2014-03-01,Oklahoma,state,month,10,false,NVSS final,D77,2026-09-26 16:26:29
2014,2014-03-01,Pennsylvania,state,month,15,false,NVSS final,D77,2026-09-26 16:26:29
2014,2014-03-01,Rhode Island,state,month,12,false,NVSS final,D77,2026-09-26 16:26:29
2014,2014-03-01,Tennessee,state,month,12,false,NVSS final,D77,2026-09-26 16:26:29
2014,2014-03-01,Texas,state,month,10,false,NVSS final,D77,2026-09-26 16:26:29
2014,2014-03-01,United States,nation,month,458,false,NVSS final,D77,2026-09-26 16:26:29
2014,2014-03-01,Virginia,state,month,19,false,NVSS final,D77,2026-09-26 16:26:29
2014,2014-03-01,West Virginia,state,month,10,false,NVSS final,D77,2026-09-26 16:26:29
2014,2014-04-01,California,state,month,17,false,NVSS final,D77,2026-09-26 16:26:29
2014,2014-04-01,Florida,state,month,23,false,NVSS final,D77,2026-09-26 16:26:29
2014,2014-04-01,Maryland,state,month,30,false,NVSS final,D77,2026-09-26 16:26:29
2014,2014-04-01,Massachusetts,state,month,24,false,NVSS final,D77,2026-09-26 16:26:29
2014,2014-04-01,Michigan,state,month,11,false,NVSS final,D77,2026-09-26 16:26:29
2014,2014-04-01,New Jersey,state,month,14,false,NVSS final,D77,2026-09-26 16:26:29
2014,2014-04-01,New York,state,month,21,false,NVSS final,D77,2026-09-26 16:26:29
2014,2014-04-01,North Carolina,state,month,18,false,NVSS final,D77,2026-09-26 16:26:29
2014,2014-04-01,Ohio,state,month,27,false,NVSS final,D77,2026-09-26 16:26:29
2014,2014-04-01,Pennsylvania,state,month,19,false,NVSS final,D77,2026-09-26 16:26:29
2014,2014-04-01,Tennessee,state,month,10,false,NVSS final,D77,2026-09-26 16:26:29
2014,2014-04-01,Texas,state,month,12,false,NVSS final,D77,2026-09-26 16:26:29
2014,2014-04-01,United States,nation,month,367,false,NVSS final,D77,2026-09-26 16:26:29
2014,2014-04-01,Virginia,state,month,12,false,NVSS final,D77,2026-09-26 16:26:29
2014,2014-04-01,West Virginia,state,month,10,false,NVSS final,D77,2026-09-26 16:26:29
2014,2014-05-01,California,state,month,12,false,NVSS final,D77,2026-09-26 16:26:29
2014,2014-05-01,Florida,state,month,16,false,NVSS final,D77,2026-09-26 16:26:29
2014,2014-05-01,Maryland,state,month,22,false,NVSS final,D77,2026-09-26 16:26:29
2014,2014-05-01,Massachusetts,state,month,39,false,NVSS final,D77,2026-09-26 16:26:29
2014,2014-05-01,Missouri,state,month,12,false,NVSS final,D77,2026-09-26 16:26:29
2014,2014-05-01,New Hampshire,state,month,10,false,NVSS final,D77,2026-09-26 16:26:29
2014,2014-05-01,New Jersey,state,month,12,false,NVSS final,D77,2026-09-26 16:26:29
2014,2014-05-01,New York,state,month,34,false,NVSS final,D77,2026-09-26 16:26:29
2014,2014-05-01,North Carolina,state,month,19,false,NVSS final,D77,2026-09-26 16:26:29
2014,2014-05-01,Ohio,state,month,23,false,NVSS final,D77,2026-09-26 16:26:29
2014,2014-05-01,Pennsylvania,state,month,19,false,NVSS final,D77,2026-09-26 16:26:29
2014,2014-05-01,Tennessee,state,month,15,false,NVSS final,D77,2026-09-26 16:26:29
2014,2014-05-01,United States,nation,month,406,false,NVSS final,D77,2026-09-26 16:26:29
2014,2014-05-01,Virginia,state,month,24,false,NVSS final,D77,2026-09-26 16:26:29
2014,2014-05-01,West Virginia,state,month,12,false,NVSS final,D77,2026-09-26 16:26:29
2014,2014-06-01,California,state,month,12,false,NVSS final,D77,2026-09-26 16:26:29
2014,2014-06-01,Connecticut,state,month,10,false,NVSS final,D77,2026-09-26 16:26:29
2014,2014-06-01,Florida,state,month,24,false,NVSS final,D77,2026-09-26 16:26:29
2014,2014-06-01,Kentucky,state,month,12,false,NVSS final,D77,2026-09-26 16:26:29
2014,2014-06-01,Maine,state,month,10,false,NVSS final,D77,2026-09-26 16:26:29
2014,2014-06-01,Maryland,state,month,31,false,NVSS final,D77,2026-09-26 16:26:29
2014,2014-06-01,Massachusetts,state,month,38,false,NVSS final,D77,2026-09-26 16:26:29
2014,2014-06-01,New York,state,month,18,false,NVSS final,D77,2026-09-26 16:26:29
2014,2014-06-01,North Carolina,state,month,13,false,NVSS final,D77,2026-09-26 16:26:29
2014,2014-06-01,Ohio,state,month,41,false,NVSS final,D77,2026-09-26 16:26:29
2014,2014-06-01,Pennsylvania,state,month,18,false,NVSS final,D77,2026-09-26 16:26:29
2014,2014-06-01,Texas,state,month,15,false,NVSS final,D77,2026-09-26 16:26:29
2014,2014-06-01,United States,nation,month,408,false,NVSS final,D77,2026-09-26 16:26:29
2014,2014-06-01,Virginia,state,month,14,false,NVSS final,D77,2026-09-26 16:26:29
2014,2014-06-01,West Virginia,state,month,10,false,NVSS final,D77,2026-09-26 16:26:29
2014,2014-06-01,Wisconsin,state,month,16,false,NVSS final,D77,2026-09-26 16:26:29
2014,2014-07-01,California,state,month,25,false,NVSS final,D77,2026-09-26 16:26:29
2014,2014-07-01,Florida,state,month,28,false,NVSS final,D77,2026-09-26 16:26:29
2014,2014-07-01,Georgia,state,month,11,false,NVSS final,D77,2026-09-26 16:26:29
2014,2014-07-01,Illinois,state,month,11,false,NVSS final,D77,2026-09-26 16:26:29
2014,2014-07-01,Kentucky,state,month,10,false,NVSS final,D77,2026-09-26 16:26:29
2014,2014-07-01,Maryland,state,month,23,false,NVSS final,D77,2026-09-26 16:26:29
2014,2014-07-01,Massachusetts,state,month,10,false,NVSS final,D77,2026-09-26 16:26:29
2014,2014-07-01,Michigan,state,month,17,false,NVSS final,D77,2026-09-26 16:26:29
2014,2014-07-01,Missouri,state,month,11,false,NVSS final,D77,2026-09-26 16:26:29
2014,2014-07-01,New Jersey,state,month,11,false,NVSS final,D77,2026-09-26 16:26:29
2014,2014-07-01,New York,state,month,17,false,NVSS final,D77,2026-09-26 16:26:29
2014,2014-07-01,North Carolina,state,month,21,false,NVSS final,D77,2026-09-26 16:26:29
2014,2014-07-01,Ohio,state,month,41,false,NVSS final,D77,2026-09-26 16:26:29
2014,2014-07-01,Pennsylvania,state,month,15,false,NVSS final,D77,2026-09-26 16:26:29
2014,2014-07-01,Tennessee,state,month,11,false,NVSS final,D77,2026-09-26 16:26:29
2014,2014-07-01,Texas,state,month,17,false,NVSS final,D77,2026-09-26 16:26:29
2014,2014-07-01,United States,nation,month,412,false,NVSS final,D77,2026-09-26 16:26:29
2014,2014-07-01,Virginia,state,month,17,false,NVSS final,D77,2026-09-26 16:26:29
2014,2014-07-01,Wisconsin,state,month,14,false,NVSS final,D77,2026-09-26 16:26:29
2014,2014-08-01,California,state,month,14,false,NVSS final,D77,2026-09-26 16:26:29
2014,2014-08-01,Florida,state,month,34,false,NVSS final,D77,2026-09-26 16:26:29
2014,2014-08-01,Georgia,state,month,10,false,NVSS final,D77,2026-09-26 16:26:29
2014,2014-08-01,Kentucky,state,month,11,false,NVSS final,D77,2026-09-26 16:26:29
2014,2014-08-01,Massachusetts,state,month,23,false,NVSS final,D77,2026-09-26 16:26:29
2014,2014-08-01,Michigan,state,month,11,false,NVSS final,D77,2026-09-26 16:26:29
2014,2014-08-01,Missouri,state,month,10,false,NVSS final,D77,2026-09-26 16:26:29
2014,2014-08-01,New York,state,month,22,false,NVSS final,D77,2026-09-26 16:26:29
2014,2014-08-01,North Carolina,state,month,32,false,NVSS final,D77,2026-09-26 16:26:29
2014,2014-08-01,Ohio,state,month,53,false,NVSS final,D77,2026-09-26 16:26:29
2014,2014-08-01,Tennessee,state,month,10,false,NVSS final,D77,2026-09-26 16:26:29
2014,2014-08-01,Texas,state,month,20,false,NVSS final,D77,2026-09-26 16:26:29
2014,2014-08-01,United States,nation,month,415,false,NVSS final,D77,2026-09-26 16:26:29
2014,2014-08-01,Virginia,state,month,22,false,NVSS final,D77,2026-09-26 16:26:29
2014,2014-08-01,West Virginia,state,month,13,false,NVSS final,D77,2026-09-26 16:26:29
2014,2014-09-01,California,state,month,14,false,NVSS final,D77,2026-09-26 16:26:29
2014,2014-09-01,Florida,state,month,30,false,NVSS final,D77,2026-09-26 16:26:29
2014,2014-09-01,Georgia,state,month,22,false,NVSS final,D77,2026-09-26 16:26:29
2014,2014-09-01,Kentucky,state,month,18,false,NVSS final,D77,2026-09-26 16:26:29
2014,2014-09-01,Massachusetts,state,month,34,false,NVSS final,D77,2026-09-26 16:26:29
2014,2014-09-01,Michigan,state,month,23,false,NVSS final,D77,2026-09-26 16:26:29
2014,2014-09-01,New York,state,month,17,false,NVSS final,D77,2026-09-26 16:26:29
2014,2014-09-01,North Carolina,state,month,16,false,NVSS final,D77,2026-09-26 16:26:29
2014,2014-09-01,Ohio,state,month,46,false,NVSS final,D77,2026-09-26 16:26:29
2014,2014-09-01,Pennsylvania,state,month,15,false,NVSS final,D77,2026-09-26 16:26:29
2014,2014-09-01,South Carolina,state,month,11,false,NVSS final,D77,2026-09-26 16:26:29
2014,2014-09-01,Texas,state,month,10,false,NVSS final,D77,2026-09-26 16:26:29
2014,2014-09-01,United States,nation,month,421,false,NVSS final,D77,2026-09-26 16:26:29
2014,2014-09-01,Virginia,state,month,13,false,NVSS final,D77,2026-09-26 16:26:29
2014,2014-10-01,California,state,month,17,false,NVSS final,D77,2026-09-26 16:26:29
2014,2014-10-01,Colorado,state,month,12,false,NVSS final,D77,2026-09-26 16:26:29
2014,2014-10-01,Florida,state,month,30,false,NVSS final,D77,2026-09-26 16:26:29
2014,2014-10-01,Georgia,state,month,19,false,NVSS final,D77,2026-09-26 16:26:29
2014,2014-10-01,Illinois,state,month,21,false,NVSS final,D77,2026-09-26 16:26:29
2014,2014-10-01,Indiana,state,month,12,false,NVSS final,D77,2026-09-26 16:26:29
2014,2014-10-01,Kentucky,state,month,33,false,NVSS final,D77,2026-09-26 16:26:29
2014,2014-10-01,Maryland,state,month,20,false,NVSS final,D77,2026-09-26 16:26:29
2014,2014-10-01,Massachusetts,state,month,47,false,NVSS final,D77,2026-09-26 16:26:29
2014,2014-10-01,Michigan,state,month,24,false,NVSS final,D77,2026-09-26 16:26:29
2014,2014-10-01,New Hampshire,state,month,27,false,NVSS final,D77,2026-09-26 16:26:29
2014,2014-10-01,New York,state,month,30,false,NVSS final,D77,2026-09-26 16:26:29
2014,2014-10-01,North Carolina,state,month,23,false,NVSS final,D77,2026-09-26 16:26:29
2014,2014-10-01,Ohio,state,month,61,false,NVSS final,D77,2026-09-26 16:26:29
2014,2014-10-01,Oklahoma,state,month,10,false,NVSS final,D77,2026-09-26 16:26:29
2014,2014-10-01,Pennsylvania,state,month,22,false,NVSS final,D77,2026-09-26 16:26:29
2014,2014-10-01,South Carolina,state,month,13,false,NVSS final,D77,2026-09-26 16:26:29
2014,2014-10-01,Tennessee,state,month,13,false,NVSS final,D77,2026-09-26 16:26:29
2014,2014-10-01,United States,nation,month,552,false,NVSS final,D77,2026-09-26 16:26:29
2014,2014-10-01,Virginia,state,month,10,false,NVSS final,D77,2026-09-26 16:26:29
2014,2014-10-01,West Virginia,state,month,10,false,NVSS final,D77,2026-09-26 16:26:29
2014,2014-11-01,Arizona,state,month,10,false,NVSS final,D77,2026-09-26 16:26:29
2014,2014-11-01,California,state,month,14,false,NVSS final,D77,2026-09-26 16:26:29
2014,2014-11-01,Florida,state,month,33,false,NVSS final,D77,2026-09-26 16:26:29
2014,2014-11-01,Georgia,state,month,43,false,NVSS final,D77,2026-09-26 16:26:29
2014,2014-11-01,Illinois,state,month,19,false,NVSS final,D77,2026-09-26 16:26:29
2014,2014-11-01,Indiana,state,month,12,false,NVSS final,D77,2026-09-26 16:26:29
2014,2014-11-01,Kentucky,state,month,24,false,NVSS final,D77,2026-09-26 16:26:29
2014,2014-11-01,Maryland,state,month,14,false,NVSS final,D77,2026-09-26 16:26:29
2014,2014-11-01,Massachusetts,state,month,38,false,NVSS final,D77,2026-09-26 16:26:29
2014,2014-11-01,Michigan,state,month,20,false,NVSS final,D77,2026-09-26 16:26:29
2014,2014-11-01,New Hampshire,state,month,23,false,NVSS final,D77,2026-09-26 16:26:29
2014,2014-11-01,New Mexico,state,month,10,false,NVSS final,D77,2026-09-26 16:26:29
2014,2014-11-01,New York,state,month,19,false,NVSS final,D77,2026-09-26 16:26:29
2014,2014-11-01,North Carolina,state,month,17,false,NVSS final,D77,2026-09-26 16:26:29
2014,2014-11-01,Ohio,state,month,62,false,NVSS final,D77,2026-09-26 16:26:29
2014,2014-11-01,Pennsylvania,state,month,18,false,NVSS final,D77,2026-09-26 16:26:29
2014,2014-11-01,South Carolina,state,month,17,false,NVSS final,D77,2026-09-26 16:26:29
2014,2014-11-01,Tennessee,state,month,15,false,NVSS final,D77,2026-09-26 16:26:29
2014,2014-11-01,Texas,state,month,16,false,NVSS final,D77,2026-09-26 16:26:29
2014,2014-11-01,United States,nation,month,557,false,NVSS final,D77,2026-09-26 16:26:29
2014,2014-11-01,Virginia,state,month,11,false,NVSS final,D77,2026-09-26 16:26:29
2014,2014-11-01,West Virginia,state,month,14,false,NVSS final,D77,2026-09-26 16:26:29
2014,2014-12-01,California,state,month,16,false,NVSS final,D77,2026-09-26 16:26:29
2014,2014-12-01,Connecticut,state,month,12,false,NVSS final,D77,2026-09-26 16:26:29
2014,2014-12-01,Florida,state,month,51,false,NVSS final,D77,2026-09-26 16:26:29
2014,2014-12-01,Georgia,state,month,25,false,NVSS final,D77,2026-09-26 16:26:29
2014,2014-12-01,Illinois,state,month,14,false,NVSS final,D77,2026-09-26 16:26:29
2014,2014-12-01,Kentucky,state,month,21,false,NVSS final,D77,2026-09-26 16:26:29
2014,2014-12-01,Maryland,state,month,23,false,NVSS final,D77,2026-09-26 16:26:29
2014,2014-12-01,Massachusetts,state,month,53,false,NVSS final,D77,2026-09-26 16:26:29
2014,2014-12-01,Michigan,state,month,17,false,NVSS final,D77,2026-09-26 16:26:29
2014,2014-12-01,Missouri,state,month,18,false,NVSS final,D77,2026-09-26 16:26:29
2014,2014-12-01,New Hampshire,state,month,28,false,NVSS final,D77,2026-09-26 16:26:29
2014,2014-12-01,New York,state,month,34,false,NVSS final,D77,2026-09-26 16:26:29
2014,2014-12-01,North Carolina,state,month,16,false,NVSS final,D77,2026-09-26 16:26:29
2014,2014-12-01,Ohio,state,month,85,false,NVSS final,D77,2026-09-26 16:26:29
2014,2014-12-01,Pennsylvania,state,month,21,false,NVSS final,D77,2026-09-26 16:26:29
2014,2014-12-01,Rhode Island,state,month,15,false,NVSS final,D77,2026-09-26 16:26:29
2014,2014-12-01,South Carolina,state,month,19,false,NVSS final,D77,2026-09-26 16:26:29
2014,2014-12-01,Tennessee,state,month,15,false,NVSS final,D77,2026-09-26 16:26:29
2014,2014-12-01,Texas,state,month,12,false,NVSS final,D77,2026-09-26 16:26:29
2014,2014-12-01,United States,nation,month,628,false,NVSS final,D77,2026-09-26 16:26:29
2014,2014-12-01,Virginia,state,month,11,false,NVSS final,D77,2026-09-26 16:26:29
2014,2014-12-01,West Virginia,state,month,12,false,NVSS final,D77,2026-09-26 16:26:29
2015,2015-01-01,Alabama,state,month,12,false,NVSS final,D77,2026-09-26 16:26:29
2015,2015-01-01,California,state,month,19,false,NVSS final,D77,2026-09-26 16:26:29
2015,2015-01-01,Florida,state,month,48,false,NVSS final,D77,2026-09-26 16:26:29
2015,2015-01-01,Georgia,state,month,26,false,NVSS final,D77,2026-09-26 16:26:29
2015,2015-01-01,Illinois,state,month,11,false,NVSS final,D77,2026-09-26 16:26:29
2015,2015-01-01,Indiana,state,month,10,false,NVSS final,D77,2026-09-26 16:26:29
2015,2015-01-01,Kentucky,state,month,26,false,NVSS final,D77,2026-09-26 16:26:29
2015,2015-01-01,Maryland,state,month,28,false,NVSS final,D77,2026-09-26 16:26:29
2015,2015-01-01,Massachusetts,state,month,92,false,NVSS final,D77,2026-09-26 16:26:29
2015,2015-01-01,Michigan,state,month,30,false,NVSS final,D77,2026-09-26 16:26:29
2015,2015-01-01,Missouri,state,month,20,false,NVSS final,D77,2026-09-26 16:26:29
2015,2015-01-01,New Hampshire,state,month,21,false,NVSS final,D77,2026-09-26 16:26:29
2015,2015-01-01,New Jersey,state,month,14,false,NVSS final,D77,2026-09-26 16:26:29
2015,2015-01-01,New York,state,month,37,false,NVSS final,D77,2026-09-26 16:26:29
2015,2015-01-01,North Carolina,state,month,18,false,NVSS final,D77,2026-09-26 16:26:29
2015,2015-01-01,Ohio,state,month,86,false,NVSS final,D77,2026-09-26 16:26:29
2015,2015-01-01,Pennsylvania,state,month,31,false,NVSS final,D77,2026-09-26 16:26:29
2015,2015-01-01,Rhode Island,state,month,14,false,NVSS final,D77,2026-09-26 16:26:29
2015,2015-01-01,South Carolina,state,month,16,false,NVSS final,D77,2026-09-26 16:26:29
2015,2015-01-01,Texas,state,month,20,false,NVSS final,D77,2026-09-26 16:26:29
2015,2015-01-01,United States,nation,month,699,false,NVSS final,D77,2026-09-26 16:26:29
2015,2015-01-01,Virginia,state,month,17,false,NVSS final,D77,2026-09-26 16:26:29
2015,2015-01-01,West Virginia,state,month,12,false,NVSS final,D77,2026-09-26 16:26:29
2015,2015-01-01,Wisconsin,state,month,10,false,NVSS final,D77,2026-09-26 16:26:29
2015,2015-02-01,California,state,month,11,false,NVSS final,D77,2026-09-26 16:26:29
2015,2015-02-01,Connecticut,state,month,12,false,NVSS final,D77,2026-09-26 16:26:29
2015,2015-02-01,Florida,state,month,72,false,NVSS final,D77,2026-09-26 16:26:29
2015,2015-02-01,Georgia,state,month,37,false,NVSS final,D77,2026-09-26 16:26:29
2015,2015-02-01,Illinois,state,month,14,false,NVSS final,D77,2026-09-26 16:26:29
2015,2015-02-01,Kentucky,state,month,27,false,NVSS final,D77,2026-09-26 16:26:29
2015,2015-02-01,Maryland,state,month,30,false,NVSS final,D77,2026-09-26 16:26:29
2015,2015-02-01,Massachusetts,state,month,74,false,NVSS final,D77,2026-09-26 16:26:29
2015,2015-02-01,Michigan,state,month,26,false,NVSS final,D77,2026-09-26 16:26:29
2015,2015-02-01,Missouri,state,month,15,false,NVSS final,D77,2026-09-26 16:26:29
2015,2015-02-01,New Hampshire,state,month,22,false,NVSS final,D77,2026-09-26 16:26:29
2015,2015-02-01,New Jersey,state,month,14,false,NVSS final,D77,2026-09-26 16:26:29
2015,2015-02-01,New York,state,month,33,false,NVSS final,D77,2026-09-26 16:26:29
2015,2015-02-01,North Carolina,state,month,29,false,NVSS final,D77,2026-09-26 16:26:29
2015,2015-02-01,Ohio,state,month,86,false,NVSS final,D77,2026-09-26 16:26:29
2015,2015-02-01,Oklahoma,state,month,11,false,NVSS final,D77,2026-09-26 16:26:29
2015,2015-02-01,Pennsylvania,state,month,23,false,NVSS final,D77,2026-09-26 16:26:29
2015,2015-02-01,Rhode Island,state,month,17,false,NVSS final,D77,2026-09-26 16:26:29
2015,2015-02-01,South Carolina,state,month,16,false,NVSS final,D77,2026-09-26 16:26:29
2015,2015-02-01,Tennessee,state,month,21,false,NVSS final,D77,2026-09-26 16:26:29
2015,2015-02-01,Texas,state,month,12,false,NVSS final,D77,2026-09-26 16:26:29
2015,2015-02-01,United States,nation,month,735,false,NVSS final,D77,2026-09-26 16:26:29
2015,2015-02-01,Virginia,state,month,22,false,NVSS final,D77,2026-09-26 16:26:29
2015,2015-02-01,West Virginia,state,month,16,false,NVSS final,D77,2026-09-26 16:26:29
2015,2015-02-01,Wisconsin,state,month,12,false,NVSS final,D77,2026-09-26 16:26:29
2015,2015-03-01,California,state,month,12,false,NVSS final,D77,2026-09-26 16:26:29
2015,2015-03-01,Connecticut,state,month,15,false,NVSS final,D77,2026-09-26 16:26:29
2015,2015-03-01,Florida,state,month,42,false,NVSS final,D77,2026-09-26 16:26:29
2015,2015-03-01,Georgia,state,month,28,false,NVSS final,D77,2026-09-26 16:26:29
2015,2015-03-01,Illinois,state,month,19,false,NVSS final,D77,2026-09-26 16:26:29
2015,2015-03-01,Kentucky,state,month,37,false,NVSS final,D77,2026-09-26 16:26:29
2015,2015-03-01,Maryland,state,month,23,false,NVSS final,D77,2026-09-26 16:26:29
2015,2015-03-01,Massachusetts,state,month,89,false,NVSS final,D77,2026-09-26 16:26:29
2015,2015-03-01,Michigan,state,month,41,false,NVSS final,D77,2026-09-26 16:26:29
2015,2015-03-01,Missouri,state,month,17,false,NVSS final,D77,2026-09-26 16:26:29
2015,2015-03-01,New Hampshire,state,month,27,false,NVSS final,D77,2026-09-26 16:26:29
2015,2015-03-01,New Jersey,state,month,13,false,NVSS final,D77,2026-09-26 16:26:29
2015,2015-03-01,New York,state,month,50,false,NVSS final,D77,2026-09-26 16:26:29
2015,2015-03-01,North Carolina,state,month,18,false,NVSS final,D77,2026-09-26 16:26:29
2015,2015-03-01,Ohio,state,month,103,false,NVSS final,D77,2026-09-26 16:26:29
2015,2015-03-01,Pennsylvania,state,month,30,false,NVSS final,D77,2026-09-26 16:26:29
2015,2015-03-01,Rhode Island,state,month,10,false,NVSS final,D77,2026-09-26 16:26:29
2015,2015-03-01,South Carolina,state,month,24,false,NVSS final,D77,2026-09-26 16:26:29
2015,2015-03-01,Tennessee,state,month,26,false,NVSS final,D77,2026-09-26 16:26:29
2015,2015-03-01,Texas,state,month,14,false,NVSS final,D77,2026-09-26 16:26:29
2015,2015-03-01,United States,nation,month,768,false,NVSS final,D77,2026-09-26 16:26:29
2015,2015-03-01,Virginia,state,month,18,false,NVSS final,D77,2026-09-26 16:26:29
2015,2015-03-01,West Virginia,state,month,16,false,NVSS final,D77,2026-09-26 16:26:29
2015,2015-04-01,California,state,month,19,false,NVSS final,D77,2026-09-26 16:26:29
2015,2015-04-01,Connecticut,state,month,21,false,NVSS final,D77,2026-09-26 16:26:29
2015,2015-04-01,Florida,state,month,41,false,NVSS final,D77,2026-09-26 16:26:29
2015,2015-04-01,Georgia,state,month,34,false,NVSS final,D77,2026-09-26 16:26:29
2015,2015-04-01,Illinois,state,month,12,false,NVSS final,D77,2026-09-26 16:26:29
2015,2015-04-01,Indiana,state,month,10,false,NVSS final,D77,2026-09-26 16:26:29
2015,2015-04-01,Kentucky,state,month,33,false,NVSS final,D77,2026-09-26 16:26:29
2015,2015-04-01,Maine,state,month,14,false,NVSS final,D77,2026-09-26 16:26:29
2015,2015-04-01,Maryland,state,month,11,false,NVSS final,D77,2026-09-26 16:26:29
2015,2015-04-01,Massachusetts,state,month,81,false,NVSS final,D77,2026-09-26 16:26:29
2015,2015-04-01,Michigan,state,month,66,false,NVSS final,D77,2026-09-26 16:26:29
2015,2015-04-01,New Hampshire,state,month,30,false,NVSS final,D77,2026-09-26 16:26:29
2015,2015-04-01,New Jersey,state,month,19,false,NVSS final,D77,2026-09-26 16:26:29
2015,2015-04-01,New York,state,month,59,false,NVSS final,D77,2026-09-26 16:26:29
2015,2015-04-01,North Carolina,state,month,20,false,NVSS final,D77,2026-09-26 16:26:29
2015,2015-04-01,Ohio,state,month,127,false,NVSS final,D77,2026-09-26 16:26:29
2015,2015-04-01,Pennsylvania,state,month,41,false,NVSS final,D77,2026-09-26 16:26:29
2015,2015-04-01,Tennessee,state,month,27,false,NVSS final,D77,2026-09-26 16:26:29
2015,2015-04-01,Texas,state,month,15,false,NVSS final,D77,2026-09-26 16:26:29
2015,2015-04-01,United States,nation,month,844,false,NVSS final,D77,2026-09-26 16:26:29
2015,2015-04-01,Virginia,state,month,19,false,NVSS final,D77,2026-09-26 16:26:29
2015,2015-04-01,West Virginia,state,month,32,false,NVSS final,D77,2026-09-26 16:26:29
2015,2015-05-01,California,state,month,21,false,NVSS final,D77,2026-09-26 16:26:29
2015,2015-05-01,Connecticut,state,month,12,false,NVSS final,D77,2026-09-26 16:26:29
2015,2015-05-01,Florida,state,month,41,false,NVSS final,D77,2026-09-26 16:26:29
2015,2015-05-01,Georgia,state,month,28,false,NVSS final,D77,2026-09-26 16:26:29
2015,2015-05-01,Illinois,state,month,18,false,NVSS final,D77,2026-09-26 16:26:29
2015,2015-05-01,Kentucky,state,month,37,false,NVSS final,D77,2026-09-26 16:26:29
2015,2015-05-01,Maryland,state,month,14,false,NVSS final,D77,2026-09-26 16:26:29
2015,2015-05-01,Massachusetts,state,month,61,false,NVSS final,D77,2026-09-26 16:26:29
2015,2015-05-01,Michigan,state,month,56,false,NVSS final,D77,2026-09-26 16:26:29
2015,2015-05-01,Missouri,state,month,16,false,NVSS final,D77,2026-09-26 16:26:29
2015,2015-05-01,New Hampshire,state,month,25,false,NVSS final,D77,2026-09-26 16:26:29
2015,2015-05-01,New Jersey,state,month,28,false,NVSS final,D77,2026-09-26 16:26:29
2015,2015-05-01,New York,state,month,57,false,NVSS final,D77,2026-09-26 16:26:29
2015,2015-05-01,North Carolina,state,month,29,false,NVSS final,D77,2026-09-26 16:26:29
2015,2015-05-01,Ohio,state,month,95,false,NVSS final,D77,2026-09-26 16:26:29
2015,2015-05-01,Pennsylvania,state,month,47,false,NVSS final,D77,2026-09-26 16:26:29
2015,2015-05-01,Rhode Island,state,month,13,false,NVSS final,D77,2026-09-26 16:26:29
2015,2015-05-01,South Carolina,state,month,12,false,NVSS final,D77,2026-09-26 16:26:29
2015,2015-05-01,Tennessee,state,month,19,false,NVSS final,D77,2026-09-26 16:26:29
2015,2015-05-01,Texas,state,month,16,false,NVSS final,D77,2026-09-26 16:26:29
2015,2015-05-01,United States,nation,month,793,false,NVSS final,D77,2026-09-26 16:26:29
2015,2015-05-01,Virginia,state,month,34,false,NVSS final,D77,2026-09-26 16:26:29
2015,2015-05-01,Washington,state,month,10,false,NVSS final,D77,2026-09-26 16:26:29
2015,2015-05-01,West Virginia,state,month,10,false,NVSS final,D77,2026-09-26 16:26:29
2015,2015-06-01,California,state,month,17,false,NVSS final,D77,2026-09-26 16:26:29
2015,2015-06-01,Connecticut,state,month,10,false,NVSS final,D77,2026-09-26 16:26:29
2015,2015-06-01,Florida,state,month,41,false,NVSS final,D77,2026-09-26 16:26:29
2015,2015-06-01,Georgia,state,month,36,false,NVSS final,D77,2026-09-26 16:26:29
2015,2015-06-01,Illinois,state,month,11,false,NVSS final,D77,2026-09-26 16:26:29
2015,2015-06-01,Kentucky,state,month,20,false,NVSS final,D77,2026-09-26 16:26:29
2015,2015-06-01,Maryland,state,month,26,false,NVSS final,D77,2026-09-26 16:26:29
2015,2015-06-01,Massachusetts,state,month,66,false,NVSS final,D77,2026-09-26 16:26:29
2015,2015-06-01,Michigan,state,month,32,false,NVSS final,D77,2026-09-26 16:26:29
2015,2015-06-01,Missouri,state,month,15,false,NVSS final,D77,2026-09-26 16:26:29
2015,2015-06-01,New Hampshire,state,month,28,false,NVSS final,D77,2026-09-26 16:26:29
2015,2015-06-01,New Jersey,state,month,26,false,NVSS final,D77,2026-09-26 16:26:29
2015,2015-06-01,New York,state,month,45,false,NVSS final,D77,2026-09-26 16:26:29
2015,2015-06-01,North Carolina,state,month,22,false,NVSS final,D77,2026-09-26 16:26:29
2015,2015-06-01,Ohio,state,month,68,false,NVSS final,D77,2026-09-26 16:26:29
2015,2015-06-01,Oklahoma,state,month,16,false,NVSS final,D77,2026-09-26 16:26:29
2015,2015-06-01,Pennsylvania,state,month,51,false,NVSS final,D77,2026-09-26 16:26:29
2015,2015-06-01,Rhode Island,state,month,13,false,NVSS final,D77,2026-09-26 16:26:29
2015,2015-06-01,South Carolina,state,month,13,false,NVSS final,D77,2026-09-26 16:26:29
2015,2015-06-01,Tennessee,state,month,14,false,NVSS final,D77,2026-09-26 16:26:29
2015,2015-06-01,Texas,state,month,15,false,NVSS final,D77,2026-09-26 16:26:29
2015,2015-06-01,United States,nation,month,706,false,NVSS final,D77,2026-09-26 16:26:29
2015,2015-06-01,Virginia,state,month,27,false,NVSS final,D77,2026-09-26 16:26:29
2015,2015-06-01,West Virginia,state,month,11,false,NVSS final,D77,2026-09-26 16:26:29
2015,2015-07-01,Arizona,state,month,10,false,NVSS final,D77,2026-09-26 16:26:29
2015,2015-07-01,California,state,month,15,false,NVSS final,D77,2026-09-26 16:26:29
2015,2015-07-01,Connecticut,state,month,25,false,NVSS final,D77,2026-09-26 16:26:29
2015,2015-07-01,Florida,state,month,79,false,NVSS final,D77,2026-09-26 16:26:29
2015,2015-07-01,Georgia,state,month,16,false,NVSS final,D77,2026-09-26 16:26:29
2015,2015-07-01,Illinois,state,month,14,false,NVSS final,D77,2026-09-26 16:26:29
2015,2015-07-01,Kentucky,state,month,18,false,NVSS final,D77,2026-09-26 16:26:29
2015,2015-07-01,Maryland,state,month,25,false,NVSS final,D77,2026-09-26 16:26:29
2015,2015-07-01,Massachusetts,state,month,65,false,NVSS final,D77,2026-09-26 16:26:29
2015,2015-07-01,Michigan,state,month,23,false,NVSS final,D77,2026-09-26 16:26:29
2015,2015-07-01,Missouri,state,month,11,false,NVSS final,D77,2026-09-26 16:26:29
2015,2015-07-01,New Hampshire,state,month,20,false,NVSS final,D77,2026-09-26 16:26:29
2015,2015-07-01,New Jersey,state,month,23,false,NVSS final,D77,2026-09-26 16:26:29
2015,2015-07-01,New York,state,month,51,false,NVSS final,D77,2026-09-26 16:26:29
2015,2015-07-01,North Carolina,state,month,25,false,NVSS final,D77,2026-09-26 16:26:29
2015,2015-07-01,Ohio,state,month,92,false,NVSS final,D77,2026-09-26 16:26:29
2015,2015-07-01,Pennsylvania,state,month,18,false,NVSS final,D77,2026-09-26 16:26:29
2015,2015-07-01,Rhode Island,state,month,13,false,NVSS final,D77,2026-09-26 16:26:29
2015,2015-07-01,South Carolina,state,month,12,false,NVSS final,D77,2026-09-26 16:26:29
2015,2015-07-01,Tennessee,state,month,25,false,NVSS final,D77,2026-09-26 16:26:29
2015,2015-07-01,Texas,state,month,21,false,NVSS final,D77,2026-09-26 16:26:29
2015,2015-07-01,United States,nation,month,747,false,NVSS final,D77,2026-09-26 16:26:29
2015,2015-07-01,Virginia,state,month,16,false,NVSS final,D77,2026-09-26 16:26:29
2015,2015-07-01,Washington,state,month,10,false,NVSS final,D77,2026-09-26 16:26:29
2015,2015-07-01,West Virginia,state,month,15,false,NVSS final,D77,2026-09-26 16:26:29
2015,2015-08-01,California,state,month,20,false,NVSS final,D77,2026-09-26 16:26:29
2015,2015-08-01,Florida,state,month,75,false,NVSS final,D77,2026-09-26 16:26:29
2015,2015-08-01,Georgia,state,month,18,false,NVSS final,D77,2026-09-26 16:26:29
2015,2015-08-01,Illinois,state,month,19,false,NVSS final,D77,2026-09-26 16:26:29
2015,2015-08-01,Kentucky,state,month,23,false,NVSS final,D77,2026-09-26 16:26:29
2015,2015-08-01,Maine,state,month,11,false,NVSS final,D77,2026-09-26 16:26:29
2015,2015-08-01,Maryland,state,month,19,false,NVSS final,D77,2026-09-26 16:26:29
2015,2015-08-01,Massachusetts,state,month,72,false,NVSS final,D77,2026-09-26 16:26:29
2015,2015-08-01,Michigan,state,month,30,false,NVSS final,D77,2026-09-26 16:26:29
2015,2015-08-01,Missouri,state,month,14,false,NVSS final,D77,2026-09-26 16:26:29
2015,2015-08-01,New Hampshire,state,month,20,false,NVSS final,D77,2026-09-26 16:26:29
2015,2015-08-01,New Jersey,state,month,32,false,NVSS final,D77,2026-09-26 16:26:29
2015,2015-08-01,New York,state,month,61,false,NVSS final,D77,2026-09-26 16:26:29
2015,2015-08-01,North Carolina,state,month,26,false,NVSS final,D77,2026-09-26 16:26:29
2015,2015-08-01,Ohio,state,month,87,false,NVSS final,D77,2026-09-26 16:26:29
2015,2015-08-01,Pennsylvania,state,month,31,false,NVSS final,D77,2026-09-26 16:26:29
2015,2015-08-01,South Carolina,state,month,12,false,NVSS final,D77,2026-09-26 16:26:29
2015,2015-08-01,Tennessee,state,month,19,false,NVSS final,D77,2026-09-26 16:26:29
2015,2015-08-01,Texas,state,month,16,false,NVSS final,D77,2026-09-26 16:26:29
2015,2015-08-01,United States,nation,month,739,false,NVSS final,D77,2026-09-26 16:26:29
2015,2015-08-01,Virginia,state,month,17,false,NVSS final,D77,2026-09-26 16:26:29
2015,2015-08-01,West Virginia,state,month,16,false,NVSS final,D77,2026-09-26 16:26:29
2015,2015-09-01,California,state,month,18,false,NVSS final,D77,2026-09-26 16:26:29
2015,2015-09-01,Connecticut,state,month,19,false,NVSS final,D77,2026-09-26 16:26:29
2015,2015-09-01,Florida,state,month,52,false,NVSS final,D77,2026-09-26 16:26:29
2015,2015-09-01,Georgia,state,month,13,false,NVSS final,D77,2026-09-26 16:26:29
2015,2015-09-01,Illinois,state,month,36,false,NVSS final,D77,2026-09-26 16:26:29
2015,2015-09-01,Indiana,state,month,12,false,NVSS final,D77,2026-09-26 16:26:29
2015,2015-09-01,Kentucky,state,month,22,false,NVSS final,D77,2026-09-26 16:26:29
2015,2015-09-01,Maryland,state,month,32,false,NVSS final,D77,2026-09-26 16:26:29
2015,2015-09-01,Massachusetts,state,month,91,false,NVSS final,D77,2026-09-26 16:26:29
2015,2015-09-01,Michigan,state,month,39,false,NVSS final,D77,2026-09-26 16:26:29
2015,2015-09-01,Missouri,state,month,21,false,NVSS final,D77,2026-09-26 16:26:29
2015,2015-09-01,New Hampshire,state,month,37,false,NVSS final,D77,2026-09-26 16:26:29
2015,2015-09-01,New Jersey,state,month,31,false,NVSS final,D77,2026-09-26 16:26:29
2015,2015-09-01,New York,state,month,66,false,NVSS final,D77,2026-09-26 16:26:29
2015,2015-09-01,North Carolina,state,month,34,false,NVSS final,D77,2026-09-26 16:26:29
2015,2015-09-01,Ohio,state,month,101,false,NVSS final,D77,2026-09-26 16:26:29
2015,2015-09-01,Pennsylvania,state,month,39,false,NVSS final,D77,2026-09-26 16:26:29
2015,2015-09-01,Rhode Island,state,month,10,false,NVSS final,D77,2026-09-26 16:26:29
2015,2015-09-01,Tennessee,state,month,15,false,NVSS final,D77,2026-09-26 16:26:29
2015,2015-09-01,Texas,state,month,17,false,NVSS final,D77,2026-09-26 16:26:29
2015,2015-09-01,United States,nation,month,872,false,NVSS final,D77,2026-09-26 16:26:29
2015,2015-09-01,Virginia,state,month,34,false,NVSS final,D77,2026-09-26 16:26:29
2015,2015-09-01,West Virginia,state,month,16,false,NVSS final,D77,2026-09-26 16:26:29
2015,2015-09-01,Wisconsin,state,month,11,false,NVSS final,D77,2026-09-26 16:26:29
2015,2015-10-01,California,state,month,36,false,NVSS final,D77,2026-09-26 16:26:29
2015,2015-10-01,Connecticut,state,month,40,false,NVSS final,D77,2026-09-26 16:26:29
2015,2015-10-01,Florida,state,month,41,false,NVSS final,D77,2026-09-26 16:26:29
2015,2015-10-01,Georgia,state,month,12,false,NVSS final,D77,2026-09-26 16:26:29
2015,2015-10-01,Illinois,state,month,57,false,NVSS final,D77,2026-09-26 16:26:29
2015,2015-10-01,Indiana,state,month,17,false,NVSS final,D77,2026-09-26 16:26:29
2015,2015-10-01,Kentucky,state,month,23,false,NVSS final,D77,2026-09-26 16:26:29
2015,2015-10-01,Maine,state,month,16,false,NVSS final,D77,2026-09-26 16:26:29
2015,2015-10-01,Maryland,state,month,48,false,NVSS final,D77,2026-09-26 16:26:29
2015,2015-10-01,Massachusetts,state,month,107,false,NVSS final,D77,2026-09-26 16:26:29
2015,2015-10-01,Michigan,state,month,41,false,NVSS final,D77,2026-09-26 16:26:29
2015,2015-10-01,Missouri,state,month,15,false,NVSS final,D77,2026-09-26 16:26:29
2015,2015-10-01,New Hampshire,state,month,24,false,NVSS final,D77,2026-09-26 16:26:29
2015,2015-10-01,New Jersey,state,month,22,false,NVSS final,D77,2026-09-26 16:26:29
2015,2015-10-01,New York,state,month,67,false,NVSS final,D77,2026-09-26 16:26:29
2015,2015-10-01,North Carolina,state,month,22,false,NVSS final,D77,2026-09-26 16:26:29
2015,2015-10-01,Ohio,state,month,117,false,NVSS final,D77,2026-09-26 16:26:29
2015,2015-10-01,Oklahoma,state,month,15,false,NVSS final,D77,2026-09-26 16:26:29
2015,2015-10-01,Pennsylvania,state,month,50,false,NVSS final,D77,2026-09-26 16:26:29
2015,2015-10-01,Rhode Island,state,month,12,false,NVSS final,D77,2026-09-26 16:26:29
2015,2015-10-01,South Carolina,state,month,16,false,NVSS final,D77,2026-09-26 16:26:29
2015,2015-10-01,Tennessee,state,month,20,false,NVSS final,D77,2026-09-26 16:26:29
2015,2015-10-01,Texas,state,month,12,false,NVSS final,D77,2026-09-26 16:26:29
2015,2015-10-01,United States,nation,month,980,false,NVSS final,D77,2026-09-26 16:26:29
2015,2015-10-01,Utah,state,month,10,false,NVSS final,D77,2026-09-26 16:26:29
2015,2015-10-01,Virginia,state,month,32,false,NVSS final,D77,2026-09-26 16:26:29
2015,2015-10-01,West Virginia,state,month,31,false,NVSS final,D77,2026-09-26 16:26:29
2015,2015-10-01,Wisconsin,state,month,16,false,NVSS final,D77,2026-09-26 16:26:29
2015,2015-11-01,California,state,month,28,false,NVSS final,D77,2026-09-26 16:26:29
2015,2015-11-01,Connecticut,state,month,31,false,NVSS final,D77,2026-09-26 16:26:29
2015,2015-11-01,Florida,state,month,40,false,NVSS final,D77,2026-09-26 16:26:29
2015,2015-11-01,Illinois,state,month,29,false,NVSS final,D77,2026-09-26 16:26:29
2015,2015-11-01,Indiana,state,month,13,false,NVSS final,D77,2026-09-26 16:26:29
2015,2015-11-01,Kentucky,state,month,23,false,NVSS final,D77,2026-09-26 16:26:29
2015,2015-11-01,Maine,state,month,15,false,NVSS final,D77,2026-09-26 16:26:29
2015,2015-11-01,Maryland,state,month,43,false,NVSS final,D77,2026-09-26 16:26:29
2015,2015-11-01,Massachusetts,state,month,90,false,NVSS final,D77,2026-09-26 16:26:29
2015,2015-11-01,Michigan,state,month,50,false,NVSS final,D77,2026-09-26 16:26:29
2015,2015-11-01,Missouri,state,month,16,false,NVSS final,D77,2026-09-26 16:26:29
2015,2015-11-01,New Hampshire,state,month,19,false,NVSS final,D77,2026-09-26 16:26:29
2015,2015-11-01,New York,state,month,75,false,NVSS final,D77,2026-09-26 16:26:29
2015,2015-11-01,North Carolina,state,month,30,false,NVSS final,D77,2026-09-26 16:26:29
2015,2015-11-01,Ohio,state,month,135,false,NVSS final,D77,2026-09-26 16:26:29
2015,2015-11-01,Pennsylvania,state,month,34,false,NVSS final,D77,2026-09-26 16:26:29
2015,2015-11-01,South Carolina,state,month,16,false,NVSS final,D77,2026-09-26 16:26:29
2015,2015-11-01,Tennessee,state,month,18,false,NVSS final,D77,2026-09-26 16:26:29
2015,2015-11-01,Texas,state,month,13,false,NVSS final,D77,2026-09-26 16:26:29
2015,2015-11-01,United States,nation,month,852,false,NVSS final,D77,2026-09-26 16:26:29
2015,2015-11-01,Virginia,state,month,15,false,NVSS final,D77,2026-09-26 16:26:29
2015,2015-11-01,West Virginia,state,month,16,false,NVSS final,D77,2026-09-26 16:26:29
2015,2015-11-01,Wisconsin,state,month,11,false,NVSS final,D77,2026-09-26 16:26:29
2015,2015-12-01,California,state,month,13,false,NVSS final,D77,2026-09-26 16:26:29
2015,2015-12-01,Florida,state,month,38,false,NVSS final,D77,2026-09-26 16:26:29
2015,2015-12-01,Georgia,state,month,29,false,NVSS final,D77,2026-09-26 16:26:29
2015,2015-12-01,Illinois,state,month,38,false,NVSS final,D77,2026-09-26 16:26:29
2015,2015-12-01,Indiana,state,month,20,false,NVSS final,D77,2026-09-26 16:26:29
2015,2015-12-01,Kentucky,state,month,34,false,NVSS final,D77,2026-09-26 16:26:29
2015,2015-12-01,Maryland,state,month,58,false,NVSS final,D77,2026-09-26 16:26:29
2015,2015-12-01,Massachusetts,state,month,61,false,NVSS final,D77,2026-09-26 16:26:29
2015,2015-12-01,Michigan,state,month,23,false,NVSS final,D77,2026-09-26 16:26:29
2015,2015-12-01,Missouri,state,month,17,false,NVSS final,D77,2026-09-26 16:26:29
2015,2015-12-01,New Hampshire,state,month,12,false,NVSS final,D77,2026-09-26 16:26:29
2015,2015-12-01,New Jersey,state,month,13,false,NVSS final,D77,2026-09-26 16:26:29
2015,2015-12-01,New York,state,month,67,false,NVSS final,D77,2026-09-26 16:26:29
2015,2015-12-01,North Carolina,state,month,27,false,NVSS final,D77,2026-09-26 16:26:29
2015,2015-12-01,Ohio,state,month,137,false,NVSS final,D77,2026-09-26 16:26:29
2015,2015-12-01,Pennsylvania,state,month,34,false,NVSS final,D77,2026-09-26 16:26:29
2015,2015-12-01,Rhode Island,state,month,13,false,NVSS final,D77,2026-09-26 16:26:29
2015,2015-12-01,Tennessee,state,month,39,false,NVSS final,D77,2026-09-26 16:26:29
2015,2015-12-01,Texas,state,month,15,false,NVSS final,D77,2026-09-26 16:26:29
2015,2015-12-01,United States,nation,month,845,false,NVSS final,D77,2026-09-26 16:26:29
2015,2015-12-01,Virginia,state,month,19,false,NVSS final,D77,2026-09-26 16:26:29
2015,2015-12-01,West Virginia,state,month,26,false,NVSS final,D77,2026-09-26 16:26:29
2015,2015-12-01,Wisconsin,state,month,20,false,NVSS final,D77,2026-09-26 16:26:29
2016,2016-01-01,California,state,month,22,false,NVSS final,D77,2026-09-26 16:26:29
2016,2016-01-01,Connecticut,state,month,34,false,NVSS final,D77,2026-09-26 16:26:29
2016,2016-01-01,Florida,state,month,51,false,NVSS final,D77,2026-09-26 16:26:29
2016,2016-01-01,Georgia,state,month,19,false,NVSS final,D77,2026-09-26 16:26:29
2016,2016-01-01,Illinois,state,month,47,false,NVSS final,D77,2026-09-26 16:26:29
2016,2016-01-01,Indiana,state,month,13,false,NVSS final,D77,2026-09-26 16:26:29
2016,2016-01-01,Kentucky,state,month,30,false,NVSS final,D77,2026-09-26 16:26:29
2016,2016-01-01,Louisiana,state,month,12,false,NVSS final,D77,2026-09-26 16:26:29
2016,2016-01-01,Maryland,state,month,38,false,NVSS final,D77,2026-09-26 16:26:29
2016,2016-01-01,Massachusetts,state,month,95,false,NVSS final,D77,2026-09-26 16:26:29
2016,2016-01-01,Michigan,state,month,49,false,NVSS final,D77,2026-09-26 16:26:29
2016,2016-01-01,Missouri,state,month,35,false,NVSS final,D77,2026-09-26 16:26:29
2016,2016-01-01,New Hampshire,state,month,20,false,NVSS final,D77,2026-09-26 16:26:29
2016,2016-01-01,New Jersey,state,month,23,false,NVSS final,D77,2026-09-26 16:26:29
2016,2016-01-01,New York,state,month,95,false,NVSS final,D77,2026-09-26 16:26:29
2016,2016-01-01,North Carolina,state,month,37,false,NVSS final,D77,2026-09-26 16:26:29
2016,2016-01-01,Ohio,state,month,155,false,NVSS final,D77,2026-09-26 16:26:29
2016,2016-01-01,Pennsylvania,state,month,43,false,NVSS final,D77,2026-09-26 16:26:29
2016,2016-01-01,South Carolina,state,month,14,false,NVSS final,D77,2026-09-26 16:26:29
2016,2016-01-01,Tennessee,state,month,31,false,NVSS final,D77,2026-09-26 16:26:29
2016,2016-01-01,Texas,state,month,12,false,NVSS final,D77,2026-09-26 16:26:29
2016,2016-01-01,United States,nation,month,1038,false,NVSS final,D77,2026-09-26 16:26:29
2016,2016-01-01,Utah,state,month,11,false,NVSS final,D77,2026-09-26 16:26:29
2016,2016-01-01,Virginia,state,month,23,false,NVSS final,D77,2026-09-26 16:26:29
2016,2016-01-01,West Virginia,state,month,19,false,NVSS final,D77,2026-09-26 16:26:29
2016,2016-01-01,Wisconsin,state,month,24,false,NVSS final,D77,2026-09-26 16:26:29
2016,2016-02-01,Alabama,state,month,10,false,NVSS final,D77,2026-09-26 16:26:29
2016,2016-02-01,California,state,month,16,false,NVSS final,D77,2026-09-26 16:26:29
2016,2016-02-01,Connecticut,state,month,31,false,NVSS final,D77,2026-09-26 16:26:29
2016,2016-02-01,Florida,state,month,107,false,NVSS final,D77,2026-09-26 16:26:29
2016,2016-02-01,Georgia,state,month,24,false,NVSS final,D77,2026-09-26 16:26:29
2016,2016-02-01,Illinois,state,month,59,false,NVSS final,D77,2026-09-26 16:26:29
2016,2016-02-01,Indiana,state,month,12,false,NVSS final,D77,2026-09-26 16:26:29
2016,2016-02-01,Kentucky,state,month,31,false,NVSS final,D77,2026-09-26 16:26:29
2016,2016-02-01,Maine,state,month,11,false,NVSS final,D77,2026-09-26 16:26:29
2016,2016-02-01,Maryland,state,month,70,false,NVSS final,D77,2026-09-26 16:26:29
2016,2016-02-01,Massachusetts,state,month,122,false,NVSS final,D77,2026-09-26 16:26:29
2016,2016-02-01,Michigan,state,month,68,false,NVSS final,D77,2026-09-26 16:26:29
2016,2016-02-01,Missouri,state,month,36,false,NVSS final,D77,2026-09-26 16:26:29
2016,2016-02-01,New Hampshire,state,month,30,false,NVSS final,D77,2026-09-26 16:26:29
2016,2016-02-01,New Jersey,state,month,59,false,NVSS final,D77,2026-09-26 16:26:29
2016,2016-02-01,New York,state,month,122,false,NVSS final,D77,2026-09-26 16:26:29
2016,2016-02-01,North Carolina,state,month,52,false,NVSS final,D77,2026-09-26 16:26:29
2016,2016-02-01,Ohio,state,month,147,false,NVSS final,D77,2026-09-26 16:26:29
2016,2016-02-01,Oklahoma,state,month,10,false,NVSS final,D77,2026-09-26 16:26:29
2016,2016-02-01,Pennsylvania,state,month,79,false,NVSS final,D77,2026-09-26 16:26:29
2016,2016-02-01,Rhode Island,state,month,11,false,NVSS final,D77,2026-09-26 16:26:29
2016,2016-02-01,South Carolina,state,month,15,false,NVSS final,D77,2026-09-26 16:26:29
2016,2016-02-01,Tennessee,state,month,25,false,NVSS final,D77,2026-09-26 16:26:29
2016,2016-02-01,Texas,state,month,26,false,NVSS final,D77,2026-09-26 16:26:29
2016,2016-02-01,United States,nation,month,1377,false,NVSS final,D77,2026-09-26 16:26:29
2016,2016-02-01,Virginia,state,month,61,false,NVSS final,D77,2026-09-26 16:26:29
2016,2016-02-01,West Virginia,state,month,39,false,NVSS final,D77,2026-09-26 16:26:29
2016,2016-02-01,Wisconsin,state,month,34,false,NVSS final,D77,2026-09-26 16:26:29
2016,2016-03-01,Arizona,state,month,13,false,NVSS final,D77,2026-09-26 16:26:29
2016,2016-03-01,California,state,month,50,false,NVSS final,D77,2026-09-26 16:26:29
2016,2016-03-01,Connecticut,state,month,31,false,NVSS final,D77,2026-09-26 16:26:29
2016,2016-03-01,Florida,state,month,133,false,NVSS final,D77,2026-09-26 16:26:29
2016,2016-03-01,Georgia,state,month,23,false,NVSS final,D77,2026-09-26 16:26:29
2016,2016-03-01,Illinois,state,month,70,false,NVSS final,D77,2026-09-26 16:26:29
2016,2016-03-01,Indiana,state,month,25,false,NVSS final,D77,2026-09-26 16:26:29
2016,2016-03-01,Kentucky,state,month,39,false,NVSS final,D77,2026-09-26 16:26:29
2016,2016-03-01,Louisiana,state,month,13,false,NVSS final,D77,2026-09-26 16:26:29
2016,2016-03-01,Maine,state,month,16,false,NVSS final,D77,2026-09-26 16:26:29
2016,2016-03-01,Maryland,state,month,53,false,NVSS final,D77,2026-09-26 16:26:29
2016,2016-03-01,Massachusetts,state,month,132,false,NVSS final,D77,2026-09-26 16:26:29
2016,2016-03-01,Michigan,state,month,69,false,NVSS final,D77,2026-09-26 16:26:29
2016,2016-03-01,Missouri,state,month,21,false,NVSS final,D77,2026-09-26 16:26:29
2016,2016-03-01,New Hampshire,state,month,37,false,NVSS final,D77,2026-09-26 16:26:29
2016,2016-03-01,New Jersey,state,month,56,false,NVSS final,D77,2026-09-26 16:26:29
2016,2016-03-01,New York,state,month,140,false,NVSS final,D77,2026-09-26 16:26:29
2016,2016-03-01,North Carolina,state,month,54,false,NVSS final,D77,2026-09-26 16:26:29
2016,2016-03-01,Ohio,state,month,217,false,NVSS final,D77,2026-09-26 16:26:29
2016,2016-03-01,Pennsylvania,state,month,60,false,NVSS final,D77,2026-09-26 16:26:29
2016,2016-03-01,Rhode Island,state,month,13,false,NVSS final,D77,2026-09-26 16:26:29
2016,2016-03-01,South Carolina,state,month,21,false,NVSS final,D77,2026-09-26 16:26:29
2016,2016-03-01,Tennessee,state,month,27,false,NVSS final,D77,2026-09-26 16:26:29
2016,2016-03-01,United States,nation,month,1528,false,NVSS final,D77,2026-09-26 16:26:29
2016,2016-03-01,Virginia,state,month,65,false,NVSS final,D77,2026-09-26 16:26:29
2016,2016-03-01,Washington,state,month,12,false,NVSS final,D77,2026-09-26 16:26:29
2016,2016-03-01,West Virginia,state,month,28,false,NVSS final,D77,2026-09-26 16:26:29
2016,2016-03-01,Wisconsin,state,month,25,false,NVSS final,D77,2026-09-26 16:26:29
2016,2016-04-01,California,state,month,42,false,NVSS final,D77,2026-09-26 16:26:29
2016,2016-04-01,Connecticut,state,month,41,false,NVSS final,D77,2026-09-26 16:26:29
2016,2016-04-01,District of Columbia,state,month,13,false,NVSS final,D77,2026-09-26 16:26:29
2016,2016-04-01,Florida,state,month,111,false,NVSS final,D77,2026-09-26 16:26:29
2016,2016-04-01,Georgia,state,month,28,false,NVSS final,D77,2026-09-26 16:26:29
2016,2016-04-01,Illinois,state,month,99,false,NVSS final,D77,2026-09-26 16:26:29
2016,2016-04-01,Indiana,state,month,27,false,NVSS final,D77,2026-09-26 16:26:29
2016,2016-04-01,Kentucky,state,month,32,false,NVSS final,D77,2026-09-26 16:26:29
2016,2016-04-01,Maine,state,month,16,false,NVSS final,D77,2026-09-26 16:26:29
2016,2016-04-01,Maryland,state,month,80,false,NVSS final,D77,2026-09-26 16:26:29
2016,2016-04-01,Massachusetts,state,month,153,false,NVSS final,D77,2026-09-26 16:26:29
2016,2016-04-01,Michigan,state,month,52,false,NVSS final,D77,2026-09-26 16:26:29
2016,2016-04-01,Minnesota,state,month,14,false,NVSS final,D77,2026-09-26 16:26:29
2016,2016-04-01,Missouri,state,month,21,false,NVSS final,D77,2026-09-26 16:26:29
2016,2016-04-01,New Hampshire,state,month,35,false,NVSS final,D77,2026-09-26 16:26:29
2016,2016-04-01,New Jersey,state,month,81,false,NVSS final,D77,2026-09-26 16:26:29
2016,2016-04-01,New York,state,month,133,false,NVSS final,D77,2026-09-26 16:26:29
2016,2016-04-01,North Carolina,state,month,44,false,NVSS final,D77,2026-09-26 16:26:29
2016,2016-04-01,Ohio,state,month,174,false,NVSS final,D77,2026-09-26 16:26:29
2016,2016-04-01,Pennsylvania,state,month,76,false,NVSS final,D77,2026-09-26 16:26:29
2016,2016-04-01,Rhode Island,state,month,14,false,NVSS final,D77,2026-09-26 16:26:29
2016,2016-04-01,South Carolina,state,month,16,false,NVSS final,D77,2026-09-26 16:26:29
2016,2016-04-01,Tennessee,state,month,31,false,NVSS final,D77,2026-09-26 16:26:29
2016,2016-04-01,Texas,state,month,20,false,NVSS final,D77,2026-09-26 16:26:29
2016,2016-04-01,United States,nation,month,1540,false,NVSS final,D77,2026-09-26 16:26:29
2016,2016-04-01,Virginia,state,month,54,false,NVSS final,D77,2026-09-26 16:26:29
2016,2016-04-01,West Virginia,state,month,26,false,NVSS final,D77,2026-09-26 16:26:29
2016,2016-04-01,Wisconsin,state,month,17,false,NVSS final,D77,2026-09-26 16:26:29
2016,2016-05-01,Alabama,state,month,10,false,NVSS final,D77,2026-09-26 16:26:29
2016,2016-05-01,California,state,month,29,false,NVSS final,D77,2026-09-26 16:26:29
2016,2016-05-01,Connecticut,state,month,46,false,NVSS final,D77,2026-09-26 16:26:29
2016,2016-05-01,District of Columbia,state,month,19,false,NVSS final,D77,2026-09-26 16:26:29
2016,2016-05-01,Florida,state,month,90,false,NVSS final,D77,2026-09-26 16:26:29
2016,2016-05-01,Georgia,state,month,16,false,NVSS final,D77,2026-09-26 16:26:29
2016,2016-05-01,Illinois,state,month,91,false,NVSS final,D77,2026-09-26 16:26:29
2016,2016-05-01,Indiana,state,month,21,false,NVSS final,D77,2026-09-26 16:26:29
2016,2016-05-01,Kentucky,state,month,56,false,NVSS final,D77,2026-09-26 16:26:29
2016,2016-05-01,Maine,state,month,13,false,NVSS final,D77,2026-09-26 16:26:29
2016,2016-05-01,Maryland,state,month,105,false,NVSS final,D77,2026-09-26 16:26:29
2016,2016-05-01,Massachusetts,state,month,131,false,NVSS final,D77,2026-09-26 16:26:29
2016,2016-05-01,Michigan,state,month,67,false,NVSS final,D77,2026-09-26 16:26:29
2016,2016-05-01,Missouri,state,month,30,false,NVSS final,D77,2026-09-26 16:26:29
2016,2016-05-01,New Hampshire,state,month,34,false,NVSS final,D77,2026-09-26 16:26:29
2016,2016-05-01,New Jersey,state,month,39,false,NVSS final,D77,2026-09-26 16:26:29
2016,2016-05-01,New Mexico,state,month,13,false,NVSS final,D77,2026-09-26 16:26:29
2016,2016-05-01,New York,state,month,129,false,NVSS final,D77,2026-09-26 16:26:29
2016,2016-05-01,North Carolina,state,month,56,false,NVSS final,D77,2026-09-26 16:26:29
2016,2016-05-01,Ohio,state,month,163,false,NVSS final,D77,2026-09-26 16:26:29
2016,2016-05-01,Oklahoma,state,month,13,false,NVSS final,D77,2026-09-26 16:26:29
2016,2016-05-01,Pennsylvania,state,month,78,false,NVSS final,D77,2026-09-26 16:26:29
2016,2016-05-01,Rhode Island,state,month,15,false,NVSS final,D77,2026-09-26 16:26:29
2016,2016-05-01,South Carolina,state,month,17,false,NVSS final,D77,2026-09-26 16:26:29
2016,2016-05-01,Tennessee,state,month,32,false,NVSS final,D77,2026-09-26 16:26:29
2016,2016-05-01,Texas,state,month,25,false,NVSS final,D77,2026-09-26 16:26:29
2016,2016-05-01,United States,nation,month,1544,false,NVSS final,D77,2026-09-26 16:26:29
2016,2016-05-01,Virginia,state,month,59,false,NVSS final,D77,2026-09-26 16:26:29
2016,2016-05-01,Washington,state,month,17,false,NVSS final,D77,2026-09-26 16:26:29
2016,2016-05-01,West Virginia,state,month,25,false,NVSS final,D77,2026-09-26 16:26:29
2016,2016-05-01,Wisconsin,state,month,21,false,NVSS final,D77,2026-09-26 16:26:29
2016,2016-06-01,Alabama,state,month,32,false,NVSS final,D77,2026-09-26 16:26:29
2016,2016-06-01,California,state,month,26,false,NVSS final,D77,2026-09-26 16:26:29
2016,2016-06-01,Connecticut,state,month,50,false,NVSS final,D77,2026-09-26 16:26:29
2016,2016-06-01,Florida,state,month,72,false,NVSS final,D77,2026-09-26 16:26:29
2016,2016-06-01,Georgia,state,month,27,false,NVSS final,D77,2026-09-26 16:26:29
2016,2016-06-01,Illinois,state,month,88,false,NVSS final,D77,2026-09-26 16:26:29
2016,2016-06-01,Indiana,state,month,24,false,NVSS final,D77,2026-09-26 16:26:29
2016,2016-06-01,Kentucky,state,month,48,false,NVSS final,D77,2026-09-26 16:26:29
2016,2016-06-01,Maine,state,month,23,false,NVSS final,D77,2026-09-26 16:26:29
2016,2016-06-01,Maryland,state,month,113,false,NVSS final,D77,2026-09-26 16:26:29
2016,2016-06-01,Massachusetts,state,month,133,false,NVSS final,D77,2026-09-26 16:26:29
2016,2016-06-01,Michigan,state,month,45,false,NVSS final,D77,2026-09-26 16:26:29
2016,2016-06-01,Minnesota,state,month,11,false,NVSS final,D77,2026-09-26 16:26:29
2016,2016-06-01,Missouri,state,month,21,false,NVSS final,D77,2026-09-26 16:26:29
2016,2016-06-01,New Hampshire,state,month,21,false,NVSS final,D77,2026-09-26 16:26:29
2016,2016-06-01,New Jersey,state,month,29,false,NVSS final,D77,2026-09-26 16:26:29
2016,2016-06-01,New York,state,month,133,false,NVSS final,D77,2026-09-26 16:26:29
2016,2016-06-01,North Carolina,state,month,52,false,NVSS final,D77,2026-09-26 16:26:29
2016,2016-06-01,Ohio,state,month,161,false,NVSS final,D77,2026-09-26 16:26:29
2016,2016-06-01,Pennsylvania,state,month,74,false,NVSS final,D77,2026-09-26 16:26:29
2016,2016-06-01,Rhode Island,state,month,22,false,NVSS final,D77,2026-09-26 16:26:29
2016,2016-06-01,South Carolina,state,month,22,false,NVSS final,D77,2026-09-26 16:26:29
2016,2016-06-01,Tennessee,state,month,25,false,NVSS final,D77,2026-09-26 16:26:29
2016,2016-06-01,Texas,state,month,21,false,NVSS final,D77,2026-09-26 16:26:29
2016,2016-06-01,United States,nation,month,1461,false,NVSS final,D77,2026-09-26 16:26:29
2016,2016-06-01,Utah,state,month,11,false,NVSS final,D77,2026-09-26 16:26:29
2016,2016-06-01,Virginia,state,month,52,false,NVSS final,D77,2026-09-26 16:26:29
2016,2016-06-01,West Virginia,state,month,33,false,NVSS final,D77,2026-09-26 16:26:29
2016,2016-06-01,Wisconsin,state,month,14,false,NVSS final,D77,2026-09-26 16:26:29
2016,2016-07-01,Alabama,state,month,16,false,NVSS final,D77,2026-09-26 16:26:29
2016,2016-07-01,California,state,month,29,false,NVSS final,D77,2026-09-26 16:26:29
2016,2016-07-01,Connecticut,state,month,39,false,NVSS final,D77,2026-09-26 16:26:29
2016,2016-07-01,Delaware,state,month,11,false,NVSS final,D77,2026-09-26 16:26:29
2016,2016-07-01,District of Columbia,state,month,10,false,NVSS final,D77,2026-09-26 16:26:29
2016,2016-07-01,Florida,state,month,147,false,NVSS final,D77,2026-09-26 16:26:29
2016,2016-07-01,Georgia,state,month,14,false,NVSS final,D77,2026-09-26 16:26:29
2016,2016-07-01,Illinois,state,month,82,false,NVSS final,D77,2026-09-26 16:26:29
2016,2016-07-01,Indiana,state,month,17,false,NVSS final,D77,2026-09-26 16:26:29
2016,2016-07-01,Kentucky,state,month,17,false,NVSS final,D77,2026-09-26 16:26:29
2016,2016-07-01,Maine,state,month,21,false,NVSS final,D77,2026-09-26 16:26:29
2016,2016-07-01,Maryland,state,month,96,false,NVSS final,D77,2026-09-26 16:26:29
2016,2016-07-01,Massachusetts,state,month,129,false,NVSS final,D77,2026-09-26 16:26:29
2016,2016-07-01,Michigan,state,month,48,false,NVSS final,D77,2026-09-26 16:26:29
2016,2016-07-01,Missouri,state,month,37,false,NVSS final,D77,2026-09-26 16:26:29
2016,2016-07-01,New Hampshire,state,month,32,false,NVSS final,D77,2026-09-26 16:26:29
2016,2016-07-01,New Jersey,state,month,67,false,NVSS final,D77,2026-09-26 16:26:29
2016,2016-07-01,New York,state,month,150,false,NVSS final,D77,2026-09-26 16:26:29
2016,2016-07-01,North Carolina,state,month,50,false,NVSS final,D77,2026-09-26 16:26:29
2016,2016-07-01,Ohio,state,month,198,false,NVSS final,D77,2026-09-26 16:26:29
2016,2016-07-01,Pennsylvania,state,month,113,false,NVSS final,D77,2026-09-26 16:26:29
2016,2016-07-01,Rhode Island,state,month,19,false,NVSS final,D77,2026-09-26 16:26:29
2016,2016-07-01,South Carolina,state,month,26,false,NVSS final,D77,2026-09-26 16:26:29
2016,2016-07-01,Tennessee,state,month,36,false,NVSS final,D77,2026-09-26 16:26:29
2016,2016-07-01,Texas,state,month,19,false,NVSS final,D77,2026-09-26 16:26:29
2016,2016-07-01,United States,nation,month,1604,false,NVSS final,D77,2026-09-26 16:26:29
2016,2016-07-01,Virginia,state,month,39,false,NVSS final,D77,2026-09-26 16:26:29
2016,2016-07-01,Washington,state,month,11,false,NVSS final,D77,2026-09-26 16:26:29
2016,2016-07-01,West Virginia,state,month,38,false,NVSS final,D77,2026-09-26 16:26:29
2016,2016-07-01,Wisconsin,state,month,16,false,NVSS final,D77,2026-09-26 16:26:29
2016,2016-08-01,Alabama,state,month,19,false,NVSS final,D77,2026-09-26 16:26:29
2016,2016-08-01,Arizona,state,month,13,false,NVSS final,D77,2026-09-26 16:26:29
2016,2016-08-01,California,state,month,23,false,NVSS final,D77,2026-09-26 16:26:29
2016,2016-08-01,Connecticut,state,month,44,false,NVSS final,D77,2026-09-26 16:26:29
2016,2016-08-01,Florida,state,month,127,false,NVSS final,D77,2026-09-26 16:26:29
2016,2016-08-01,Georgia,state,month,16,false,NVSS final,D77,2026-09-26 16:26:29
2016,2016-08-01,Illinois,state,month,53,false,NVSS final,D77,2026-09-26 16:26:29
2016,2016-08-01,Indiana,state,month,27,false,NVSS final,D77,2026-09-26 16:26:29
2016,2016-08-01,Kentucky,state,month,53,false,NVSS final,D77,2026-09-26 16:26:29
2016,2016-08-01,Maine,state,month,13,false,NVSS final,D77,2026-09-26 16:26:29
2016,2016-08-01,Maryland,state,month,91,false,NVSS final,D77,2026-09-26 16:26:29
2016,2016-08-01,Massachusetts,state,month,116,false,NVSS final,D77,2026-09-26 16:26:29
2016,2016-08-01,Michigan,state,month,75,false,NVSS final,D77,2026-09-26 16:26:29
2016,2016-08-01,Missouri,state,month,37,false,NVSS final,D77,2026-09-26 16:26:29
2016,2016-08-01,New Hampshire,state,month,28,false,NVSS final,D77,2026-09-26 16:26:29
2016,2016-08-01,New Jersey,state,month,41,false,NVSS final,D77,2026-09-26 16:26:29
2016,2016-08-01,New York,state,month,140,false,NVSS final,D77,2026-09-26 16:26:29
2016,2016-08-01,North Carolina,state,month,62,false,NVSS final,D77,2026-09-26 16:26:29
2016,2016-08-01,Ohio,state,month,183,false,NVSS final,D77,2026-09-26 16:26:29
2016,2016-08-01,Oklahoma,state,month,11,false,NVSS final,D77,2026-09-26 16:26:29
2016,2016-08-01,Pennsylvania,state,month,107,false,NVSS final,D77,2026-09-26 16:26:29
2016,2016-08-01,Rhode Island,state,month,14,false,NVSS final,D77,2026-09-26 16:26:29
2016,2016-08-01,South Carolina,state,month,15,false,NVSS final,D77,2026-09-26 16:26:29
2016,2016-08-01,Tennessee,state,month,38,false,NVSS final,D77,2026-09-26 16:26:29
2016,2016-08-01,Texas,state,month,24,false,NVSS final,D77,2026-09-26 16:26:29
2016,2016-08-01,United States,nation,month,1576,false,NVSS final,D77,2026-09-26 16:26:29
2016,2016-08-01,Virginia,state,month,54,false,NVSS final,D77,2026-09-26 16:26:29
2016,2016-08-01,Washington,state,month,15,false,NVSS final,D77,2026-09-26 16:26:29
2016,2016-08-01,West Virginia,state,month,35,false,NVSS final,D77,2026-09-26 16:26:29
2016,2016-08-01,Wisconsin,state,month,27,false,NVSS final,D77,2026-09-26 16:26:29
2016,2016-09-01,Alabama,state,month,11,false,NVSS final,D77,2026-09-26 16:26:29
2016,2016-09-01,Arizona,state,month,12,false,NVSS final,D77,2026-09-26 16:26:29
2016,2016-09-01,California,state,month,22,false,NVSS final,D77,2026-09-26 16:26:29
2016,2016-09-01,Connecticut,state,month,40,false,NVSS final,D77,2026-09-26 16:26:29
2016,2016-09-01,District of Columbia,state,month,10,false,NVSS final,D77,2026-09-26 16:26:29
2016,2016-09-01,Florida,state,month,162,false,NVSS final,D77,2026-09-26 16:26:29
2016,2016-09-01,Georgia,state,month,19,false,NVSS final,D77,2026-09-26 16:26:29
2016,2016-09-01,Illinois,state,month,71,false,NVSS final,D77,2026-09-26 16:26:29
2016,2016-09-01,Indiana,state,month,26,false,NVSS final,D77,2026-09-26 16:26:29
2016,2016-09-01,Kentucky,state,month,33,false,NVSS final,D77,2026-09-26 16:26:29
2016,2016-09-01,Maine,state,month,22,false,NVSS final,D77,2026-09-26 16:26:29
2016,2016-09-01,Maryland,state,month,100,false,NVSS final,D77,2026-09-26 16:26:29
2016,2016-09-01,Massachusetts,state,month,141,false,NVSS final,D77,2026-09-26 16:26:29
2016,2016-09-01,Michigan,state,month,97,false,NVSS final,D77,2026-09-26 16:26:29
2016,2016-09-01,Minnesota,state,month,12,false,NVSS final,D77,2026-09-26 16:26:29
2016,2016-09-01,Missouri,state,month,46,false,NVSS final,D77,2026-09-26 16:26:29
2016,2016-09-01,New Hampshire,state,month,40,false,NVSS final,D77,2026-09-26 16:26:29
2016,2016-09-01,New Jersey,state,month,45,false,NVSS final,D77,2026-09-26 16:26:29
2016,2016-09-01,New York,state,month,143,false,NVSS final,D77,2026-09-26 16:26:29
2016,2016-09-01,North Carolina,state,month,42,false,NVSS final,D77,2026-09-26 16:26:29
2016,2016-09-01,Ohio,state,month,212,false,NVSS final,D77,2026-09-26 16:26:29
2016,2016-09-01,Pennsylvania,state,month,134,false,NVSS final,D77,2026-09-26 16:26:29
2016,2016-09-01,Rhode Island,state,month,12,false,NVSS final,D77,2026-09-26 16:26:29
2016,2016-09-01,South Carolina,state,month,21,false,NVSS final,D77,2026-09-26 16:26:29
2016,2016-09-01,Tennessee,state,month,25,false,NVSS final,D77,2026-09-26 16:26:29
2016,2016-09-01,Texas,state,month,18,false,NVSS final,D77,2026-09-26 16:26:29
2016,2016-09-01,United States,nation,month,1713,false,NVSS final,D77,2026-09-26 16:26:29
2016,2016-09-01,Virginia,state,month,55,false,NVSS final,D77,2026-09-26 16:26:29
2016,2016-09-01,West Virginia,state,month,43,false,NVSS final,D77,2026-09-26 16:26:29
2016,2016-09-01,Wisconsin,state,month,30,false,NVSS final,D77,2026-09-26 16:26:29
2016,2016-10-01,Alabama,state,month,10,false,NVSS final,D77,2026-09-26 16:26:29
2016,2016-10-01,Arizona,state,month,14,false,NVSS final,D77,2026-09-26 16:26:29
2016,2016-10-01,California,state,month,24,false,NVSS final,D77,2026-09-26 16:26:29
2016,2016-10-01,Colorado,state,month,11,false,NVSS final,D77,2026-09-26 16:26:29
2016,2016-10-01,Connecticut,state,month,35,false,NVSS final,D77,2026-09-26 16:26:29
2016,2016-10-01,District of Columbia,state,month,10,false,NVSS final,D77,2026-09-26 16:26:29
2016,2016-10-01,Florida,state,month,221,false,NVSS final,D77,2026-09-26 16:26:29
2016,2016-10-01,Georgia,state,month,26,false,NVSS final,D77,2026-09-26 16:26:29
2016,2016-10-01,Illinois,state,month,67,false,NVSS final,D77,2026-09-26 16:26:29
2016,2016-10-01,Indiana,state,month,26,false,NVSS final,D77,2026-09-26 16:26:29
2016,2016-10-01,Kentucky,state,month,36,false,NVSS final,D77,2026-09-26 16:26:29
2016,2016-10-01,Louisiana,state,month,11,false,NVSS final,D77,2026-09-26 16:26:29
2016,2016-10-01,Maine,state,month,10,false,NVSS final,D77,2026-09-26 16:26:29
2016,2016-10-01,Maryland,state,month,107,false,NVSS final,D77,2026-09-26 16:26:29
2016,2016-10-01,Massachusetts,state,month,148,false,NVSS final,D77,2026-09-26 16:26:29
2016,2016-10-01,Michigan,state,month,126,false,NVSS final,D77,2026-09-26 16:26:29
2016,2016-10-01,Minnesota,state,month,11,false,NVSS final,D77,2026-09-26 16:26:29
2016,2016-10-01,Missouri,state,month,43,false,NVSS final,D77,2026-09-26 16:26:29
2016,2016-10-01,New Hampshire,state,month,37,false,NVSS final,D77,2026-09-26 16:26:29
2016,2016-10-01,New Jersey,state,month,73,false,NVSS final,D77,2026-09-26 16:26:29
2016,2016-10-01,New York,state,month,139,false,NVSS final,D77,2026-09-26 16:26:29
2016,2016-10-01,North Carolina,state,month,45,false,NVSS final,D77,2026-09-26 16:26:29
2016,2016-10-01,Ohio,state,month,217,false,NVSS final,D77,2026-09-26 16:26:29
2016,2016-10-01,Pennsylvania,state,month,146,false,NVSS final,D77,2026-09-26 16:26:29
2016,2016-10-01,Rhode Island,state,month,16,false,NVSS final,D77,2026-09-26 16:26:29
2016,2016-10-01,South Carolina,state,month,28,false,NVSS final,D77,2026-09-26 16:26:29
2016,2016-10-01,Tennessee,state,month,33,false,NVSS final,D77,2026-09-26 16:26:29
2016,2016-10-01,Texas,state,month,23,false,NVSS final,D77,2026-09-26 16:26:29
2016,2016-10-01,United States,nation,month,1885,false,NVSS final,D77,2026-09-26 16:26:29
2016,2016-10-01,Virginia,state,month,65,false,NVSS final,D77,2026-09-26 16:26:29
2016,2016-10-01,West Virginia,state,month,41,false,NVSS final,D77,2026-09-26 16:26:29
2016,2016-10-01,Wisconsin,state,month,28,false,NVSS final,D77,2026-09-26 16:26:29
2016,2016-11-01,Alabama,state,month,15,false,NVSS final,D77,2026-09-26 16:26:29
2016,2016-11-01,Arizona,state,month,18,false,NVSS final,D77,2026-09-26 16:26:29
2016,2016-11-01,California,state,month,32,false,NVSS final,D77,2026-09-26 16:26:29
2016,2016-11-01,Connecticut,state,month,53,false,NVSS final,D77,2026-09-26 16:26:29
2016,2016-11-01,District of Columbia,state,month,25,false,NVSS final,D77,2026-09-26 16:26:29
2016,2016-11-01,Florida,state,month,184,false,NVSS final,D77,2026-09-26 16:26:29
2016,2016-11-01,Georgia,state,month,36,false,NVSS final,D77,2026-09-26 16:26:29
2016,2016-11-01,Illinois,state,month,78,false,NVSS final,D77,2026-09-26 16:26:29
2016,2016-11-01,Indiana,state,month,36,false,NVSS final,D77,2026-09-26 16:26:29
2016,2016-11-01,Kentucky,state,month,25,false,NVSS final,D77,2026-09-26 16:26:29
2016,2016-11-01,Maine,state,month,23,false,NVSS final,D77,2026-09-26 16:26:29
2016,2016-11-01,Maryland,state,month,102,false,NVSS final,D77,2026-09-26 16:26:29
2016,2016-11-01,Massachusetts,state,month,140,false,NVSS final,D77,2026-09-26 16:26:29
2016,2016-11-01,Michigan,state,month,110,false,NVSS final,D77,2026-09-26 16:26:29
2016,2016-11-01,Minnesota,state,month,10,false,NVSS final,D77,2026-09-26 16:26:29
2016,2016-11-01,Missouri,state,month,47,false,NVSS final,D77,2026-09-26 16:26:29
2016,2016-11-01,New Hampshire,state,month,23,false,NVSS final,D77,2026-09-26 16:26:29
2016,2016-11-01,New Jersey,state,month,89,false,NVSS final,D77,2026-09-26 16:26:29
2016,2016-11-01,New York,state,month,149,false,NVSS final,D77,2026-09-26 16:26:29
2016,2016-11-01,North Carolina,state,month,57,false,NVSS final,D77,2026-09-26 16:26:29
2016,2016-11-01,Ohio,state,month,210,false,NVSS final,D77,2026-09-26 16:26:29
2016,2016-11-01,Pennsylvania,state,month,194,false,NVSS final,D77,2026-09-26 16:26:29
2016,2016-11-01,Rhode Island,state,month,24,false,NVSS final,D77,2026-09-26 16:26:29
2016,2016-11-01,South Carolina,state,month,14,false,NVSS final,D77,2026-09-26 16:26:29
2016,2016-11-01,Tennessee,state,month,47,false,NVSS final,D77,2026-09-26 16:26:29
2016,2016-11-01,Texas,state,month,25,false,NVSS final,D77,2026-09-26 16:26:29
2016,2016-11-01,United States,nation,month,1987,false,NVSS final,D77,2026-09-26 16:26:29
2016,2016-11-01,Virginia,state,month,62,false,NVSS final,D77,2026-09-26 16:26:29
2016,2016-11-01,West Virginia,state,month,51,false,NVSS final,D77,2026-09-26 16:26:29
2016,2016-11-01,Wisconsin,state,month,21,false,NVSS final,D77,2026-09-26 16:26:29
2016,2016-12-01,Alabama,state,month,18,false,NVSS final,D77,2026-09-26 16:26:29
2016,2016-12-01,Arizona,state,month,10,false,NVSS final,D77,2026-09-26 16:26:29
2016,2016-12-01,California,state,month,40,false,NVSS final,D77,2026-09-26 16:26:29
2016,2016-12-01,Connecticut,state,month,56,false,NVSS final,D77,2026-09-26 16:26:29
2016,2016-12-01,Delaware,state,month,15,false,NVSS final,D77,2026-09-26 16:26:29
2016,2016-12-01,District of Columbia,state,month,13,false,NVSS final,D77,2026-09-26 16:26:29
2016,2016-12-01,Florida,state,month,161,false,NVSS final,D77,2026-09-26 16:26:29
2016,2016-12-01,Georgia,state,month,29,false,NVSS final,D77,2026-09-26 16:26:29
2016,2016-12-01,Illinois,state,month,102,false,NVSS final,D77,2026-09-26 16:26:29
2016,2016-12-01,Indiana,state,month,50,false,NVSS final,D77,2026-09-26 16:26:29
2016,2016-12-01,Kentucky,state,month,65,false,NVSS final,D77,2026-09-26 16:26:29
2016,2016-12-01,Maine,state,month,24,false,NVSS final,D77,2026-09-26 16:26:29
2016,2016-12-01,Maryland,state,month,136,false,NVSS final,D77,2026-09-26 16:26:29
2016,2016-12-01,Massachusetts,state,month,110,false,NVSS final,D77,2026-09-26 16:26:29
2016,2016-12-01,Michigan,state,month,115,false,NVSS final,D77,2026-09-26 16:26:29
2016,2016-12-01,Minnesota,state,month,10,false,NVSS final,D77,2026-09-26 16:26:29
2016,2016-12-01,Mississippi,state,month,10,false,NVSS final,D77,2026-09-26 16:26:29
2016,2016-12-01,Missouri,state,month,67,false,NVSS final,D77,2026-09-26 16:26:29
2016,2016-12-01,New Hampshire,state,month,26,false,NVSS final,D77,2026-09-26 16:26:29
2016,2016-12-01,New Jersey,state,month,87,false,NVSS final,D77,2026-09-26 16:26:29
2016,2016-12-01,New York,state,month,168,false,NVSS final,D77,2026-09-26 16:26:29
2016,2016-12-01,North Carolina,state,month,50,false,NVSS final,D77,2026-09-26 16:26:29
2016,2016-12-01,Ohio,state,month,259,false,NVSS final,D77,2026-09-26 16:26:29
2016,2016-12-01,Oklahoma,state,month,13,false,NVSS final,D77,2026-09-26 16:26:29
2016,2016-12-01,Pennsylvania,state,month,205,false,NVSS final,D77,2026-09-26 16:26:29
2016,2016-12-01,Rhode Island,state,month,14,false,NVSS final,D77,2026-09-26 16:26:29
2016,2016-12-01,South Carolina,state,month,28,false,NVSS final,D77,2026-09-26 16:26:29
2016,2016-12-01,Tennessee,state,month,45,false,NVSS final,D77,2026-09-26 16:26:29
2016,2016-12-01,Texas,state,month,28,false,NVSS final,D77,2026-09-26 16:26:29
2016,2016-12-01,United States,nation,month,2160,false,NVSS final,D77,2026-09-26 16:26:29
2016,2016-12-01,Virginia,state,month,59,false,NVSS final,D77,2026-09-26 16:26:29
2016,2016-12-01,West Virginia,state,month,57,false,NVSS final,D77,2026-09-26 16:26:29
2016,2016-12-01,Wisconsin,state,month,31,false,NVSS final,D77,2026-09-26 16:26:29
2017,2017-01-01,Alabama,state,month,11,false,NVSS final,D77,2026-09-26 16:26:29
2017,2017-01-01,Arizona,state,month,13,false,NVSS final,D77,2026-09-26 16:26:29
2017,2017-01-01,California,state,month,43,false,NVSS final,D77,2026-09-26 16:26:29
2017,2017-01-01,Connecticut,state,month,50,false,NVSS final,D77,2026-09-26 16:26:29
2017,2017-01-01,Delaware,state,month,18,false,NVSS final,D77,2026-09-26 16:26:29
2017,2017-01-01,Florida,state,month,177,false,NVSS final,D77,2026-09-26 16:26:29
2017,2017-01-01,Georgia,state,month,48,false,NVSS final,D77,2026-09-26 16:26:29
2017,2017-01-01,Illinois,state,month,100,false,NVSS final,D77,2026-09-26 16:26:29
2017,2017-01-01,Indiana,state,month,53,false,NVSS final,D77,2026-09-26 16:26:29
2017,2017-01-01,Iowa,state,month,13,false,NVSS final,D77,2026-09-26 16:26:29
2017,2017-01-01,Kentucky,state,month,77,false,NVSS final,D77,2026-09-26 16:26:29
2017,2017-01-01,Louisiana,state,month,18,false,NVSS final,D77,2026-09-26 16:26:29
2017,2017-01-01,Maine,state,month,14,false,NVSS final,D77,2026-09-26 16:26:29
2017,2017-01-01,Maryland,state,month,142,false,NVSS final,D77,2026-09-26 16:26:29
2017,2017-01-01,Massachusetts,state,month,134,false,NVSS final,D77,2026-09-26 16:26:29
2017,2017-01-01,Michigan,state,month,138,false,NVSS final,D77,2026-09-26 16:26:29
2017,2017-01-01,Minnesota,state,month,15,false,NVSS final,D77,2026-09-26 16:26:29
2017,2017-01-01,Missouri,state,month,43,false,NVSS final,D77,2026-09-26 16:26:29
2017,2017-01-01,New Hampshire,state,month,24,false,NVSS final,D77,2026-09-26 16:26:29
2017,2017-01-01,New Jersey,state,month,113,false,NVSS final,D77,2026-09-26 16:26:29
2017,2017-01-01,New York,state,month,201,false,NVSS final,D77,2026-09-26 16:26:29
2017,2017-01-01,North Carolina,state,month,91,false,NVSS final,D77,2026-09-26 16:26:29
2017,2017-01-01,Ohio,state,month,356,false,NVSS final,D77,2026-09-26 16:26:29
2017,2017-01-01,Oklahoma,state,month,13,false,NVSS final,D77,2026-09-26 16:26:29
2017,2017-01-01,Pennsylvania,state,month,195,false,NVSS final,D77,2026-09-26 16:26:29
2017,2017-01-01,Rhode Island,state,month,17,false,NVSS final,D77,2026-09-26 16:26:29
2017,2017-01-01,South Carolina,state,month,31,false,NVSS final,D77,2026-09-26 16:26:29
2017,2017-01-01,Tennessee,state,month,40,false,NVSS final,D77,2026-09-26 16:26:29
2017,2017-01-01,Texas,state,month,32,false,NVSS final,D77,2026-09-26 16:26:29
2017,2017-01-01,United States,nation,month,2454,false,NVSS final,D77,2026-09-26 16:26:29
2017,2017-01-01,Utah,state,month,12,false,NVSS final,D77,2026-09-26 16:26:29
2017,2017-01-01,Virginia,state,month,69,false,NVSS final,D77,2026-09-26 16:26:29
2017,2017-01-01,Washington,state,month,12,false,NVSS final,D77,2026-09-26 16:26:29
2017,2017-01-01,West Virginia,state,month,60,false,NVSS final,D77,2026-09-26 16:26:29
2017,2017-01-01,Wisconsin,state,month,26,false,NVSS final,D77,2026-09-26 16:26:29
2017,2017-02-01,Alabama,state,month,13,false,NVSS final,D77,2026-09-26 16:26:29
2017,2017-02-01,Arizona,state,month,14,false,NVSS final,D77,2026-09-26 16:26:29
2017,2017-02-01,California,state,month,30,false,NVSS final,D77,2026-09-26 16:26:29
2017,2017-02-01,Connecticut,state,month,50,false,NVSS final,D77,2026-09-26 16:26:29
2017,2017-02-01,District of Columbia,state,month,22,false,NVSS final,D77,2026-09-26 16:26:29
2017,2017-02-01,Florida,state,month,139,false,NVSS final,D77,2026-09-26 16:26:29
2017,2017-02-01,Georgia,state,month,28,false,NVSS final,D77,2026-09-26 16:26:29
2017,2017-02-01,Illinois,state,month,95,false,NVSS final,D77,2026-09-26 16:26:29
2017,2017-02-01,Indiana,state,month,63,false,NVSS final,D77,2026-09-26 16:26:29
2017,2017-02-01,Iowa,state,month,10,false,NVSS final,D77,2026-09-26 16:26:29
2017,2017-02-01,Kentucky,state,month,68,false,NVSS final,D77,2026-09-26 16:26:29
2017,2017-02-01,Louisiana,state,month,15,false,NVSS final,D77,2026-09-26 16:26:29
2017,2017-02-01,Maine,state,month,10,false,NVSS final,D77,2026-09-26 16:26:29
2017,2017-02-01,Maryland,state,month,104,false,NVSS final,D77,2026-09-26 16:26:29
2017,2017-02-01,Massachusetts,state,month,132,false,NVSS final,D77,2026-09-26 16:26:29
2017,2017-02-01,Michigan,state,month,101,false,NVSS final,D77,2026-09-26 16:26:29
2017,2017-02-01,Minnesota,state,month,13,false,NVSS final,D77,2026-09-26 16:26:29
2017,2017-02-01,Missouri,state,month,52,false,NVSS final,D77,2026-09-26 16:26:29
2017,2017-02-01,New Hampshire,state,month,26,false,NVSS final,D77,2026-09-26 16:26:29
2017,2017-02-01,New Jersey,state,month,89,false,NVSS final,D77,2026-09-26 16:26:29
2017,2017-02-01,New York,state,month,166,false,NVSS final,D77,2026-09-26 16:26:29
2017,2017-02-01,North Carolina,state,month,101,false,NVSS final,D77,2026-09-26 16:26:29
2017,2017-02-01,Ohio,state,month,362,false,NVSS final,D77,2026-09-26 16:26:29
2017,2017-02-01,Oklahoma,state,month,15,false,NVSS final,D77,2026-09-26 16:26:29
2017,2017-02-01,Pennsylvania,state,month,211,false,NVSS final,D77,2026-09-26 16:26:29
2017,2017-02-01,Rhode Island,state,month,17,false,NVSS final,D77,2026-09-26 16:26:29
2017,2017-02-01,South Carolina,state,month,19,false,NVSS final,D77,2026-09-26 16:26:29
2017,2017-02-01,Tennessee,state,month,37,false,NVSS final,D77,2026-09-26 16:26:29
2017,2017-02-01,Texas,state,month,29,false,NVSS final,D77,2026-09-26 16:26:29
2017,2017-02-01,United States,nation,month,2274,false,NVSS final,D77,2026-09-26 16:26:29
2017,2017-02-01,Virginia,state,month,78,false,NVSS final,D77,2026-09-26 16:26:29
2017,2017-02-01,West Virginia,state,month,59,false,NVSS final,D77,2026-09-26 16:26:29
2017,2017-02-01,Wisconsin,state,month,35,false,NVSS final,D77,2026-09-26 16:26:29
2017,2017-03-01,Alabama,state,month,13,false,NVSS final,D77,2026-09-26 16:26:29
2017,2017-03-01,Arizona,state,month,23,false,NVSS final,D77,2026-09-26 16:26:29
2017,2017-03-01,California,state,month,43,false,NVSS final,D77,2026-09-26 16:26:29
2017,2017-03-01,Colorado,state,month,10,false,NVSS final,D77,2026-09-26 16:26:29
2017,2017-03-01,Connecticut,state,month,60,false,NVSS final,D77,2026-09-26 16:26:29
2017,2017-03-01,District of Columbia,state,month,26,false,NVSS final,D77,2026-09-26 16:26:29
2017,2017-03-01,Florida,state,month,182,false,NVSS final,D77,2026-09-26 16:26:29
2017,2017-03-01,Georgia,state,month,39,false,NVSS final,D77,2026-09-26 16:26:29
2017,2017-03-01,Illinois,state,month,83,false,NVSS final,D77,2026-09-26 16:26:29
2017,2017-03-01,Indiana,state,month,53,false,NVSS final,D77,2026-09-26 16:26:29
2017,2017-03-01,Kentucky,state,month,79,false,NVSS final,D77,2026-09-26 16:26:29
2017,2017-03-01,Maine,state,month,23,false,NVSS final,D77,2026-09-26 16:26:29
2017,2017-03-01,Maryland,state,month,117,false,NVSS final,D77,2026-09-26 16:26:29
2017,2017-03-01,Massachusetts,state,month,141,false,NVSS final,D77,2026-09-26 16:26:29
2017,2017-03-01,Michigan,state,month,104,false,NVSS final,D77,2026-09-26 16:26:29
2017,2017-03-01,Mississippi,state,month,10,false,NVSS final,D77,2026-09-26 16:26:29
2017,2017-03-01,Missouri,state,month,67,false,NVSS final,D77,2026-09-26 16:26:29
2017,2017-03-01,New Hampshire,state,month,25,false,NVSS final,D77,2026-09-26 16:26:29
2017,2017-03-01,New Jersey,state,month,129,false,NVSS final,D77,2026-09-26 16:26:29
2017,2017-03-01,New York,state,month,178,false,NVSS final,D77,2026-09-26 16:26:29
2017,2017-03-01,North Carolina,state,month,97,false,NVSS final,D77,2026-09-26 16:26:29
2017,2017-03-01,Ohio,state,month,283,false,NVSS final,D77,2026-09-26 16:26:29
2017,2017-03-01,Oklahoma,state,month,11,false,NVSS final,D77,2026-09-26 16:26:29
2017,2017-03-01,Pennsylvania,state,month,207,false,NVSS final,D77,2026-09-26 16:26:29
2017,2017-03-01,Rhode Island,state,month,20,false,NVSS final,D77,2026-09-26 16:26:29
2017,2017-03-01,South Carolina,state,month,22,false,NVSS final,D77,2026-09-26 16:26:29
2017,2017-03-01,Tennessee,state,month,47,false,NVSS final,D77,2026-09-26 16:26:29
2017,2017-03-01,Texas,state,month,37,false,NVSS final,D77,2026-09-26 16:26:29
2017,2017-03-01,United States,nation,month,2348,false,NVSS final,D77,2026-09-26 16:26:29
2017,2017-03-01,Virginia,state,month,60,false,NVSS final,D77,2026-09-26 16:26:29
2017,2017-03-01,Washington,state,month,14,false,NVSS final,D77,2026-09-26 16:26:29
2017,2017-03-01,West Virginia,state,month,51,false,NVSS final,D77,2026-09-26 16:26:29
2017,2017-03-01,Wisconsin,state,month,20,false,NVSS final,D77,2026-09-26 16:26:29
2017,2017-04-01,Arizona,state,month,11,false,NVSS final,D77,2026-09-26 16:26:29
2017,2017-04-01,California,state,month,41,false,NVSS final,D77,2026-09-26 16:26:29
2017,2017-04-01,Colorado,state,month,12,false,NVSS final,D77,2026-09-26 16:26:29
2017,2017-04-01,Connecticut,state,month,46,false,NVSS final,D77,2026-09-26 16:26:29
2017,2017-04-01,Delaware,state,month,10,false,NVSS final,D77,2026-09-26 16:26:29
2017,2017-04-01,District of Columbia,state,month,22,false,NVSS final,D77,2026-09-26 16:26:29
2017,2017-04-01,Florida,state,month,132,false,NVSS final,D77,2026-09-26 16:26:29
2017,2017-04-01,Georgia,state,month,40,false,NVSS final,D77,2026-09-26 16:26:29
2017,2017-04-01,Illinois,state,month,69,false,NVSS final,D77,2026-09-26 16:26:29
2017,2017-04-01,Indiana,state,month,39,false,NVSS final,D77,2026-09-26 16:26:29
2017,2017-04-01,Kentucky,state,month,70,false,NVSS final,D77,2026-09-26 16:26:29
2017,2017-04-01,Louisiana,state,month,13,false,NVSS final,D77,2026-09-26 16:26:29
2017,2017-04-01,Maine,state,month,36,false,NVSS final,D77,2026-09-26 16:26:29
2017,2017-04-01,Maryland,state,month,135,false,NVSS final,D77,2026-09-26 16:26:29
2017,2017-04-01,Massachusetts,state,month,122,false,NVSS final,D77,2026-09-26 16:26:29
2017,2017-04-01,Michigan,state,month,81,false,NVSS final,D77,2026-09-26 16:26:29
2017,2017-04-01,Minnesota,state,month,10,false,NVSS final,D77,2026-09-26 16:26:29
2017,2017-04-01,Missouri,state,month,38,false,NVSS final,D77,2026-09-26 16:26:29
2017,2017-04-01,New Hampshire,state,month,43,false,NVSS final,D77,2026-09-26 16:26:29
2017,2017-04-01,New Jersey,state,month,119,false,NVSS final,D77,2026-09-26 16:26:29
2017,2017-04-01,New York,state,month,170,false,NVSS final,D77,2026-09-26 16:26:29
2017,2017-04-01,North Carolina,state,month,88,false,NVSS final,D77,2026-09-26 16:26:29
2017,2017-04-01,Ohio,state,month,365,false,NVSS final,D77,2026-09-26 16:26:29
2017,2017-04-01,Oregon,state,month,10,false,NVSS final,D77,2026-09-26 16:26:29
2017,2017-04-01,Pennsylvania,state,month,179,false,NVSS final,D77,2026-09-26 16:26:29
2017,2017-04-01,Rhode Island,state,month,13,false,NVSS final,D77,2026-09-26 16:26:29
2017,2017-04-01,South Carolina,state,month,25,false,NVSS final,D77,2026-09-26 16:26:29
2017,2017-04-01,Tennessee,state,month,51,false,NVSS final,D77,2026-09-26 16:26:29
2017,2017-04-01,Texas,state,month,24,false,NVSS final,D77,2026-09-26 16:26:29
2017,2017-04-01,United States,nation,month,2236,false,NVSS final,D77,2026-09-26 16:26:29
2017,2017-04-01,Virginia,state,month,51,false,NVSS final,D77,2026-09-26 16:26:29
2017,2017-04-01,West Virginia,state,month,62,false,NVSS final,D77,2026-09-26 16:26:29
2017,2017-04-01,Wisconsin,state,month,32,false,NVSS final,D77,2026-09-26 16:26:29
2017,2017-05-01,Alabama,state,month,23,false,NVSS final,D77,2026-09-26 16:26:29
2017,2017-05-01,Alaska,state,month,11,false,NVSS final,D77,2026-09-26 16:26:29
2017,2017-05-01,Arizona,state,month,24,false,NVSS final,D77,2026-09-26 16:26:29
2017,2017-05-01,Arkansas,state,month,10,false,NVSS final,D77,2026-09-26 16:26:29
2017,2017-05-01,California,state,month,47,false,NVSS final,D77,2026-09-26 16:26:29
2017,2017-05-01,Connecticut,state,month,69,false,NVSS final,D77,2026-09-26 16:26:29
2017,2017-05-01,Delaware,state,month,14,false,NVSS final,D77,2026-09-26 16:26:29
2017,2017-05-01,District of Columbia,state,month,25,false,NVSS final,D77,2026-09-26 16:26:29
2017,2017-05-01,Florida,state,month,148,false,NVSS final,D77,2026-09-26 16:26:29
2017,2017-05-01,Georgia,state,month,43,false,NVSS final,D77,2026-09-26 16:26:29
2017,2017-05-01,Illinois,state,month,71,false,NVSS final,D77,2026-09-26 16:26:29
2017,2017-05-01,Indiana,state,month,36,false,NVSS final,D77,2026-09-26 16:26:29
2017,2017-05-01,Kentucky,state,month,58,false,NVSS final,D77,2026-09-26 16:26:29
2017,2017-05-01,Maine,state,month,20,false,NVSS final,D77,2026-09-26 16:26:29
2017,2017-05-01,Maryland,state,month,136,false,NVSS final,D77,2026-09-26 16:26:29
2017,2017-05-01,Massachusetts,state,month,103,false,NVSS final,D77,2026-09-26 16:26:29
2017,2017-05-01,Michigan,state,month,102,false,NVSS final,D77,2026-09-26 16:26:29
2017,2017-05-01,Minnesota,state,month,15,false,NVSS final,D77,2026-09-26 16:26:29
2017,2017-05-01,Missouri,state,month,49,false,NVSS final,D77,2026-09-26 16:26:29
2017,2017-05-01,New Hampshire,state,month,28,false,NVSS final,D77,2026-09-26 16:26:29
2017,2017-05-01,New Jersey,state,month,112,false,NVSS final,D77,2026-09-26 16:26:29
2017,2017-05-01,New York,state,month,226,false,NVSS final,D77,2026-09-26 16:26:29
2017,2017-05-01,North Carolina,state,month,111,false,NVSS final,D77,2026-09-26 16:26:29
2017,2017-05-01,Ohio,state,month,328,false,NVSS final,D77,2026-09-26 16:26:29
2017,2017-05-01,Oregon,state,month,11,false,NVSS final,D77,2026-09-26 16:26:29
2017,2017-05-01,Pennsylvania,state,month,169,false,NVSS final,D77,2026-09-26 16:26:29
2017,2017-05-01,South Carolina,state,month,39,false,NVSS final,D77,2026-09-26 16:26:29
2017,2017-05-01,Tennessee,state,month,46,false,NVSS final,D77,2026-09-26 16:26:29
2017,2017-05-01,Texas,state,month,23,false,NVSS final,D77,2026-09-26 16:26:29
2017,2017-05-01,United States,nation,month,2334,false,NVSS final,D77,2026-09-26 16:26:29
2017,2017-05-01,Virginia,state,month,66,false,NVSS final,D77,2026-09-26 16:26:29
2017,2017-05-01,Washington,state,month,10,false,NVSS final,D77,2026-09-26 16:26:29
2017,2017-05-01,West Virginia,state,month,49,false,NVSS final,D77,2026-09-26 16:26:29
2017,2017-05-01,Wisconsin,state,month,30,false,NVSS final,D77,2026-09-26 16:26:29
2017,2017-06-01,Alabama,state,month,23,false,NVSS final,D77,2026-09-26 16:26:29
2017,2017-06-01,Arizona,state,month,30,false,NVSS final,D77,2026-09-26 16:26:29
2017,2017-06-01,California,state,month,39,false,NVSS final,D77,2026-09-26 16:26:29
2017,2017-06-01,Connecticut,state,month,61,false,NVSS final,D77,2026-09-26 16:26:29
2017,2017-06-01,Delaware,state,month,14,false,NVSS final,D77,2026-09-26 16:26:29
2017,2017-06-01,District of Columbia,state,month,14,false,NVSS final,D77,2026-09-26 16:26:29
2017,2017-06-01,Florida,state,month,189,false,NVSS final,D77,2026-09-26 16:26:29
2017,2017-06-01,Georgia,state,month,29,false,NVSS final,D77,2026-09-26 16:26:29
2017,2017-06-01,Illinois,state,month,77,false,NVSS final,D77,2026-09-26 16:26:29
2017,2017-06-01,Indiana,state,month,41,false,NVSS final,D77,2026-09-26 16:26:29
2017,2017-06-01,Kentucky,state,month,45,false,NVSS final,D77,2026-09-26 16:26:29
2017,2017-06-01,Louisiana,state,month,11,false,NVSS final,D77,2026-09-26 16:26:29
2017,2017-06-01,Maine,state,month,23,false,NVSS final,D77,2026-09-26 16:26:29
2017,2017-06-01,Maryland,state,month,137,false,NVSS final,D77,2026-09-26 16:26:29
2017,2017-06-01,Massachusetts,state,month,112,false,NVSS final,D77,2026-09-26 16:26:29
2017,2017-06-01,Michigan,state,month,91,false,NVSS final,D77,2026-09-26 16:26:29
2017,2017-06-01,Minnesota,state,month,15,false,NVSS final,D77,2026-09-26 16:26:29
2017,2017-06-01,Missouri,state,month,53,false,NVSS final,D77,2026-09-26 16:26:29
2017,2017-06-01,New Hampshire,state,month,30,false,NVSS final,D77,2026-09-26 16:26:29
2017,2017-06-01,New Jersey,state,month,122,false,NVSS final,D77,2026-09-26 16:26:29
2017,2017-06-01,New York,state,month,218,false,NVSS final,D77,2026-09-26 16:26:29
2017,2017-06-01,North Carolina,state,month,121,false,NVSS final,D77,2026-09-26 16:26:29
2017,2017-06-01,Ohio,state,month,282,false,NVSS final,D77,2026-09-26 16:26:29
2017,2017-06-01,Oregon,state,month,12,false,NVSS final,D77,2026-09-26 16:26:29
2017,2017-06-01,Pennsylvania,state,month,159,false,NVSS final,D77,2026-09-26 16:26:29
2017,2017-06-01,Rhode Island,state,month,16,false,NVSS final,D77,2026-09-26 16:26:29
2017,2017-06-01,South Carolina,state,month,45,false,NVSS final,D77,2026-09-26 16:26:29
2017,2017-06-01,Tennessee,state,month,53,false,NVSS final,D77,2026-09-26 16:26:29
2017,2017-06-01,Texas,state,month,25,false,NVSS final,D77,2026-09-26 16:26:29
2017,2017-06-01,United States,nation,month,2340,false,NVSS final,D77,2026-09-26 16:26:29
2017,2017-06-01,Virginia,state,month,68,false,NVSS final,D77,2026-09-26 16:26:29
2017,2017-06-01,West Virginia,state,month,56,false,NVSS final,D77,2026-09-26 16:26:29
2017,2017-06-01,Wisconsin,state,month,49,false,NVSS final,D77,2026-09-26 16:26:29
2017,2017-07-01,Alabama,state,month,16,false,NVSS final,D77,2026-09-26 16:26:29
2017,2017-07-01,Arizona,state,month,25,false,NVSS final,D77,2026-09-26 16:26:29
2017,2017-07-01,Arkansas,state,month,12,false,NVSS final,D77,2026-09-26 16:26:29
2017,2017-07-01,California,state,month,40,false,NVSS final,D77,2026-09-26 16:26:29
2017,2017-07-01,Connecticut,state,month,69,false,NVSS final,D77,2026-09-26 16:26:29
2017,2017-07-01,Delaware,state,month,20,false,NVSS final,D77,2026-09-26 16:26:29
2017,2017-07-01,District of Columbia,state,month,10,false,NVSS final,D77,2026-09-26 16:26:29
2017,2017-07-01,Florida,state,month,158,false,NVSS final,D77,2026-09-26 16:26:29
2017,2017-07-01,Georgia,state,month,29,false,NVSS final,D77,2026-09-26 16:26:29
2017,2017-07-01,Illinois,state,month,82,false,NVSS final,D77,2026-09-26 16:26:29
2017,2017-07-01,Indiana,state,month,55,false,NVSS final,D77,2026-09-26 16:26:29
2017,2017-07-01,Kentucky,state,month,52,false,NVSS final,D77,2026-09-26 16:26:29
2017,2017-07-01,Louisiana,state,month,13,false,NVSS final,D77,2026-09-26 16:26:29
2017,2017-07-01,Maine,state,month,22,false,NVSS final,D77,2026-09-26 16:26:29
2017,2017-07-01,Maryland,state,month,115,false,NVSS final,D77,2026-09-26 16:26:29
2017,2017-07-01,Massachusetts,state,month,144,false,NVSS final,D77,2026-09-26 16:26:29
2017,2017-07-01,Michigan,state,month,118,false,NVSS final,D77,2026-09-26 16:26:29
2017,2017-07-01,Missouri,state,month,48,false,NVSS final,D77,2026-09-26 16:26:29
2017,2017-07-01,New Hampshire,state,month,36,false,NVSS final,D77,2026-09-26 16:26:29
2017,2017-07-01,New Jersey,state,month,103,false,NVSS final,D77,2026-09-26 16:26:29
2017,2017-07-01,New Mexico,state,month,10,false,NVSS final,D77,2026-09-26 16:26:29
2017,2017-07-01,New York,state,month,200,false,NVSS final,D77,2026-09-26 16:26:29
2017,2017-07-01,North Carolina,state,month,104,false,NVSS final,D77,2026-09-26 16:26:29
2017,2017-07-01,Ohio,state,month,276,false,NVSS final,D77,2026-09-26 16:26:29
2017,2017-07-01,Oklahoma,state,month,10,false,NVSS final,D77,2026-09-26 16:26:29
2017,2017-07-01,Oregon,state,month,11,false,NVSS final,D77,2026-09-26 16:26:29
2017,2017-07-01,Pennsylvania,state,month,148,false,NVSS final,D77,2026-09-26 16:26:29
2017,2017-07-01,Rhode Island,state,month,17,false,NVSS final,D77,2026-09-26 16:26:29
2017,2017-07-01,South Carolina,state,month,28,false,NVSS final,D77,2026-09-26 16:26:29
2017,2017-07-01,Tennessee,state,month,44,false,NVSS final,D77,2026-09-26 16:26:29
2017,2017-07-01,Texas,state,month,20,false,NVSS final,D77,2026-09-26 16:26:29
2017,2017-07-01,United States,nation,month,2278,false,NVSS final,D77,2026-09-26 16:26:29
2017,2017-07-01,Virginia,state,month,68,false,NVSS final,D77,2026-09-26 16:26:29
2017,2017-07-01,Washington,state,month,13,false,NVSS final,D77,2026-09-26 16:26:29
2017,2017-07-01,West Virginia,state,month,48,false,NVSS final,D77,2026-09-26 16:26:29
2017,2017-07-01,Wisconsin,state,month,57,false,NVSS final,D77,2026-09-26 16:26:29
2017,2017-08-01,Alabama,state,month,18,false,NVSS final,D77,2026-09-26 16:26:29
2017,2017-08-01,Arizona,state,month,22,false,NVSS final,D77,2026-09-26 16:26:29
2017,2017-08-01,California,state,month,52,false,NVSS final,D77,2026-09-26 16:26:29
2017,2017-08-01,Colorado,state,month,11,false,NVSS final,D77,2026-09-26 16:26:29
2017,2017-08-01,Connecticut,state,month,52,false,NVSS final,D77,2026-09-26 16:26:29
2017,2017-08-01,Delaware,state,month,18,false,NVSS final,D77,2026-09-26 16:26:29
2017,2017-08-01,District of Columbia,state,month,13,false,NVSS final,D77,2026-09-26 16:26:29
2017,2017-08-01,Florida,state,month,192,false,NVSS final,D77,2026-09-26 16:26:29
2017,2017-08-01,Georgia,state,month,26,false,NVSS final,D77,2026-09-26 16:26:29
2017,2017-08-01,Illinois,state,month,116,false,NVSS final,D77,2026-09-26 16:26:29
2017,2017-08-01,Indiana,state,month,60,false,NVSS final,D77,2026-09-26 16:26:29
2017,2017-08-01,Kentucky,state,month,68,false,NVSS final,D77,2026-09-26 16:26:29
2017,2017-08-01,Maine,state,month,23,false,NVSS final,D77,2026-09-26 16:26:29
2017,2017-08-01,Maryland,state,month,119,false,NVSS final,D77,2026-09-26 16:26:29
2017,2017-08-01,Massachusetts,state,month,154,false,NVSS final,D77,2026-09-26 16:26:29
2017,2017-08-01,Michigan,state,month,130,false,NVSS final,D77,2026-09-26 16:26:29
2017,2017-08-01,Minnesota,state,month,20,false,NVSS final,D77,2026-09-26 16:26:29
2017,2017-08-01,Missouri,state,month,42,false,NVSS final,D77,2026-09-26 16:26:29
2017,2017-08-01,New Hampshire,state,month,29,false,NVSS final,D77,2026-09-26 16:26:29
2017,2017-08-01,New Jersey,state,month,110,false,NVSS final,D77,2026-09-26 16:26:29
2017,2017-08-01,New York,state,month,176,false,NVSS final,D77,2026-09-26 16:26:29
2017,2017-08-01,North Carolina,state,month,139,false,NVSS final,D77,2026-09-26 16:26:29
2017,2017-08-01,Ohio,state,month,228,false,NVSS final,D77,2026-09-26 16:26:29
2017,2017-08-01,Pennsylvania,state,month,193,false,NVSS final,D77,2026-09-26 16:26:29
2017,2017-08-01,Rhode Island,state,month,16,false,NVSS final,D77,2026-09-26 16:26:29
2017,2017-08-01,South Carolina,state,month,49,false,NVSS final,D77,2026-09-26 16:26:29
2017,2017-08-01,Tennessee,state,month,41,false,NVSS final,D77,2026-09-26 16:26:29
2017,2017-08-01,Texas,state,month,26,false,NVSS final,D77,2026-09-26 16:26:29
2017,2017-08-01,United States,nation,month,2388,false,NVSS final,D77,2026-09-26 16:26:29
2017,2017-08-01,Utah,state,month,10,false,NVSS final,D77,2026-09-26 16:26:29
2017,2017-08-01,Virginia,state,month,83,false,NVSS final,D77,2026-09-26 16:26:29
2017,2017-08-01,West Virginia,state,month,40,false,NVSS final,D77,2026-09-26 16:26:29
2017,2017-08-01,Wisconsin,state,month,42,false,NVSS final,D77,2026-09-26 16:26:29
2017,2017-09-01,Alabama,state,month,18,false,NVSS final,D77,2026-09-26 16:26:29
2017,2017-09-01,Arizona,state,month,20,false,NVSS final,D77,2026-09-26 16:26:29
2017,2017-09-01,California,state,month,46,false,NVSS final,D77,2026-09-26 16:26:29
2017,2017-09-01,Colorado,state,month,12,false,NVSS final,D77,2026-09-26 16:26:29
2017,2017-09-01,Connecticut,state,month,48,false,NVSS final,D77,2026-09-26 16:26:29
2017,2017-09-01,Delaware,state,month,13,false,NVSS final,D77,2026-09-26 16:26:29
2017,2017-09-01,Florida,state,month,181,false,NVSS final,D77,2026-09-26 16:26:29
2017,2017-09-01,Georgia,state,month,26,false,NVSS final,D77,2026-09-26 16:26:29
2017,2017-09-01,Illinois,state,month,166,false,NVSS final,D77,2026-09-26 16:26:29
2017,2017-09-01,Indiana,state,month,64,false,NVSS final,D77,2026-09-26 16:26:29
2017,2017-09-01,Kentucky,state,month,59,false,NVSS final,D77,2026-09-26 16:26:29
2017,2017-09-01,Louisiana,state,month,11,false,NVSS final,D77,2026-09-26 16:26:29
2017,2017-09-01,Maine,state,month,26,false,NVSS final,D77,2026-09-26 16:26:29
2017,2017-09-01,Maryland,state,month,134,false,NVSS final,D77,2026-09-26 16:26:29
2017,2017-09-01,Massachusetts,state,month,162,false,NVSS final,D77,2026-09-26 16:26:29
2017,2017-09-01,Michigan,state,month,127,false,NVSS final,D77,2026-09-26 16:26:29
2017,2017-09-01,Minnesota,state,month,20,false,NVSS final,D77,2026-09-26 16:26:29
2017,2017-09-01,Mississippi,state,month,11,false,NVSS final,D77,2026-09-26 16:26:29
2017,2017-09-01,Missouri,state,month,58,false,NVSS final,D77,2026-09-26 16:26:29
2017,2017-09-01,New Hampshire,state,month,42,false,NVSS final,D77,2026-09-26 16:26:29
2017,2017-09-01,New Jersey,state,month,128,false,NVSS final,D77,2026-09-26 16:26:29
2017,2017-09-01,New York,state,month,215,false,NVSS final,D77,2026-09-26 16:26:29
2017,2017-09-01,North Carolina,state,month,116,false,NVSS final,D77,2026-09-26 16:26:29
2017,2017-09-01,Ohio,state,month,289,false,NVSS final,D77,2026-09-26 16:26:29
2017,2017-09-01,Oklahoma,state,month,11,false,NVSS final,D77,2026-09-26 16:26:29
2017,2017-09-01,Pennsylvania,state,month,137,false,NVSS final,D77,2026-09-26 16:26:29
2017,2017-09-01,Rhode Island,state,month,20,false,NVSS final,D77,2026-09-26 16:26:29
2017,2017-09-01,South Carolina,state,month,42,false,NVSS final,D77,2026-09-26 16:26:29
2017,2017-09-01,Tennessee,state,month,43,false,NVSS final,D77,2026-09-26 16:26:29
2017,2017-09-01,Texas,state,month,23,false,NVSS final,D77,2026-09-26 16:26:29
2017,2017-09-01,United States,nation,month,2486,false,NVSS final,D77,2026-09-26 16:26:29
2017,2017-09-01,Virginia,state,month,66,false,NVSS final,D77,2026-09-26 16:26:29
2017,2017-09-01,Washington,state,month,14,false,NVSS final,D77,2026-09-26 16:26:29
2017,2017-09-01,West Virginia,state,month,33,false,NVSS final,D77,2026-09-26 16:26:29
2017,2017-09-01,Wisconsin,state,month,51,false,NVSS final,D77,2026-09-26 16:26:29
2017,2017-10-01,Alabama,state,month,17,false,NVSS final,D77,2026-09-26 16:26:29
2017,2017-10-01,Arizona,state,month,25,false,NVSS final,D77,2026-09-26 16:26:29
2017,2017-10-01,California,state,month,54,false,NVSS final,D77,2026-09-26 16:26:29
2017,2017-10-01,Connecticut,state,month,55,false,NVSS final,D77,2026-09-26 16:26:29
2017,2017-10-01,Delaware,state,month,16,false,NVSS final,D77,2026-09-26 16:26:29
2017,2017-10-01,Florida,state,month,209,false,NVSS final,D77,2026-09-26 16:26:29
2017,2017-10-01,Georgia,state,month,42,false,NVSS final,D77,2026-09-26 16:26:29
2017,2017-10-01,Illinois,state,month,129,false,NVSS final,D77,2026-09-26 16:26:29
2017,2017-10-01,Indiana,state,month,68,false,NVSS final,D77,2026-09-26 16:26:29
2017,2017-10-01,Kentucky,state,month,55,false,NVSS final,D77,2026-09-26 16:26:29
2017,2017-10-01,Maine,state,month,25,false,NVSS final,D77,2026-09-26 16:26:29
2017,2017-10-01,Maryland,state,month,125,false,NVSS final,D77,2026-09-26 16:26:29
2017,2017-10-01,Massachusetts,state,month,140,false,NVSS final,D77,2026-09-26 16:26:29
2017,2017-10-01,Michigan,state,month,122,false,NVSS final,D77,2026-09-26 16:26:29
2017,2017-10-01,Minnesota,state,month,25,false,NVSS final,D77,2026-09-26 16:26:29
2017,2017-10-01,Mississippi,state,month,10,false,NVSS final,D77,2026-09-26 16:26:29
2017,2017-10-01,Missouri,state,month,59,false,NVSS final,D77,2026-09-26 16:26:29
2017,2017-10-01,New Hampshire,state,month,37,false,NVSS final,D77,2026-09-26 16:26:29
2017,2017-10-01,New Jersey,state,month,94,false,NVSS final,D77,2026-09-26 16:26:29
2017,2017-10-01,New York,state,month,166,false,NVSS final,D77,2026-09-26 16:26:29
2017,2017-10-01,North Carolina,state,month,111,false,NVSS final,D77,2026-09-26 16:26:29
2017,2017-10-01,Ohio,state,month,256,false,NVSS final,D77,2026-09-26 16:26:29
2017,2017-10-01,Pennsylvania,state,month,123,false,NVSS final,D77,2026-09-26 16:26:29
2017,2017-10-01,Rhode Island,state,month,18,false,NVSS final,D77,2026-09-26 16:26:29
2017,2017-10-01,South Carolina,state,month,45,false,NVSS final,D77,2026-09-26 16:26:29
2017,2017-10-01,Tennessee,state,month,52,false,NVSS final,D77,2026-09-26 16:26:29
2017,2017-10-01,Texas,state,month,35,false,NVSS final,D77,2026-09-26 16:26:29
2017,2017-10-01,United States,nation,month,2400,false,NVSS final,D77,2026-09-26 16:26:29
2017,2017-10-01,Virginia,state,month,64,false,NVSS final,D77,2026-09-26 16:26:29
2017,2017-10-01,Washington,state,month,15,false,NVSS final,D77,2026-09-26 16:26:29
2017,2017-10-01,West Virginia,state,month,53,false,NVSS final,D77,2026-09-26 16:26:29
2017,2017-10-01,Wisconsin,state,month,54,false,NVSS final,D77,2026-09-26 16:26:29
2017,2017-11-01,Alabama,state,month,13,false,NVSS final,D77,2026-09-26 16:26:29
2017,2017-11-01,Arizona,state,month,33,false,NVSS final,D77,2026-09-26 16:26:29
2017,2017-11-01,California,state,month,50,false,NVSS final,D77,2026-09-26 16:26:29
2017,2017-11-01,Colorado,state,month,13,false,NVSS final,D77,2026-09-26 16:26:29
2017,2017-11-01,Connecticut,state,month,55,false,NVSS final,D77,2026-09-26 16:26:29
2017,2017-11-01,Delaware,state,month,24,false,NVSS final,D77,2026-09-26 16:26:29
2017,2017-11-01,District of Columbia,state,month,11,false,NVSS final,D77,2026-09-26 16:26:29
2017,2017-11-01,Florida,state,month,185,false,NVSS final,D77,2026-09-26 16:26:29
2017,2017-11-01,Georgia,state,month,23,false,NVSS final,D77,2026-09-26 16:26:29
2017,2017-11-01,Illinois,state,month,143,false,NVSS final,D77,2026-09-26 16:26:29
2017,2017-11-01,Indiana,state,month,72,false,NVSS final,D77,2026-09-26 16:26:29
2017,2017-11-01,Iowa,state,month,11,false,NVSS final,D77,2026-09-26 16:26:29
2017,2017-11-01,Kentucky,state,month,71,false,NVSS final,D77,2026-09-26 16:26:29
2017,2017-11-01,Louisiana,state,month,20,false,NVSS final,D77,2026-09-26 16:26:29
2017,2017-11-01,Maine,state,month,24,false,NVSS final,D77,2026-09-26 16:26:29
2017,2017-11-01,Maryland,state,month,126,false,NVSS final,D77,2026-09-26 16:26:29
2017,2017-11-01,Massachusetts,state,month,147,false,NVSS final,D77,2026-09-26 16:26:29
2017,2017-11-01,Michigan,state,month,138,false,NVSS final,D77,2026-09-26 16:26:29
2017,2017-11-01,Minnesota,state,month,15,false,NVSS final,D77,2026-09-26 16:26:29
2017,2017-11-01,Mississippi,state,month,10,false,NVSS final,D77,2026-09-26 16:26:29
2017,2017-11-01,Missouri,state,month,51,false,NVSS final,D77,2026-09-26 16:26:29
2017,2017-11-01,New Hampshire,state,month,20,false,NVSS final,D77,2026-09-26 16:26:29
2017,2017-11-01,New Jersey,state,month,119,false,NVSS final,D77,2026-09-26 16:26:29
2017,2017-11-01,New York,state,month,145,false,NVSS final,D77,2026-09-26 16:26:29
2017,2017-11-01,North Carolina,state,month,95,false,NVSS final,D77,2026-09-26 16:26:29
2017,2017-11-01,Ohio,state,month,263,false,NVSS final,D77,2026-09-26 16:26:29
2017,2017-11-01,Pennsylvania,state,month,145,false,NVSS final,D77,2026-09-26 16:26:29
2017,2017-11-01,Rhode Island,state,month,17,false,NVSS final,D77,2026-09-26 16:26:29
2017,2017-11-01,South Carolina,state,month,27,false,NVSS final,D77,2026-09-26 16:26:29
2017,2017-11-01,Tennessee,state,month,61,false,NVSS final,D77,2026-09-26 16:26:29
2017,2017-11-01,Texas,state,month,40,false,NVSS final,D77,2026-09-26 16:26:29
2017,2017-11-01,United States,nation,month,2386,false,NVSS final,D77,2026-09-26 16:26:29
2017,2017-11-01,Vermont,state,month,10,false,NVSS final,D77,2026-09-26 16:26:29
2017,2017-11-01,Virginia,state,month,78,false,NVSS final,D77,2026-09-26 16:26:29
2017,2017-11-01,Washington,state,month,11,false,NVSS final,D77,2026-09-26 16:26:29
2017,2017-11-01,West Virginia,state,month,49,false,NVSS final,D77,2026-09-26 16:26:29
2017,2017-11-01,Wisconsin,state,month,28,false,NVSS final,D77,2026-09-26 16:26:29
2017,2017-12-01,Alabama,state,month,27,false,NVSS final,D77,2026-09-26 16:26:29
2017,2017-12-01,Arizona,state,month,27,false,NVSS final,D77,2026-09-26 16:26:29
2017,2017-12-01,California,state,month,51,false,NVSS final,D77,2026-09-26 16:26:29
2017,2017-12-01,Connecticut,state,month,71,false,NVSS final,D77,2026-09-26 16:26:29
2017,2017-12-01,Delaware,state,month,15,false,NVSS final,D77,2026-09-26 16:26:29
2017,2017-12-01,District of Columbia,state,month,17,false,NVSS final,D77,2026-09-26 16:26:29
2017,2017-12-01,Florida,state,month,234,false,NVSS final,D77,2026-09-26 16:26:29
2017,2017-12-01,Georgia,state,month,46,false,NVSS final,D77,2026-09-26 16:26:29
2017,2017-12-01,Illinois,state,month,120,false,NVSS final,D77,2026-09-26 16:26:29
2017,2017-12-01,Indiana,state,month,45,false,NVSS final,D77,2026-09-26 16:26:29
2017,2017-12-01,Kentucky,state,month,78,false,NVSS final,D77,2026-09-26 16:26:29
2017,2017-12-01,Louisiana,state,month,24,false,NVSS final,D77,2026-09-26 16:26:29
2017,2017-12-01,Maine,state,month,32,false,NVSS final,D77,2026-09-26 16:26:29
2017,2017-12-01,Maryland,state,month,152,false,NVSS final,D77,2026-09-26 16:26:29
2017,2017-12-01,Massachusetts,state,month,158,false,NVSS final,D77,2026-09-26 16:26:29
2017,2017-12-01,Michigan,state,month,116,false,NVSS final,D77,2026-09-26 16:26:29
2017,2017-12-01,Minnesota,state,month,18,false,NVSS final,D77,2026-09-26 16:26:29
2017,2017-12-01,Missouri,state,month,58,false,NVSS final,D77,2026-09-26 16:26:29
2017,2017-12-01,New Hampshire,state,month,34,false,NVSS final,D77,2026-09-26 16:26:29
2017,2017-12-01,New Jersey,state,month,138,false,NVSS final,D77,2026-09-26 16:26:29
2017,2017-12-01,New Mexico,state,month,11,false,NVSS final,D77,2026-09-26 16:26:29
2017,2017-12-01,New York,state,month,177,false,NVSS final,D77,2026-09-26 16:26:29
2017,2017-12-01,North Carolina,state,month,111,false,NVSS final,D77,2026-09-26 16:26:29
2017,2017-12-01,Ohio,state,month,235,false,NVSS final,D77,2026-09-26 16:26:29
2017,2017-12-01,Pennsylvania,state,month,116,false,NVSS final,D77,2026-09-26 16:26:29
2017,2017-12-01,Rhode Island,state,month,21,false,NVSS final,D77,2026-09-26 16:26:29
2017,2017-12-01,South Carolina,state,month,32,false,NVSS final,D77,2026-09-26 16:26:29
2017,2017-12-01,Tennessee,state,month,75,false,NVSS final,D77,2026-09-26 16:26:29
2017,2017-12-01,Texas,state,month,34,false,NVSS final,D77,2026-09-26 16:26:29
2017,2017-12-01,United States,nation,month,2542,false,NVSS final,D77,2026-09-26 16:26:29
2017,2017-12-01,Virginia,state,month,78,false,NVSS final,D77,2026-09-26 16:26:29
2017,2017-12-01,Washington,state,month,21,false,NVSS final,D77,2026-09-26 16:26:29
2017,2017-12-01,West Virginia,state,month,58,false,NVSS final,D77,2026-09-26 16:26:29
2017,2017-12-01,Wisconsin,state,month,42,false,NVSS final,D77,2026-09-26 16:26:29
2018,2018-01-01,Alabama,state,month,12,false,NVSS final,D157,2026-09-26 16:26:29
2018,2018-01-01,Arizona,state,month,23,false,NVSS final,D157,2026-09-26 16:26:29
2018,2018-01-01,California,state,month,67,false,NVSS final,D157,2026-09-26 16:26:29
2018,2018-01-01,Colorado,state,month,16,false,NVSS final,D157,2026-09-26 16:26:29
2018,2018-01-01,Connecticut,state,month,41,false,NVSS final,D157,2026-09-26 16:26:29
2018,2018-01-01,Delaware,state,month,16,false,NVSS final,D157,2026-09-26 16:26:29
2018,2018-01-01,District of Columbia,state,month,11,false,NVSS final,D157,2026-09-26 16:26:29
2018,2018-01-01,Florida,state,month,198,false,NVSS final,D157,2026-09-26 16:26:29
2018,2018-01-01,Georgia,state,month,22,false,NVSS final,D157,2026-09-26 16:26:29
2018,2018-01-01,Illinois,state,month,129,false,NVSS final,D157,2026-09-26 16:26:29
2018,2018-01-01,Indiana,state,month,60,false,NVSS final,D157,2026-09-26 16:26:29
2018,2018-01-01,Kentucky,state,month,55,false,NVSS final,D157,2026-09-26 16:26:29
2018,2018-01-01,Louisiana,state,month,27,false,NVSS final,D157,2026-09-26 16:26:29
2018,2018-01-01,Maine,state,month,18,false,NVSS final,D157,2026-09-26 16:26:29
2018,2018-01-01,Maryland,state,month,155,false,NVSS final,D157,2026-09-26 16:26:29
2018,2018-01-01,Massachusetts,state,month,176,false,NVSS final,D157,2026-09-26 16:26:29
2018,2018-01-01,Michigan,state,month,156,false,NVSS final,D157,2026-09-26 16:26:29
2018,2018-01-01,Minnesota,state,month,16,false,NVSS final,D157,2026-09-26 16:26:29
2018,2018-01-01,Missouri,state,month,56,false,NVSS final,D157,2026-09-26 16:26:29
2018,2018-01-01,New Hampshire,state,month,27,false,NVSS final,D157,2026-09-26 16:26:29
2018,2018-01-01,New Jersey,state,month,170,false,NVSS final,D157,2026-09-26 16:26:29
2018,2018-01-01,New York,state,month,211,false,NVSS final,D157,2026-09-26 16:26:29
2018,2018-01-01,North Carolina,state,month,113,false,NVSS final,D157,2026-09-26 16:26:29
2018,2018-01-01,Ohio,state,month,190,false,NVSS final,D157,2026-09-26 16:26:29
2018,2018-01-01,Oklahoma,state,month,10,false,NVSS final,D157,2026-09-26 16:26:29
2018,2018-01-01,Pennsylvania,state,month,196,false,NVSS final,D157,2026-09-26 16:26:29
2018,2018-01-01,Rhode Island,state,month,10,false,NVSS final,D157,2026-09-26 16:26:29
2018,2018-01-01,South Carolina,state,month,39,false,NVSS final,D157,2026-09-26 16:26:29
2018,2018-01-01,Tennessee,state,month,54,false,NVSS final,D157,2026-09-26 16:26:29
2018,2018-01-01,Texas,state,month,39,false,NVSS final,D157,2026-09-26 16:26:29
2018,2018-01-01,United States,nation,month,2526,false,NVSS final,D157,2026-09-26 16:26:29
2018,2018-01-01,Virginia,state,month,53,false,NVSS final,D157,2026-09-26 16:26:29
2018,2018-01-01,Washington,state,month,18,false,NVSS final,D157,2026-09-26 16:26:29
2018,2018-01-01,West Virginia,state,month,38,false,NVSS final,D157,2026-09-26 16:26:29
2018,2018-01-01,Wisconsin,state,month,31,false,NVSS final,D157,2026-09-26 16:26:29
2018,2018-02-01,Alabama,state,month,10,false,NVSS final,D157,2026-09-26 16:26:29
2018,2018-02-01,Arizona,state,month,38,false,NVSS final,D157,2026-09-26 16:26:29
2018,2018-02-01,California,state,month,66,false,NVSS final,D157,2026-09-26 16:26:29
2018,2018-02-01,Colorado,state,month,11,false,NVSS final,D157,2026-09-26 16:26:29
2018,2018-02-01,Connecticut,state,month,56,false,NVSS final,D157,2026-09-26 16:26:29
2018,2018-02-01,Delaware,state,month,23,false,NVSS final,D157,2026-09-26 16:26:29
2018,2018-02-01,District of Columbia,state,month,10,false,NVSS final,D157,2026-09-26 16:26:29
2018,2018-02-01,Florida,state,month,165,false,NVSS final,D157,2026-09-26 16:26:29
2018,2018-02-01,Georgia,state,month,25,false,NVSS final,D157,2026-09-26 16:26:29
2018,2018-02-01,Illinois,state,month,115,false,NVSS final,D157,2026-09-26 16:26:29
2018,2018-02-01,Indiana,state,month,60,false,NVSS final,D157,2026-09-26 16:26:29
2018,2018-02-01,Iowa,state,month,10,false,NVSS final,D157,2026-09-26 16:26:29
2018,2018-02-01,Kentucky,state,month,72,false,NVSS final,D157,2026-09-26 16:26:29
2018,2018-02-01,Louisiana,state,month,15,false,NVSS final,D157,2026-09-26 16:26:29
2018,2018-02-01,Maine,state,month,18,false,NVSS final,D157,2026-09-26 16:26:29
2018,2018-02-01,Maryland,state,month,178,false,NVSS final,D157,2026-09-26 16:26:29
2018,2018-02-01,Massachusetts,state,month,137,false,NVSS final,D157,2026-09-26 16:26:29
2018,2018-02-01,Michigan,state,month,118,false,NVSS final,D157,2026-09-26 16:26:29
2018,2018-02-01,Minnesota,state,month,11,false,NVSS final,D157,2026-09-26 16:26:29
2018,2018-02-01,Missouri,state,month,65,false,NVSS final,D157,2026-09-26 16:26:29
2018,2018-02-01,New Hampshire,state,month,30,false,NVSS final,D157,2026-09-26 16:26:29
2018,2018-02-01,New Jersey,state,month,147,false,NVSS final,D157,2026-09-26 16:26:29
2018,2018-02-01,New York,state,month,150,false,NVSS final,D157,2026-09-26 16:26:29
2018,2018-02-01,North Carolina,state,month,97,false,NVSS final,D157,2026-09-26 16:26:29
2018,2018-02-01,Ohio,state,month,211,false,NVSS final,D157,2026-09-26 16:26:29
2018,2018-02-01,Pennsylvania,state,month,142,false,NVSS final,D157,2026-09-26 16:26:29
2018,2018-02-01,Rhode Island,state,month,13,false,NVSS final,D157,2026-09-26 16:26:29
2018,2018-02-01,South Carolina,state,month,47,false,NVSS final,D157,2026-09-26 16:26:29
2018,2018-02-01,Tennessee,state,month,73,false,NVSS final,D157,2026-09-26 16:26:29
2018,2018-02-01,Texas,state,month,24,false,NVSS final,D157,2026-09-26 16:26:29
2018,2018-02-01,United States,nation,month,2359,false,NVSS final,D157,2026-09-26 16:26:29
2018,2018-02-01,Virginia,state,month,64,false,NVSS final,D157,2026-09-26 16:26:29
2018,2018-02-01,Washington,state,month,17,false,NVSS final,D157,2026-09-26 16:26:29
2018,2018-02-01,West Virginia,state,month,44,false,NVSS final,D157,2026-09-26 16:26:29
2018,2018-02-01,Wisconsin,state,month,40,false,NVSS final,D157,2026-09-26 16:26:29
2018,2018-03-01,Alabama,state,month,14,false,NVSS final,D157,2026-09-26 16:26:29
2018,2018-03-01,Arizona,state,month,46,false,NVSS final,D157,2026-09-26 16:26:29
2018,2018-03-01,California,state,month,68,false,NVSS final,D157,2026-09-26 16:26:29
2018,2018-03-01,Colorado,state,month,11,false,NVSS final,D157,2026-09-26 16:26:29
2018,2018-03-01,Connecticut,state,month,78,false,NVSS final,D157,2026-09-26 16:26:29
2018,2018-03-01,Delaware,state,month,30,false,NVSS final,D157,2026-09-26 16:26:29
2018,2018-03-01,District of Columbia,state,month,10,false,NVSS final,D157,2026-09-26 16:26:29
2018,2018-03-01,Florida,state,month,132,false,NVSS final,D157,2026-09-26 16:26:29
2018,2018-03-01,Georgia,state,month,44,false,NVSS final,D157,2026-09-26 16:26:29
2018,2018-03-01,Illinois,state,month,137,false,NVSS final,D157,2026-09-26 16:26:29
2018,2018-03-01,Indiana,state,month,68,false,NVSS final,D157,2026-09-26 16:26:29
2018,2018-03-01,Kentucky,state,month,56,false,NVSS final,D157,2026-09-26 16:26:29
2018,2018-03-01,Louisiana,state,month,26,false,NVSS final,D157,2026-09-26 16:26:29
2018,2018-03-01,Maine,state,month,26,false,NVSS final,D157,2026-09-26 16:26:29
2018,2018-03-01,Maryland,state,month,170,false,NVSS final,D157,2026-09-26 16:26:29
2018,2018-03-01,Massachusetts,state,month,147,false,NVSS final,D157,2026-09-26 16:26:29
2018,2018-03-01,Michigan,state,month,145,false,NVSS final,D157,2026-09-26 16:26:29
2018,2018-03-01,Minnesota,state,month,20,false,NVSS final,D157,2026-09-26 16:26:29
2018,2018-03-01,Missouri,state,month,75,false,NVSS final,D157,2026-09-26 16:26:29
2018,2018-03-01,New Hampshire,state,month,39,false,NVSS final,D157,2026-09-26 16:26:29
2018,2018-03-01,New Jersey,state,month,184,false,NVSS final,D157,2026-09-26 16:26:29
2018,2018-03-01,New Mexico,state,month,10,false,NVSS final,D157,2026-09-26 16:26:29
2018,2018-03-01,New York,state,month,169,false,NVSS final,D157,2026-09-26 16:26:29
2018,2018-03-01,North Carolina,state,month,93,false,NVSS final,D157,2026-09-26 16:26:29
2018,2018-03-01,Ohio,state,month,230,false,NVSS final,D157,2026-09-26 16:26:29
2018,2018-03-01,Oregon,state,month,10,false,NVSS final,D157,2026-09-26 16:26:29
2018,2018-03-01,Pennsylvania,state,month,208,false,NVSS final,D157,2026-09-26 16:26:29
2018,2018-03-01,Rhode Island,state,month,22,false,NVSS final,D157,2026-09-26 16:26:29
2018,2018-03-01,South Carolina,state,month,38,false,NVSS final,D157,2026-09-26 16:26:29
2018,2018-03-01,Tennessee,state,month,70,false,NVSS final,D157,2026-09-26 16:26:29
2018,2018-03-01,Texas,state,month,24,false,NVSS final,D157,2026-09-26 16:26:29
2018,2018-03-01,United States,nation,month,2655,false,NVSS final,D157,2026-09-26 16:26:29
2018,2018-03-01,Utah,state,month,12,false,NVSS final,D157,2026-09-26 16:26:29
2018,2018-03-01,Vermont,state,month,11,false,NVSS final,D157,2026-09-26 16:26:29
2018,2018-03-01,Virginia,state,month,76,false,NVSS final,D157,2026-09-26 16:26:29
2018,2018-03-01,Washington,state,month,14,false,NVSS final,D157,2026-09-26 16:26:29
2018,2018-03-01,West Virginia,state,month,55,false,NVSS final,D157,2026-09-26 16:26:29
2018,2018-03-01,Wisconsin,state,month,46,false,NVSS final,D157,2026-09-26 16:26:29
2018,2018-04-01,Alabama,state,month,13,false,NVSS final,D157,2026-09-26 16:26:29
2018,2018-04-01,Arizona,state,month,36,false,NVSS final,D157,2026-09-26 16:26:29
2018,2018-04-01,California,state,month,69,false,NVSS final,D157,2026-09-26 16:26:29
2018,2018-04-01,Connecticut,state,month,55,false,NVSS final,D157,2026-09-26 16:26:29
2018,2018-04-01,Delaware,state,month,26,false,NVSS final,D157,2026-09-26 16:26:29
2018,2018-04-01,District of Columbia,state,month,26,false,NVSS final,D157,2026-09-26 16:26:29
2018,2018-04-01,Florida,state,month,159,false,NVSS final,D157,2026-09-26 16:26:29
2018,2018-04-01,Georgia,state,month,36,false,NVSS final,D157,2026-09-26 16:26:29
2018,2018-04-01,Illinois,state,month,130,false,NVSS final,D157,2026-09-26 16:26:29
2018,2018-04-01,Indiana,state,month,67,false,NVSS final,D157,2026-09-26 16:26:29
2018,2018-04-01,Kentucky,state,month,70,false,NVSS final,D157,2026-09-26 16:26:29
2018,2018-04-01,Louisiana,state,month,26,false,NVSS final,D157,2026-09-26 16:26:29
2018,2018-04-01,Maine,state,month,28,false,NVSS final,D157,2026-09-26 16:26:29
2018,2018-04-01,Maryland,state,month,166,false,NVSS final,D157,2026-09-26 16:26:29
2018,2018-04-01,Massachusetts,state,month,144,false,NVSS final,D157,2026-09-26 16:26:29
2018,2018-04-01,Michigan,state,month,125,false,NVSS final,D157,2026-09-26 16:26:29
2018,2018-04-01,Minnesota,state,month,18,false,NVSS final,D157,2026-09-26 16:26:29
2018,2018-04-01,Missouri,state,month,62,false,NVSS final,D157,2026-09-26 16:26:29
2018,2018-04-01,New Hampshire,state,month,35,false,NVSS final,D157,2026-09-26 16:26:29
2018,2018-04-01,New Jersey,state,month,179,false,NVSS final,D157,2026-09-26 16:26:29
2018,2018-04-01,New York,state,month,179,false,NVSS final,D157,2026-09-26 16:26:29
2018,2018-04-01,North Carolina,state,month,111,false,NVSS final,D157,2026-09-26 16:26:29
2018,2018-04-01,Ohio,state,month,206,false,NVSS final,D157,2026-09-26 16:26:29
2018,2018-04-01,Oregon,state,month,10,false,NVSS final,D157,2026-09-26 16:26:29
2018,2018-04-01,Pennsylvania,state,month,222,false,NVSS final,D157,2026-09-26 16:26:29
2018,2018-04-01,Rhode Island,state,month,16,false,NVSS final,D157,2026-09-26 16:26:29
2018,2018-04-01,South Carolina,state,month,42,false,NVSS final,D157,2026-09-26 16:26:29
2018,2018-04-01,Tennessee,state,month,54,false,NVSS final,D157,2026-09-26 16:26:29
2018,2018-04-01,Texas,state,month,29,false,NVSS final,D157,2026-09-26 16:26:29
2018,2018-04-01,United States,nation,month,2562,false,NVSS final,D157,2026-09-26 16:26:29
2018,2018-04-01,Virginia,state,month,58,false,NVSS final,D157,2026-09-26 16:26:29
2018,2018-04-01,Washington,state,month,21,false,NVSS final,D157,2026-09-26 16:26:29
2018,2018-04-01,West Virginia,state,month,42,false,NVSS final,D157,2026-09-26 16:26:29
2018,2018-04-01,Wisconsin,state,month,35,false,NVSS final,D157,2026-09-26 16:26:29
2018,2018-05-01,Alabama,state,month,11,false,NVSS final,D157,2026-09-26 16:26:29
2018,2018-05-01,Arizona,state,month,35,false,NVSS final,D157,2026-09-26 16:26:29
2018,2018-05-01,Arkansas,state,month,13,false,NVSS final,D157,2026-09-26 16:26:29
2018,2018-05-01,California,state,month,53,false,NVSS final,D157,2026-09-26 16:26:29
2018,2018-05-01,Colorado,state,month,16,false,NVSS final,D157,2026-09-26 16:26:29
2018,2018-05-01,Connecticut,state,month,66,false,NVSS final,D157,2026-09-26 16:26:29
2018,2018-05-01,Delaware,state,month,21,false,NVSS final,D157,2026-09-26 16:26:29
2018,2018-05-01,District of Columbia,state,month,20,false,NVSS final,D157,2026-09-26 16:26:29
2018,2018-05-01,Florida,state,month,207,false,NVSS final,D157,2026-09-26 16:26:29
2018,2018-05-01,Georgia,state,month,14,false,NVSS final,D157,2026-09-26 16:26:29
2018,2018-05-01,Illinois,state,month,126,false,NVSS final,D157,2026-09-26 16:26:29
2018,2018-05-01,Indiana,state,month,45,false,NVSS final,D157,2026-09-26 16:26:29
2018,2018-05-01,Kentucky,state,month,52,false,NVSS final,D157,2026-09-26 16:26:29
2018,2018-05-01,Louisiana,state,month,15,false,NVSS final,D157,2026-09-26 16:26:29
2018,2018-05-01,Maine,state,month,12,false,NVSS final,D157,2026-09-26 16:26:29
2018,2018-05-01,Maryland,state,month,166,false,NVSS final,D157,2026-09-26 16:26:29
2018,2018-05-01,Massachusetts,state,month,162,false,NVSS final,D157,2026-09-26 16:26:29
2018,2018-05-01,Michigan,state,month,99,false,NVSS final,D157,2026-09-26 16:26:29
2018,2018-05-01,Minnesota,state,month,11,false,NVSS final,D157,2026-09-26 16:26:29
2018,2018-05-01,Missouri,state,month,68,false,NVSS final,D157,2026-09-26 16:26:29
2018,2018-05-01,New Hampshire,state,month,35,false,NVSS final,D157,2026-09-26 16:26:29
2018,2018-05-01,New Jersey,state,month,207,false,NVSS final,D157,2026-09-26 16:26:29
2018,2018-05-01,New York,state,month,202,false,NVSS final,D157,2026-09-26 16:26:29
2018,2018-05-01,North Carolina,state,month,103,false,NVSS final,D157,2026-09-26 16:26:29
2018,2018-05-01,Ohio,state,month,239,false,NVSS final,D157,2026-09-26 16:26:29
2018,2018-05-01,Oregon,state,month,14,false,NVSS final,D157,2026-09-26 16:26:29
2018,2018-05-01,Pennsylvania,state,month,231,false,NVSS final,D157,2026-09-26 16:26:29
2018,2018-05-01,Rhode Island,state,month,24,false,NVSS final,D157,2026-09-26 16:26:29
2018,2018-05-01,South Carolina,state,month,43,false,NVSS final,D157,2026-09-26 16:26:29
2018,2018-05-01,Tennessee,state,month,62,false,NVSS final,D157,2026-09-26 16:26:29
2018,2018-05-01,Texas,state,month,28,false,NVSS final,D157,2026-09-26 16:26:29
2018,2018-05-01,United States,nation,month,2656,false,NVSS final,D157,2026-09-26 16:26:29
2018,2018-05-01,Vermont,state,month,11,false,NVSS final,D157,2026-09-26 16:26:29
2018,2018-05-01,Virginia,state,month,69,false,NVSS final,D157,2026-09-26 16:26:29
2018,2018-05-01,Washington,state,month,15,false,NVSS final,D157,2026-09-26 16:26:29
2018,2018-05-01,West Virginia,state,month,49,false,NVSS final,D157,2026-09-26 16:26:29
2018,2018-05-01,Wisconsin,state,month,54,false,NVSS final,D157,2026-09-26 16:26:29
2018,2018-06-01,Arizona,state,month,52,false,NVSS final,D157,2026-09-26 16:26:29
2018,2018-06-01,Arkansas,state,month,10,false,NVSS final,D157,2026-09-26 16:26:29
2018,2018-06-01,California,state,month,65,false,NVSS final,D157,2026-09-26 16:26:29
2018,2018-06-01,Connecticut,state,month,83,false,NVSS final,D157,2026-09-26 16:26:29
2018,2018-06-01,Delaware,state,month,24,false,NVSS final,D157,2026-09-26 16:26:29
2018,2018-06-01,District of Columbia,state,month,10,false,NVSS final,D157,2026-09-26 16:26:29
2018,2018-06-01,Florida,state,month,158,false,NVSS final,D157,2026-09-26 16:26:29
2018,2018-06-01,Georgia,state,month,35,false,NVSS final,D157,2026-09-26 16:26:29
2018,2018-06-01,Illinois,state,month,113,false,NVSS final,D157,2026-09-26 16:26:29
2018,2018-06-01,Indiana,state,month,59,false,NVSS final,D157,2026-09-26 16:26:29
2018,2018-06-01,Kentucky,state,month,68,false,NVSS final,D157,2026-09-26 16:26:29
2018,2018-06-01,Louisiana,state,month,17,false,NVSS final,D157,2026-09-26 16:26:29
2018,2018-06-01,Maine,state,month,20,false,NVSS final,D157,2026-09-26 16:26:29
2018,2018-06-01,Maryland,state,month,171,false,NVSS final,D157,2026-09-26 16:26:29
2018,2018-06-01,Massachusetts,state,month,162,false,NVSS final,D157,2026-09-26 16:26:29
2018,2018-06-01,Michigan,state,month,125,false,NVSS final,D157,2026-09-26 16:26:29
2018,2018-06-01,Minnesota,state,month,14,false,NVSS final,D157,2026-09-26 16:26:29
2018,2018-06-01,Missouri,state,month,78,false,NVSS final,D157,2026-09-26 16:26:29
2018,2018-06-01,New Hampshire,state,month,19,false,NVSS final,D157,2026-09-26 16:26:29
2018,2018-06-01,New Jersey,state,month,198,false,NVSS final,D157,2026-09-26 16:26:29
2018,2018-06-01,New Mexico,state,month,10,false,NVSS final,D157,2026-09-26 16:26:29
2018,2018-06-01,New York,state,month,201,false,NVSS final,D157,2026-09-26 16:26:29
2018,2018-06-01,North Carolina,state,month,137,false,NVSS final,D157,2026-09-26 16:26:29
2018,2018-06-01,Ohio,state,month,228,false,NVSS final,D157,2026-09-26 16:26:29
2018,2018-06-01,Oregon,state,month,10,false,NVSS final,D157,2026-09-26 16:26:29
2018,2018-06-01,Pennsylvania,state,month,229,false,NVSS final,D157,2026-09-26 16:26:29
2018,2018-06-01,Rhode Island,state,month,22,false,NVSS final,D157,2026-09-26 16:26:29
2018,2018-06-01,South Carolina,state,month,42,false,NVSS final,D157,2026-09-26 16:26:29
2018,2018-06-01,Tennessee,state,month,65,false,NVSS final,D157,2026-09-26 16:26:29
2018,2018-06-01,Texas,state,month,37,false,NVSS final,D157,2026-09-26 16:26:29
2018,2018-06-01,United States,nation,month,2723,false,NVSS final,D157,2026-09-26 16:26:29
2018,2018-06-01,Utah,state,month,12,false,NVSS final,D157,2026-09-26 16:26:29
2018,2018-06-01,Virginia,state,month,63,false,NVSS final,D157,2026-09-26 16:26:29
2018,2018-06-01,Washington,state,month,22,false,NVSS final,D157,2026-09-26 16:26:29
2018,2018-06-01,West Virginia,state,month,50,false,NVSS final,D157,2026-09-26 16:26:29
2018,2018-06-01,Wisconsin,state,month,48,false,NVSS final,D157,2026-09-26 16:26:29
2018,2018-07-01,Arizona,state,month,38,false,NVSS final,D157,2026-09-26 16:26:29
2018,2018-07-01,Arkansas,state,month,10,false,NVSS final,D157,2026-09-26 16:26:29
2018,2018-07-01,California,state,month,77,false,NVSS final,D157,2026-09-26 16:26:29
2018,2018-07-01,Connecticut,state,month,68,false,NVSS final,D157,2026-09-26 16:26:29
2018,2018-07-01,Delaware,state,month,16,false,NVSS final,D157,2026-09-26 16:26:29
2018,2018-07-01,District of Columbia,state,month,12,false,NVSS final,D157,2026-09-26 16:26:29
2018,2018-07-01,Florida,state,month,163,false,NVSS final,D157,2026-09-26 16:26:29
2018,2018-07-01,Georgia,state,month,34,false,NVSS final,D157,2026-09-26 16:26:29
2018,2018-07-01,Illinois,state,month,157,false,NVSS final,D157,2026-09-26 16:26:29
2018,2018-07-01,Indiana,state,month,63,false,NVSS final,D157,2026-09-26 16:26:29
2018,2018-07-01,Kentucky,state,month,70,false,NVSS final,D157,2026-09-26 16:26:29
2018,2018-07-01,Louisiana,state,month,10,false,NVSS final,D157,2026-09-26 16:26:29
2018,2018-07-01,Maine,state,month,29,false,NVSS final,D157,2026-09-26 16:26:29
2018,2018-07-01,Maryland,state,month,142,false,NVSS final,D157,2026-09-26 16:26:29
2018,2018-07-01,Massachusetts,state,month,165,false,NVSS final,D157,2026-09-26 16:26:29
2018,2018-07-01,Michigan,state,month,158,false,NVSS final,D157,2026-09-26 16:26:29
2018,2018-07-01,Minnesota,state,month,12,false,NVSS final,D157,2026-09-26 16:26:29
2018,2018-07-01,Mississippi,state,month,10,false,NVSS final,D157,2026-09-26 16:26:29
2018,2018-07-01,Missouri,state,month,66,false,NVSS final,D157,2026-09-26 16:26:29
2018,2018-07-01,New Hampshire,state,month,46,false,NVSS final,D157,2026-09-26 16:26:29
2018,2018-07-01,New Jersey,state,month,168,false,NVSS final,D157,2026-09-26 16:26:29
2018,2018-07-01,New Mexico,state,month,13,false,NVSS final,D157,2026-09-26 16:26:29
2018,2018-07-01,New York,state,month,199,false,NVSS final,D157,2026-09-26 16:26:29
2018,2018-07-01,North Carolina,state,month,108,false,NVSS final,D157,2026-09-26 16:26:29
2018,2018-07-01,Ohio,state,month,258,false,NVSS final,D157,2026-09-26 16:26:29
2018,2018-07-01,Pennsylvania,state,month,215,false,NVSS final,D157,2026-09-26 16:26:29
2018,2018-07-01,Rhode Island,state,month,15,false,NVSS final,D157,2026-09-26 16:26:29
2018,2018-07-01,South Carolina,state,month,46,false,NVSS final,D157,2026-09-26 16:26:29
2018,2018-07-01,Tennessee,state,month,80,false,NVSS final,D157,2026-09-26 16:26:29
2018,2018-07-01,Texas,state,month,15,false,NVSS final,D157,2026-09-26 16:26:29
2018,2018-07-01,United States,nation,month,2694,false,NVSS final,D157,2026-09-26 16:26:29
2018,2018-07-01,Vermont,state,month,11,false,NVSS final,D157,2026-09-26 16:26:29
2018,2018-07-01,Virginia,state,month,66,false,NVSS final,D157,2026-09-26 16:26:29
2018,2018-07-01,Washington,state,month,13,false,NVSS final,D157,2026-09-26 16:26:29
2018,2018-07-01,West Virginia,state,month,43,false,NVSS final,D157,2026-09-26 16:26:29
2018,2018-07-01,Wisconsin,state,month,38,false,NVSS final,D157,2026-09-26 16:26:29
2018,2018-08-01,Alabama,state,month,11,false,NVSS final,D157,2026-09-26 16:26:29
2018,2018-08-01,Arizona,state,month,60,false,NVSS final,D157,2026-09-26 16:26:29
2018,2018-08-01,California,state,month,81,false,NVSS final,D157,2026-09-26 16:26:29
2018,2018-08-01,Colorado,state,month,10,false,NVSS final,D157,2026-09-26 16:26:29
2018,2018-08-01,Connecticut,state,month,55,false,NVSS final,D157,2026-09-26 16:26:29
2018,2018-08-01,Delaware,state,month,36,false,NVSS final,D157,2026-09-26 16:26:29
2018,2018-08-01,District of Columbia,state,month,13,false,NVSS final,D157,2026-09-26 16:26:29
2018,2018-08-01,Florida,state,month,161,false,NVSS final,D157,2026-09-26 16:26:29
2018,2018-08-01,Georgia,state,month,27,false,NVSS final,D157,2026-09-26 16:26:29
2018,2018-08-01,Illinois,state,month,106,false,NVSS final,D157,2026-09-26 16:26:29
2018,2018-08-01,Indiana,state,month,57,false,NVSS final,D157,2026-09-26 16:26:29
2018,2018-08-01,Kentucky,state,month,82,false,NVSS final,D157,2026-09-26 16:26:29
2018,2018-08-01,Louisiana,state,month,15,false,NVSS final,D157,2026-09-26 16:26:29
2018,2018-08-01,Maine,state,month,21,false,NVSS final,D157,2026-09-26 16:26:29
2018,2018-08-01,Maryland,state,month,128,false,NVSS final,D157,2026-09-26 16:26:29
2018,2018-08-01,Massachusetts,state,month,155,false,NVSS final,D157,2026-09-26 16:26:29
2018,2018-08-01,Michigan,state,month,130,false,NVSS final,D157,2026-09-26 16:26:29
2018,2018-08-01,Minnesota,state,month,15,false,NVSS final,D157,2026-09-26 16:26:29
2018,2018-08-01,Missouri,state,month,75,false,NVSS final,D157,2026-09-26 16:26:29
2018,2018-08-01,Nevada,state,month,13,false,NVSS final,D157,2026-09-26 16:26:29
2018,2018-08-01,New Hampshire,state,month,29,false,NVSS final,D157,2026-09-26 16:26:29
2018,2018-08-01,New Jersey,state,month,200,false,NVSS final,D157,2026-09-26 16:26:29
2018,2018-08-01,New York,state,month,201,false,NVSS final,D157,2026-09-26 16:26:29
2018,2018-08-01,North Carolina,state,month,89,false,NVSS final,D157,2026-09-26 16:26:29
2018,2018-08-01,Ohio,state,month,281,false,NVSS final,D157,2026-09-26 16:26:29
2018,2018-08-01,Pennsylvania,state,month,212,false,NVSS final,D157,2026-09-26 16:26:29
2018,2018-08-01,Rhode Island,state,month,15,false,NVSS final,D157,2026-09-26 16:26:29
2018,2018-08-01,South Carolina,state,month,38,false,NVSS final,D157,2026-09-26 16:26:29
2018,2018-08-01,Tennessee,state,month,73,false,NVSS final,D157,2026-09-26 16:26:29
2018,2018-08-01,Texas,state,month,36,false,NVSS final,D157,2026-09-26 16:26:29
2018,2018-08-01,United States,nation,month,2703,false,NVSS final,D157,2026-09-26 16:26:29
2018,2018-08-01,Utah,state,month,10,false,NVSS final,D157,2026-09-26 16:26:29
2018,2018-08-01,Virginia,state,month,91,false,NVSS final,D157,2026-09-26 16:26:29
2018,2018-08-01,Washington,state,month,23,false,NVSS final,D157,2026-09-26 16:26:29
2018,2018-08-01,West Virginia,state,month,57,false,NVSS final,D157,2026-09-26 16:26:29
2018,2018-08-01,Wisconsin,state,month,41,false,NVSS final,D157,2026-09-26 16:26:29
2018,2018-09-01,Alabama,state,month,15,false,NVSS final,D157,2026-09-26 16:26:29
2018,2018-09-01,Arizona,state,month,48,false,NVSS final,D157,2026-09-26 16:26:29
2018,2018-09-01,California,state,month,104,false,NVSS final,D157,2026-09-26 16:26:29
2018,2018-09-01,Colorado,state,month,10,false,NVSS final,D157,2026-09-26 16:26:29
2018,2018-09-01,Connecticut,state,month,63,false,NVSS final,D157,2026-09-26 16:26:29
2018,2018-09-01,Delaware,state,month,28,false,NVSS final,D157,2026-09-26 16:26:29
2018,2018-09-01,District of Columbia,state,month,10,false,NVSS final,D157,2026-09-26 16:26:29
2018,2018-09-01,Florida,state,month,164,false,NVSS final,D157,2026-09-26 16:26:29
2018,2018-09-01,Georgia,state,month,30,false,NVSS final,D157,2026-09-26 16:26:29
2018,2018-09-01,Illinois,state,month,132,false,NVSS final,D157,2026-09-26 16:26:29
2018,2018-09-01,Indiana,state,month,50,false,NVSS final,D157,2026-09-26 16:26:29
2018,2018-09-01,Kentucky,state,month,52,false,NVSS final,D157,2026-09-26 16:26:29
2018,2018-09-01,Louisiana,state,month,12,false,NVSS final,D157,2026-09-26 16:26:29
2018,2018-09-01,Maine,state,month,14,false,NVSS final,D157,2026-09-26 16:26:29
2018,2018-09-01,Maryland,state,month,132,false,NVSS final,D157,2026-09-26 16:26:29
2018,2018-09-01,Massachusetts,state,month,136,false,NVSS final,D157,2026-09-26 16:26:29
2018,2018-09-01,Michigan,state,month,126,false,NVSS final,D157,2026-09-26 16:26:29
2018,2018-09-01,Minnesota,state,month,20,false,NVSS final,D157,2026-09-26 16:26:29
2018,2018-09-01,Missouri,state,month,77,false,NVSS final,D157,2026-09-26 16:26:29
2018,2018-09-01,New Hampshire,state,month,28,false,NVSS final,D157,2026-09-26 16:26:29
2018,2018-09-01,New Jersey,state,month,193,false,NVSS final,D157,2026-09-26 16:26:29
2018,2018-09-01,New York,state,month,155,false,NVSS final,D157,2026-09-26 16:26:29
2018,2018-09-01,North Carolina,state,month,112,false,NVSS final,D157,2026-09-26 16:26:29
2018,2018-09-01,Ohio,state,month,247,false,NVSS final,D157,2026-09-26 16:26:29
2018,2018-09-01,Oregon,state,month,11,false,NVSS final,D157,2026-09-26 16:26:29
2018,2018-09-01,Pennsylvania,state,month,213,false,NVSS final,D157,2026-09-26 16:26:29
2018,2018-09-01,Rhode Island,state,month,18,false,NVSS final,D157,2026-09-26 16:26:29
2018,2018-09-01,South Carolina,state,month,40,false,NVSS final,D157,2026-09-26 16:26:29
2018,2018-09-01,Tennessee,state,month,74,false,NVSS final,D157,2026-09-26 16:26:29
2018,2018-09-01,Texas,state,month,41,false,NVSS final,D157,2026-09-26 16:26:29
2018,2018-09-01,United States,nation,month,2601,false,NVSS final,D157,2026-09-26 16:26:29
2018,2018-09-01,Vermont,state,month,12,false,NVSS final,D157,2026-09-26 16:26:29
2018,2018-09-01,Virginia,state,month,99,false,NVSS final,D157,2026-09-26 16:26:29
2018,2018-09-01,Washington,state,month,13,false,NVSS final,D157,2026-09-26 16:26:29
2018,2018-09-01,West Virginia,state,month,39,false,NVSS final,D157,2026-09-26 16:26:29
2018,2018-09-01,Wisconsin,state,month,34,false,NVSS final,D157,2026-09-26 16:26:29
2018,2018-10-01,Alabama,state,month,14,false,NVSS final,D157,2026-09-26 16:26:29
2018,2018-10-01,Arizona,state,month,41,false,NVSS final,D157,2026-09-26 16:26:29
2018,2018-10-01,California,state,month,73,false,NVSS final,D157,2026-09-26 16:26:29
2018,2018-10-01,Colorado,state,month,11,false,NVSS final,D157,2026-09-26 16:26:29
2018,2018-10-01,Connecticut,state,month,65,false,NVSS final,D157,2026-09-26 16:26:29
2018,2018-10-01,Delaware,state,month,33,false,NVSS final,D157,2026-09-26 16:26:29
2018,2018-10-01,District of Columbia,state,month,10,false,NVSS final,D157,2026-09-26 16:26:29
2018,2018-10-01,Florida,state,month,168,false,NVSS final,D157,2026-09-26 16:26:29
2018,2018-10-01,Georgia,state,month,22,false,NVSS final,D157,2026-09-26 16:26:29
2018,2018-10-01,Illinois,state,month,150,false,NVSS final,D157,2026-09-26 16:26:29
2018,2018-10-01,Indiana,state,month,64,false,NVSS final,D157,2026-09-26 16:26:29
2018,2018-10-01,Kentucky,state,month,68,false,NVSS final,D157,2026-09-26 16:26:29
2018,2018-10-01,Louisiana,state,month,14,false,NVSS final,D157,2026-09-26 16:26:29
2018,2018-10-01,Maine,state,month,13,false,NVSS final,D157,2026-09-26 16:26:29
2018,2018-10-01,Maryland,state,month,129,false,NVSS final,D157,2026-09-26 16:26:29
2018,2018-10-01,Massachusetts,state,month,134,false,NVSS final,D157,2026-09-26 16:26:29
2018,2018-10-01,Michigan,state,month,112,false,NVSS final,D157,2026-09-26 16:26:29
2018,2018-10-01,Minnesota,state,month,19,false,NVSS final,D157,2026-09-26 16:26:29
2018,2018-10-01,Missouri,state,month,90,false,NVSS final,D157,2026-09-26 16:26:29
2018,2018-10-01,New Hampshire,state,month,32,false,NVSS final,D157,2026-09-26 16:26:29
2018,2018-10-01,New Jersey,state,month,213,false,NVSS final,D157,2026-09-26 16:26:29
2018,2018-10-01,New York,state,month,194,false,NVSS final,D157,2026-09-26 16:26:29
2018,2018-10-01,North Carolina,state,month,106,false,NVSS final,D157,2026-09-26 16:26:29
2018,2018-10-01,Ohio,state,month,238,false,NVSS final,D157,2026-09-26 16:26:29
2018,2018-10-01,Pennsylvania,state,month,213,false,NVSS final,D157,2026-09-26 16:26:29
2018,2018-10-01,Rhode Island,state,month,22,false,NVSS final,D157,2026-09-26 16:26:29
2018,2018-10-01,South Carolina,state,month,48,false,NVSS final,D157,2026-09-26 16:26:29
2018,2018-10-01,Tennessee,state,month,71,false,NVSS final,D157,2026-09-26 16:26:29
2018,2018-10-01,Texas,state,month,23,false,NVSS final,D157,2026-09-26 16:26:29
2018,2018-10-01,United States,nation,month,2669,false,NVSS final,D157,2026-09-26 16:26:29
2018,2018-10-01,Vermont,state,month,11,false,NVSS final,D157,2026-09-26 16:26:29
2018,2018-10-01,Virginia,state,month,89,false,NVSS final,D157,2026-09-26 16:26:29
2018,2018-10-01,Washington,state,month,25,false,NVSS final,D157,2026-09-26 16:26:29
2018,2018-10-01,West Virginia,state,month,49,false,NVSS final,D157,2026-09-26 16:26:29
2018,2018-10-01,Wisconsin,state,month,41,false,NVSS final,D157,2026-09-26 16:26:29
2018,2018-11-01,Alabama,state,month,15,false,NVSS final,D157,2026-09-26 16:26:29
2018,2018-11-01,Arizona,state,month,53,false,NVSS final,D157,2026-09-26 16:26:29
2018,2018-11-01,California,state,month,65,false,NVSS final,D157,2026-09-26 16:26:29
2018,2018-11-01,Colorado,state,month,12,false,NVSS final,D157,2026-09-26 16:26:29
2018,2018-11-01,Connecticut,state,month,71,false,NVSS final,D157,2026-09-26 16:26:29
2018,2018-11-01,Delaware,state,month,27,false,NVSS final,D157,2026-09-26 16:26:29
2018,2018-11-01,District of Columbia,state,month,14,false,NVSS final,D157,2026-09-26 16:26:29
2018,2018-11-01,Florida,state,month,222,false,NVSS final,D157,2026-09-26 16:26:29
2018,2018-11-01,Georgia,state,month,28,false,NVSS final,D157,2026-09-26 16:26:29
2018,2018-11-01,Illinois,state,month,126,false,NVSS final,D157,2026-09-26 16:26:29
2018,2018-11-01,Indiana,state,month,60,false,NVSS final,D157,2026-09-26 16:26:29
2018,2018-11-01,Kentucky,state,month,57,false,NVSS final,D157,2026-09-26 16:26:29
2018,2018-11-01,Louisiana,state,month,15,false,NVSS final,D157,2026-09-26 16:26:29
2018,2018-11-01,Maine,state,month,22,false,NVSS final,D157,2026-09-26 16:26:29
2018,2018-11-01,Maryland,state,month,138,false,NVSS final,D157,2026-09-26 16:26:29
2018,2018-11-01,Massachusetts,state,month,142,false,NVSS final,D157,2026-09-26 16:26:29
2018,2018-11-01,Michigan,state,month,117,false,NVSS final,D157,2026-09-26 16:26:29
2018,2018-11-01,Minnesota,state,month,20,false,NVSS final,D157,2026-09-26 16:26:29
2018,2018-11-01,Missouri,state,month,73,false,NVSS final,D157,2026-09-26 16:26:29
2018,2018-11-01,New Hampshire,state,month,29,false,NVSS final,D157,2026-09-26 16:26:29
2018,2018-11-01,New Jersey,state,month,174,false,NVSS final,D157,2026-09-26 16:26:29
2018,2018-11-01,New York,state,month,165,false,NVSS final,D157,2026-09-26 16:26:29
2018,2018-11-01,North Carolina,state,month,113,false,NVSS final,D157,2026-09-26 16:26:29
2018,2018-11-01,Ohio,state,month,216,false,NVSS final,D157,2026-09-26 16:26:29
2018,2018-11-01,Pennsylvania,state,month,166,false,NVSS final,D157,2026-09-26 16:26:29
2018,2018-11-01,Rhode Island,state,month,17,false,NVSS final,D157,2026-09-26 16:26:29
2018,2018-11-01,South Carolina,state,month,38,false,NVSS final,D157,2026-09-26 16:26:29
2018,2018-11-01,Tennessee,state,month,80,false,NVSS final,D157,2026-09-26 16:26:29
2018,2018-11-01,Texas,state,month,30,false,NVSS final,D157,2026-09-26 16:26:29
2018,2018-11-01,United States,nation,month,2548,false,NVSS final,D157,2026-09-26 16:26:29
2018,2018-11-01,Virginia,state,month,65,false,NVSS final,D157,2026-09-26 16:26:29
2018,2018-11-01,Washington,state,month,15,false,NVSS final,D157,2026-09-26 16:26:29
2018,2018-11-01,West Virginia,state,month,39,false,NVSS final,D157,2026-09-26 16:26:29
2018,2018-11-01,Wisconsin,state,month,41,false,NVSS final,D157,2026-09-26 16:26:29
2018,2018-12-01,Alabama,state,month,15,false,NVSS final,D157,2026-09-26 16:26:29
2018,2018-12-01,Arizona,state,month,52,false,NVSS final,D157,2026-09-26 16:26:29
2018,2018-12-01,Arkansas,state,month,10,false,NVSS final,D157,2026-09-26 16:26:29
2018,2018-12-01,California,state,month,77,false,NVSS final,D157,2026-09-26 16:26:29
2018,2018-12-01,Colorado,state,month,13,false,NVSS final,D157,2026-09-26 16:26:29
2018,2018-12-01,Connecticut,state,month,66,false,NVSS final,D157,2026-09-26 16:26:29
2018,2018-12-01,Delaware,state,month,16,false,NVSS final,D157,2026-09-26 16:26:29
2018,2018-12-01,District of Columbia,state,month,16,false,NVSS final,D157,2026-09-26 16:26:29
2018,2018-12-01,Florida,state,month,194,false,NVSS final,D157,2026-09-26 16:26:29
2018,2018-12-01,Georgia,state,month,32,false,NVSS final,D157,2026-09-26 16:26:29
2018,2018-12-01,Illinois,state,month,147,false,NVSS final,D157,2026-09-26 16:26:29
2018,2018-12-01,Indiana,state,month,60,false,NVSS final,D157,2026-09-26 16:26:29
2018,2018-12-01,Kentucky,state,month,42,false,NVSS final,D157,2026-09-26 16:26:29
2018,2018-12-01,Louisiana,state,month,24,false,NVSS final,D157,2026-09-26 16:26:29
2018,2018-12-01,Maryland,state,month,150,false,NVSS final,D157,2026-09-26 16:26:29
2018,2018-12-01,Massachusetts,state,month,146,false,NVSS final,D157,2026-09-26 16:26:29
2018,2018-12-01,Michigan,state,month,120,false,NVSS final,D157,2026-09-26 16:26:29
2018,2018-12-01,Minnesota,state,month,26,false,NVSS final,D157,2026-09-26 16:26:29
2018,2018-12-01,Mississippi,state,month,10,false,NVSS final,D157,2026-09-26 16:26:29
2018,2018-12-01,Missouri,state,month,83,false,NVSS final,D157,2026-09-26 16:26:29
2018,2018-12-01,Nevada,state,month,11,false,NVSS final,D157,2026-09-26 16:26:29
2018,2018-12-01,New Hampshire,state,month,37,false,NVSS final,D157,2026-09-26 16:26:29
2018,2018-12-01,New Jersey,state,month,186,false,NVSS final,D157,2026-09-26 16:26:29
2018,2018-12-01,New Mexico,state,month,18,false,NVSS final,D157,2026-09-26 16:26:29
2018,2018-12-01,New York,state,month,169,false,NVSS final,D157,2026-09-26 16:26:29
2018,2018-12-01,North Carolina,state,month,90,false,NVSS final,D157,2026-09-26 16:26:29
2018,2018-12-01,Ohio,state,month,239,false,NVSS final,D157,2026-09-26 16:26:29
2018,2018-12-01,Pennsylvania,state,month,183,false,NVSS final,D157,2026-09-26 16:26:29
2018,2018-12-01,Rhode Island,state,month,19,false,NVSS final,D157,2026-09-26 16:26:29
2018,2018-12-01,South Carolina,state,month,49,false,NVSS final,D157,2026-09-26 16:26:29
2018,2018-12-01,Tennessee,state,month,71,false,NVSS final,D157,2026-09-26 16:26:29
2018,2018-12-01,Texas,state,month,32,false,NVSS final,D157,2026-09-26 16:26:29
2018,2018-12-01,United States,nation,month,2639,false,NVSS final,D157,2026-09-26 16:26:29
2018,2018-12-01,Virginia,state,month,59,false,NVSS final,D157,2026-09-26 16:26:29
2018,2018-12-01,Washington,state,month,25,false,NVSS final,D157,2026-09-26 16:26:29
2018,2018-12-01,West Virginia,state,month,46,false,NVSS final,D157,2026-09-26 16:26:29
2018,2018-12-01,Wisconsin,state,month,57,false,NVSS final,D157,2026-09-26 16:26:29
2019,2019-01-01,Alabama,state,month,17,false,NVSS final,D157,2026-09-26 16:26:29
2019,2019-01-01,Arizona,state,month,56,false,NVSS final,D157,2026-09-26 16:26:29
2019,2019-01-01,Arkansas,state,month,14,false,NVSS final,D157,2026-09-26 16:26:29
2019,2019-01-01,California,state,month,91,false,NVSS final,D157,2026-09-26 16:26:29
2019,2019-01-01,Colorado,state,month,13,false,NVSS final,D157,2026-09-26 16:26:29
2019,2019-01-01,Connecticut,state,month,55,false,NVSS final,D157,2026-09-26 16:26:29
2019,2019-01-01,Delaware,state,month,24,false,NVSS final,D157,2026-09-26 16:26:29
2019,2019-01-01,District of Columbia,state,month,14,false,NVSS final,D157,2026-09-26 16:26:29
2019,2019-01-01,Florida,state,month,217,false,NVSS final,D157,2026-09-26 16:26:29
2019,2019-01-01,Georgia,state,month,35,false,NVSS final,D157,2026-09-26 16:26:29
2019,2019-01-01,Illinois,state,month,103,false,NVSS final,D157,2026-09-26 16:26:29
2019,2019-01-01,Indiana,state,month,42,false,NVSS final,D157,2026-09-26 16:26:29
2019,2019-01-01,Kentucky,state,month,59,false,NVSS final,D157,2026-09-26 16:26:29
2019,2019-01-01,Louisiana,state,month,19,false,NVSS final,D157,2026-09-26 16:26:29
2019,2019-01-01,Maine,state,month,14,false,NVSS final,D157,2026-09-26 16:26:29
2019,2019-01-01,Maryland,state,month,172,false,NVSS final,D157,2026-09-26 16:26:29
2019,2019-01-01,Massachusetts,state,month,149,false,NVSS final,D157,2026-09-26 16:26:29
2019,2019-01-01,Michigan,state,month,106,false,NVSS final,D157,2026-09-26 16:26:29
2019,2019-01-01,Minnesota,state,month,33,false,NVSS final,D157,2026-09-26 16:26:29
2019,2019-01-01,Missouri,state,month,84,false,NVSS final,D157,2026-09-26 16:26:29
2019,2019-01-01,Nevada,state,month,13,false,NVSS final,D157,2026-09-26 16:26:29
2019,2019-01-01,New Hampshire,state,month,27,false,NVSS final,D157,2026-09-26 16:26:29
2019,2019-01-01,New Jersey,state,month,140,false,NVSS final,D157,2026-09-26 16:26:29
2019,2019-01-01,New York,state,month,156,false,NVSS final,D157,2026-09-26 16:26:29
2019,2019-01-01,North Carolina,state,month,100,false,NVSS final,D157,2026-09-26 16:26:29
2019,2019-01-01,Ohio,state,month,243,false,NVSS final,D157,2026-09-26 16:26:29
2019,2019-01-01,Pennsylvania,state,month,179,false,NVSS final,D157,2026-09-26 16:26:29
2019,2019-01-01,Rhode Island,state,month,17,false,NVSS final,D157,2026-09-26 16:26:29
2019,2019-01-01,South Carolina,state,month,41,false,NVSS final,D157,2026-09-26 16:26:29
2019,2019-01-01,Tennessee,state,month,86,false,NVSS final,D157,2026-09-26 16:26:29
2019,2019-01-01,Texas,state,month,28,false,NVSS final,D157,2026-09-26 16:26:29
2019,2019-01-01,United States,nation,month,2588,false,NVSS final,D157,2026-09-26 16:26:29
2019,2019-01-01,Utah,state,month,11,false,NVSS final,D157,2026-09-26 16:26:29
2019,2019-01-01,Virginia,state,month,72,false,NVSS final,D157,2026-09-26 16:26:29
2019,2019-01-01,Washington,state,month,30,false,NVSS final,D157,2026-09-26 16:26:29
2019,2019-01-01,West Virginia,state,month,35,false,NVSS final,D157,2026-09-26 16:26:29
2019,2019-01-01,Wisconsin,state,month,32,false,NVSS final,D157,2026-09-26 16:26:29
2019,2019-02-01,Alabama,state,month,15,false,NVSS final,D157,2026-09-26 16:26:29
2019,2019-02-01,Arizona,state,month,39,false,NVSS final,D157,2026-09-26 16:26:29
2019,2019-02-01,California,state,month,100,false,NVSS final,D157,2026-09-26 16:26:29
2019,2019-02-01,Colorado,state,month,11,false,NVSS final,D157,2026-09-26 16:26:29
2019,2019-02-01,Connecticut,state,month,61,false,NVSS final,D157,2026-09-26 16:26:29
2019,2019-02-01,Delaware,state,month,18,false,NVSS final,D157,2026-09-26 16:26:29
2019,2019-02-01,District of Columbia,state,month,19,false,NVSS final,D157,2026-09-26 16:26:29
2019,2019-02-01,Florida,state,month,184,false,NVSS final,D157,2026-09-26 16:26:29
2019,2019-02-01,Georgia,state,month,32,false,NVSS final,D157,2026-09-26 16:26:29
2019,2019-02-01,Illinois,state,month,105,false,NVSS final,D157,2026-09-26 16:26:29
2019,2019-02-01,Indiana,state,month,59,false,NVSS final,D157,2026-09-26 16:26:29
2019,2019-02-01,Kentucky,state,month,51,false,NVSS final,D157,2026-09-26 16:26:29
2019,2019-02-01,Louisiana,state,month,16,false,NVSS final,D157,2026-09-26 16:26:29
2019,2019-02-01,Maine,state,month,22,false,NVSS final,D157,2026-09-26 16:26:29
2019,2019-02-01,Maryland,state,month,154,false,NVSS final,D157,2026-09-26 16:26:29
2019,2019-02-01,Massachusetts,state,month,134,false,NVSS final,D157,2026-09-26 16:26:29
2019,2019-02-01,Michigan,state,month,101,false,NVSS final,D157,2026-09-26 16:26:29
2019,2019-02-01,Minnesota,state,month,23,false,NVSS final,D157,2026-09-26 16:26:29
2019,2019-02-01,Missouri,state,month,61,false,NVSS final,D157,2026-09-26 16:26:29
2019,2019-02-01,New Hampshire,state,month,35,false,NVSS final,D157,2026-09-26 16:26:29
2019,2019-02-01,New Jersey,state,month,192,false,NVSS final,D157,2026-09-26 16:26:29
2019,2019-02-01,New Mexico,state,month,10,false,NVSS final,D157,2026-09-26 16:26:29
2019,2019-02-01,New York,state,month,174,false,NVSS final,D157,2026-09-26 16:26:29
2019,2019-02-01,North Carolina,state,month,109,false,NVSS final,D157,2026-09-26 16:26:29
2019,2019-02-01,Ohio,state,month,216,false,NVSS final,D157,2026-09-26 16:26:29
2019,2019-02-01,Oregon,state,month,10,false,NVSS final,D157,2026-09-26 16:26:29
2019,2019-02-01,Pennsylvania,state,month,178,false,NVSS final,D157,2026-09-26 16:26:29
2019,2019-02-01,Rhode Island,state,month,11,false,NVSS final,D157,2026-09-26 16:26:29
2019,2019-02-01,South Carolina,state,month,41,false,NVSS final,D157,2026-09-26 16:26:29
2019,2019-02-01,Tennessee,state,month,79,false,NVSS final,D157,2026-09-26 16:26:29
2019,2019-02-01,Texas,state,month,31,false,NVSS final,D157,2026-09-26 16:26:29
2019,2019-02-01,United States,nation,month,2527,false,NVSS final,D157,2026-09-26 16:26:29
2019,2019-02-01,Utah,state,month,11,false,NVSS final,D157,2026-09-26 16:26:29
2019,2019-02-01,Vermont,state,month,13,false,NVSS final,D157,2026-09-26 16:26:29
2019,2019-02-01,Virginia,state,month,73,false,NVSS final,D157,2026-09-26 16:26:29
2019,2019-02-01,Washington,state,month,23,false,NVSS final,D157,2026-09-26 16:26:29
2019,2019-02-01,West Virginia,state,month,31,false,NVSS final,D157,2026-09-26 16:26:29
2019,2019-02-01,Wisconsin,state,month,35,false,NVSS final,D157,2026-09-26 16:26:29
2019,2019-03-01,Alabama,state,month,12,false,NVSS final,D157,2026-09-26 16:26:29
2019,2019-03-01,Arizona,state,month,53,false,NVSS final,D157,2026-09-26 16:26:29
2019,2019-03-01,Arkansas,state,month,13,false,NVSS final,D157,2026-09-26 16:26:29
2019,2019-03-01,California,state,month,125,false,NVSS final,D157,2026-09-26 16:26:29
2019,2019-03-01,Colorado,state,month,14,false,NVSS final,D157,2026-09-26 16:26:29
2019,2019-03-01,Connecticut,state,month,71,false,NVSS final,D157,2026-09-26 16:26:29
2019,2019-03-01,Delaware,state,month,18,false,NVSS final,D157,2026-09-26 16:26:29
2019,2019-03-01,District of Columbia,state,month,11,false,NVSS final,D157,2026-09-26 16:26:29
2019,2019-03-01,Florida,state,month,197,false,NVSS final,D157,2026-09-26 16:26:29
2019,2019-03-01,Georgia,state,month,35,false,NVSS final,D157,2026-09-26 16:26:29
2019,2019-03-01,Illinois,state,month,122,false,NVSS final,D157,2026-09-26 16:26:29
2019,2019-03-01,Indiana,state,month,88,false,NVSS final,D157,2026-09-26 16:26:29
2019,2019-03-01,Kentucky,state,month,81,false,NVSS final,D157,2026-09-26 16:26:29
2019,2019-03-01,Louisiana,state,month,20,false,NVSS final,D157,2026-09-26 16:26:29
2019,2019-03-01,Maine,state,month,18,false,NVSS final,D157,2026-09-26 16:26:29
2019,2019-03-01,Maryland,state,month,173,false,NVSS final,D157,2026-09-26 16:26:29
2019,2019-03-01,Massachusetts,state,month,165,false,NVSS final,D157,2026-09-26 16:26:29
2019,2019-03-01,Michigan,state,month,126,false,NVSS final,D157,2026-09-26 16:26:29
2019,2019-03-01,Minnesota,state,month,14,false,NVSS final,D157,2026-09-26 16:26:29
2019,2019-03-01,Mississippi,state,month,15,false,NVSS final,D157,2026-09-26 16:26:29
2019,2019-03-01,Missouri,state,month,71,false,NVSS final,D157,2026-09-26 16:26:29
2019,2019-03-01,New Hampshire,state,month,37,false,NVSS final,D157,2026-09-26 16:26:29
2019,2019-03-01,New Jersey,state,month,154,false,NVSS final,D157,2026-09-26 16:26:29
2019,2019-03-01,New York,state,month,190,false,NVSS final,D157,2026-09-26 16:26:29
2019,2019-03-01,North Carolina,state,month,149,false,NVSS final,D157,2026-09-26 16:26:29
2019,2019-03-01,Ohio,state,month,269,false,NVSS final,D157,2026-09-26 16:26:29
2019,2019-03-01,Oregon,state,month,13,false,NVSS final,D157,2026-09-26 16:26:29
2019,2019-03-01,Pennsylvania,state,month,215,false,NVSS final,D157,2026-09-26 16:26:29
2019,2019-03-01,Rhode Island,state,month,19,false,NVSS final,D157,2026-09-26 16:26:29
2019,2019-03-01,South Carolina,state,month,39,false,NVSS final,D157,2026-09-26 16:26:29
2019,2019-03-01,Tennessee,state,month,85,false,NVSS final,D157,2026-09-26 16:26:29
2019,2019-03-01,Texas,state,month,21,false,NVSS final,D157,2026-09-26 16:26:29
2019,2019-03-01,United States,nation,month,2920,false,NVSS final,D157,2026-09-26 16:26:29
2019,2019-03-01,Utah,state,month,10,false,NVSS final,D157,2026-09-26 16:26:29
2019,2019-03-01,Virginia,state,month,77,false,NVSS final,D157,2026-09-26 16:26:29
2019,2019-03-01,Washington,state,month,30,false,NVSS final,D157,2026-09-26 16:26:29
2019,2019-03-01,West Virginia,state,month,50,false,NVSS final,D157,2026-09-26 16:26:29
2019,2019-03-01,Wisconsin,state,month,68,false,NVSS final,D157,2026-09-26 16:26:29
2019,2019-04-01,Alabama,state,month,13,false,NVSS final,D157,2026-09-26 16:26:29
2019,2019-04-01,Arizona,state,month,58,false,NVSS final,D157,2026-09-26 16:26:29
2019,2019-04-01,California,state,month,119,false,NVSS final,D157,2026-09-26 16:26:29
2019,2019-04-01,Colorado,state,month,23,false,NVSS final,D157,2026-09-26 16:26:29
2019,2019-04-01,Connecticut,state,month,64,false,NVSS final,D157,2026-09-26 16:26:29
2019,2019-04-01,Delaware,state,month,24,false,NVSS final,D157,2026-09-26 16:26:29
2019,2019-04-01,District of Columbia,state,month,15,false,NVSS final,D157,2026-09-26 16:26:29
2019,2019-04-01,Florida,state,month,217,false,NVSS final,D157,2026-09-26 16:26:29
2019,2019-04-01,Georgia,state,month,35,false,NVSS final,D157,2026-09-26 16:26:29
2019,2019-04-01,Illinois,state,month,120,false,NVSS final,D157,2026-09-26 16:26:29
2019,2019-04-01,Indiana,state,month,64,false,NVSS final,D157,2026-09-26 16:26:29
2019,2019-04-01,Kansas,state,month,10,false,NVSS final,D157,2026-09-26 16:26:29
2019,2019-04-01,Kentucky,state,month,70,false,NVSS final,D157,2026-09-26 16:26:29
2019,2019-04-01,Louisiana,state,month,16,false,NVSS final,D157,2026-09-26 16:26:29
2019,2019-04-01,Maine,state,month,22,false,NVSS final,D157,2026-09-26 16:26:29
2019,2019-04-01,Maryland,state,month,178,false,NVSS final,D157,2026-09-26 16:26:29
2019,2019-04-01,Massachusetts,state,month,138,false,NVSS final,D157,2026-09-26 16:26:29
2019,2019-04-01,Michigan,state,month,117,false,NVSS final,D157,2026-09-26 16:26:29
2019,2019-04-01,Minnesota,state,month,20,false,NVSS final,D157,2026-09-26 16:26:29
2019,2019-04-01,Mississippi,state,month,11,false,NVSS final,D157,2026-09-26 16:26:29
2019,2019-04-01,Missouri,state,month,50,false,NVSS final,D157,2026-09-26 16:26:29
2019,2019-04-01,Nevada,state,month,12,false,NVSS final,D157,2026-09-26 16:26:29
2019,2019-04-01,New Hampshire,state,month,24,false,NVSS final,D157,2026-09-26 16:26:29
2019,2019-04-01,New Jersey,state,month,149,false,NVSS final,D157,2026-09-26 16:26:29
2019,2019-04-01,New Mexico,state,month,12,false,NVSS final,D157,2026-09-26 16:26:29
2019,2019-04-01,New York,state,month,164,false,NVSS final,D157,2026-09-26 16:26:29
2019,2019-04-01,North Carolina,state,month,107,false,NVSS final,D157,2026-09-26 16:26:29
2019,2019-04-01,Ohio,state,month,247,false,NVSS final,D157,2026-09-26 16:26:29
2019,2019-04-01,Oregon,state,month,11,false,NVSS final,D157,2026-09-26 16:26:29
2019,2019-04-01,Pennsylvania,state,month,211,false,NVSS final,D157,2026-09-26 16:26:29
2019,2019-04-01,Rhode Island,state,month,20,false,NVSS final,D157,2026-09-26 16:26:29
2019,2019-04-01,South Carolina,state,month,35,false,NVSS final,D157,2026-09-26 16:26:29
2019,2019-04-01,Tennessee,state,month,91,false,NVSS final,D157,2026-09-26 16:26:29
2019,2019-04-01,Texas,state,month,26,false,NVSS final,D157,2026-09-26 16:26:29
2019,2019-04-01,United States,nation,month,2735,false,NVSS final,D157,2026-09-26 16:26:29
2019,2019-04-01,Virginia,state,month,77,false,NVSS final,D157,2026-09-26 16:26:29
2019,2019-04-01,Washington,state,month,18,false,NVSS final,D157,2026-09-26 16:26:29
2019,2019-04-01,West Virginia,state,month,57,false,NVSS final,D157,2026-09-26 16:26:29
2019,2019-04-01,Wisconsin,state,month,56,false,NVSS final,D157,2026-09-26 16:26:29
2019,2019-05-01,Alabama,state,month,15,false,NVSS final,D157,2026-09-26 16:26:29
2019,2019-05-01,Arizona,state,month,63,false,NVSS final,D157,2026-09-26 16:26:29
2019,2019-05-01,Arkansas,state,month,11,false,NVSS final,D157,2026-09-26 16:26:29
2019,2019-05-01,California,state,month,115,false,NVSS final,D157,2026-09-26 16:26:29
2019,2019-05-01,Colorado,state,month,14,false,NVSS final,D157,2026-09-26 16:26:29
2019,2019-05-01,Connecticut,state,month,80,false,NVSS final,D157,2026-09-26 16:26:29
2019,2019-05-01,Delaware,state,month,29,false,NVSS final,D157,2026-09-26 16:26:29
2019,2019-05-01,District of Columbia,state,month,18,false,NVSS final,D157,2026-09-26 16:26:29
2019,2019-05-01,Florida,state,month,184,false,NVSS final,D157,2026-09-26 16:26:29
2019,2019-05-01,Georgia,state,month,35,false,NVSS final,D157,2026-09-26 16:26:29
2019,2019-05-01,Illinois,state,month,171,false,NVSS final,D157,2026-09-26 16:26:29
2019,2019-05-01,Indiana,state,month,66,false,NVSS final,D157,2026-09-26 16:26:29
2019,2019-05-01,Kentucky,state,month,55,false,NVSS final,D157,2026-09-26 16:26:29
2019,2019-05-01,Louisiana,state,month,22,false,NVSS final,D157,2026-09-26 16:26:29
2019,2019-05-01,Maine,state,month,26,false,NVSS final,D157,2026-09-26 16:26:29
2019,2019-05-01,Maryland,state,month,151,false,NVSS final,D157,2026-09-26 16:26:29
2019,2019-05-01,Massachusetts,state,month,152,false,NVSS final,D157,2026-09-26 16:26:29
2019,2019-05-01,Michigan,state,month,140,false,NVSS final,D157,2026-09-26 16:26:29
2019,2019-05-01,Minnesota,state,month,28,false,NVSS final,D157,2026-09-26 16:26:29
2019,2019-05-01,Mississippi,state,month,11,false,NVSS final,D157,2026-09-26 16:26:29
2019,2019-05-01,Missouri,state,month,65,false,NVSS final,D157,2026-09-26 16:26:29
2019,2019-05-01,New Hampshire,state,month,22,false,NVSS final,D157,2026-09-26 16:26:29
2019,2019-05-01,New Jersey,state,month,164,false,NVSS final,D157,2026-09-26 16:26:29
2019,2019-05-01,New Mexico,state,month,11,false,NVSS final,D157,2026-09-26 16:26:29
2019,2019-05-01,New York,state,month,193,false,NVSS final,D157,2026-09-26 16:26:29
2019,2019-05-01,North Carolina,state,month,111,false,NVSS final,D157,2026-09-26 16:26:29
2019,2019-05-01,Ohio,state,month,263,false,NVSS final,D157,2026-09-26 16:26:29
2019,2019-05-01,Pennsylvania,state,month,205,false,NVSS final,D157,2026-09-26 16:26:29
2019,2019-05-01,Rhode Island,state,month,23,false,NVSS final,D157,2026-09-26 16:26:29
2019,2019-05-01,South Carolina,state,month,47,false,NVSS final,D157,2026-09-26 16:26:29
2019,2019-05-01,Tennessee,state,month,90,false,NVSS final,D157,2026-09-26 16:26:29
2019,2019-05-01,Texas,state,month,28,false,NVSS final,D157,2026-09-26 16:26:29
2019,2019-05-01,United States,nation,month,2855,false,NVSS final,D157,2026-09-26 16:26:29
2019,2019-05-01,Virginia,state,month,87,false,NVSS final,D157,2026-09-26 16:26:29
2019,2019-05-01,Washington,state,month,21,false,NVSS final,D157,2026-09-26 16:26:29
2019,2019-05-01,West Virginia,state,month,34,false,NVSS final,D157,2026-09-26 16:26:29
2019,2019-05-01,Wisconsin,state,month,60,false,NVSS final,D157,2026-09-26 16:26:29
2019,2019-06-01,Alabama,state,month,22,false,NVSS final,D157,2026-09-26 16:26:29
2019,2019-06-01,Arizona,state,month,47,false,NVSS final,D157,2026-09-26 16:26:29
2019,2019-06-01,California,state,month,123,false,NVSS final,D157,2026-09-26 16:26:29
2019,2019-06-01,Colorado,state,month,16,false,NVSS final,D157,2026-09-26 16:26:29
2019,2019-06-01,Connecticut,state,month,101,false,NVSS final,D157,2026-09-26 16:26:29
2019,2019-06-01,Delaware,state,month,32,false,NVSS final,D157,2026-09-26 16:26:29
2019,2019-06-01,District of Columbia,state,month,15,false,NVSS final,D157,2026-09-26 16:26:29
2019,2019-06-01,Florida,state,month,230,false,NVSS final,D157,2026-09-26 16:26:29
2019,2019-06-01,Georgia,state,month,29,false,NVSS final,D157,2026-09-26 16:26:29
2019,2019-06-01,Illinois,state,month,127,false,NVSS final,D157,2026-09-26 16:26:29
2019,2019-06-01,Indiana,state,month,69,false,NVSS final,D157,2026-09-26 16:26:29
2019,2019-06-01,Kentucky,state,month,70,false,NVSS final,D157,2026-09-26 16:26:29
2019,2019-06-01,Louisiana,state,month,21,false,NVSS final,D157,2026-09-26 16:26:29
2019,2019-06-01,Maine,state,month,29,false,NVSS final,D157,2026-09-26 16:26:29
2019,2019-06-01,Maryland,state,month,155,false,NVSS final,D157,2026-09-26 16:26:29
2019,2019-06-01,Massachusetts,state,month,159,false,NVSS final,D157,2026-09-26 16:26:29
2019,2019-06-01,Michigan,state,month,107,false,NVSS final,D157,2026-09-26 16:26:29
2019,2019-06-01,Minnesota,state,month,24,false,NVSS final,D157,2026-09-26 16:26:29
2019,2019-06-01,Mississippi,state,month,18,false,NVSS final,D157,2026-09-26 16:26:29
2019,2019-06-01,Missouri,state,month,55,false,NVSS final,D157,2026-09-26 16:26:29
2019,2019-06-01,New Hampshire,state,month,24,false,NVSS final,D157,2026-09-26 16:26:29
2019,2019-06-01,New Jersey,state,month,190,false,NVSS final,D157,2026-09-26 16:26:29
2019,2019-06-01,New Mexico,state,month,12,false,NVSS final,D157,2026-09-26 16:26:29
2019,2019-06-01,New York,state,month,192,false,NVSS final,D157,2026-09-26 16:26:29
2019,2019-06-01,North Carolina,state,month,140,false,NVSS final,D157,2026-09-26 16:26:29
2019,2019-06-01,Ohio,state,month,253,false,NVSS final,D157,2026-09-26 16:26:29
2019,2019-06-01,Oklahoma,state,month,10,false,NVSS final,D157,2026-09-26 16:26:29
2019,2019-06-01,Pennsylvania,state,month,211,false,NVSS final,D157,2026-09-26 16:26:29
2019,2019-06-01,Rhode Island,state,month,16,false,NVSS final,D157,2026-09-26 16:26:29
2019,2019-06-01,South Carolina,state,month,41,false,NVSS final,D157,2026-09-26 16:26:29
2019,2019-06-01,Tennessee,state,month,104,false,NVSS final,D157,2026-09-26 16:26:29
2019,2019-06-01,Texas,state,month,29,false,NVSS final,D157,2026-09-26 16:26:29
2019,2019-06-01,United States,nation,month,2913,false,NVSS final,D157,2026-09-26 16:26:29
2019,2019-06-01,Virginia,state,month,72,false,NVSS final,D157,2026-09-26 16:26:29
2019,2019-06-01,Washington,state,month,31,false,NVSS final,D157,2026-09-26 16:26:29
2019,2019-06-01,West Virginia,state,month,46,false,NVSS final,D157,2026-09-26 16:26:29
2019,2019-06-01,Wisconsin,state,month,43,false,NVSS final,D157,2026-09-26 16:26:29
2019,2019-07-01,Alabama,state,month,20,false,NVSS final,D157,2026-09-26 16:26:29
2019,2019-07-01,Arizona,state,month,77,false,NVSS final,D157,2026-09-26 16:26:29
2019,2019-07-01,California,state,month,150,false,NVSS final,D157,2026-09-26 16:26:29
2019,2019-07-01,Colorado,state,month,22,false,NVSS final,D157,2026-09-26 16:26:29
2019,2019-07-01,Connecticut,state,month,96,false,NVSS final,D157,2026-09-26 16:26:29
2019,2019-07-01,Delaware,state,month,32,false,NVSS final,D157,2026-09-26 16:26:29
2019,2019-07-01,District of Columbia,state,month,16,false,NVSS final,D157,2026-09-26 16:26:29
2019,2019-07-01,Florida,state,month,234,false,NVSS final,D157,2026-09-26 16:26:29
2019,2019-07-01,Georgia,state,month,33,false,NVSS final,D157,2026-09-26 16:26:29
2019,2019-07-01,Illinois,state,month,144,false,NVSS final,D157,2026-09-26 16:26:29
2019,2019-07-01,Indiana,state,month,88,false,NVSS final,D157,2026-09-26 16:26:29
2019,2019-07-01,Kentucky,state,month,69,false,NVSS final,D157,2026-09-26 16:26:29
2019,2019-07-01,Louisiana,state,month,21,false,NVSS final,D157,2026-09-26 16:26:29
2019,2019-07-01,Maine,state,month,19,false,NVSS final,D157,2026-09-26 16:26:29
2019,2019-07-01,Maryland,state,month,154,false,NVSS final,D157,2026-09-26 16:26:29
2019,2019-07-01,Massachusetts,state,month,164,false,NVSS final,D157,2026-09-26 16:26:29
2019,2019-07-01,Michigan,state,month,127,false,NVSS final,D157,2026-09-26 16:26:29
2019,2019-07-01,Minnesota,state,month,40,false,NVSS final,D157,2026-09-26 16:26:29
2019,2019-07-01,Mississippi,state,month,16,false,NVSS final,D157,2026-09-26 16:26:29
2019,2019-07-01,Missouri,state,month,66,false,NVSS final,D157,2026-09-26 16:26:29
2019,2019-07-01,Nevada,state,month,12,false,NVSS final,D157,2026-09-26 16:26:29
2019,2019-07-01,New Hampshire,state,month,19,false,NVSS final,D157,2026-09-26 16:26:29
2019,2019-07-01,New Jersey,state,month,197,false,NVSS final,D157,2026-09-26 16:26:29
2019,2019-07-01,New Mexico,state,month,14,false,NVSS final,D157,2026-09-26 16:26:29
2019,2019-07-01,New York,state,month,215,false,NVSS final,D157,2026-09-26 16:26:29
2019,2019-07-01,North Carolina,state,month,103,false,NVSS final,D157,2026-09-26 16:26:29
2019,2019-07-01,Ohio,state,month,278,false,NVSS final,D157,2026-09-26 16:26:29
2019,2019-07-01,Pennsylvania,state,month,221,false,NVSS final,D157,2026-09-26 16:26:29
2019,2019-07-01,Rhode Island,state,month,22,false,NVSS final,D157,2026-09-26 16:26:29
2019,2019-07-01,South Carolina,state,month,45,false,NVSS final,D157,2026-09-26 16:26:29
2019,2019-07-01,Tennessee,state,month,109,false,NVSS final,D157,2026-09-26 16:26:29
2019,2019-07-01,Texas,state,month,36,false,NVSS final,D157,2026-09-26 16:26:29
2019,2019-07-01,United States,nation,month,3125,false,NVSS final,D157,2026-09-26 16:26:29
2019,2019-07-01,Vermont,state,month,11,false,NVSS final,D157,2026-09-26 16:26:29
2019,2019-07-01,Virginia,state,month,61,false,NVSS final,D157,2026-09-26 16:26:29
2019,2019-07-01,Washington,state,month,26,false,NVSS final,D157,2026-09-26 16:26:29
2019,2019-07-01,West Virginia,state,month,51,false,NVSS final,D157,2026-09-26 16:26:29
2019,2019-07-01,Wisconsin,state,month,62,false,NVSS final,D157,2026-09-26 16:26:29
2019,2019-08-01,Alabama,state,month,20,false,NVSS final,D157,2026-09-26 16:26:29
2019,2019-08-01,Arizona,state,month,72,false,NVSS final,D157,2026-09-26 16:26:29
2019,2019-08-01,California,state,month,166,false,NVSS final,D157,2026-09-26 16:26:29
2019,2019-08-01,Colorado,state,month,30,false,NVSS final,D157,2026-09-26 16:26:29
2019,2019-08-01,Connecticut,state,month,111,false,NVSS final,D157,2026-09-26 16:26:29
2019,2019-08-01,Delaware,state,month,35,false,NVSS final,D157,2026-09-26 16:26:29
2019,2019-08-01,District of Columbia,state,month,20,false,NVSS final,D157,2026-09-26 16:26:29
2019,2019-08-01,Florida,state,month,234,false,NVSS final,D157,2026-09-26 16:26:29
2019,2019-08-01,Georgia,state,month,42,false,NVSS final,D157,2026-09-26 16:26:29
2019,2019-08-01,Illinois,state,month,163,false,NVSS final,D157,2026-09-26 16:26:29
2019,2019-08-01,Indiana,state,month,82,false,NVSS final,D157,2026-09-26 16:26:29
2019,2019-08-01,Kansas,state,month,11,false,NVSS final,D157,2026-09-26 16:26:29
2019,2019-08-01,Kentucky,state,month,60,false,NVSS final,D157,2026-09-26 16:26:29
2019,2019-08-01,Louisiana,state,month,32,false,NVSS final,D157,2026-09-26 16:26:29
2019,2019-08-01,Maine,state,month,32,false,NVSS final,D157,2026-09-26 16:26:29
2019,2019-08-01,Maryland,state,month,167,false,NVSS final,D157,2026-09-26 16:26:29
2019,2019-08-01,Massachusetts,state,month,150,false,NVSS final,D157,2026-09-26 16:26:29
2019,2019-08-01,Michigan,state,month,94,false,NVSS final,D157,2026-09-26 16:26:29
2019,2019-08-01,Minnesota,state,month,24,false,NVSS final,D157,2026-09-26 16:26:29
2019,2019-08-01,Missouri,state,month,91,false,NVSS final,D157,2026-09-26 16:26:29
2019,2019-08-01,New Hampshire,state,month,30,false,NVSS final,D157,2026-09-26 16:26:29
2019,2019-08-01,New Jersey,state,month,218,false,NVSS final,D157,2026-09-26 16:26:29
2019,2019-08-01,New Mexico,state,month,12,false,NVSS final,D157,2026-09-26 16:26:29
2019,2019-08-01,New York,state,month,201,false,NVSS final,D157,2026-09-26 16:26:29
2019,2019-08-01,North Carolina,state,month,103,false,NVSS final,D157,2026-09-26 16:26:29
2019,2019-08-01,Ohio,state,month,233,false,NVSS final,D157,2026-09-26 16:26:29
2019,2019-08-01,Pennsylvania,state,month,243,false,NVSS final,D157,2026-09-26 16:26:29
2019,2019-08-01,Rhode Island,state,month,16,false,NVSS final,D157,2026-09-26 16:26:29
2019,2019-08-01,South Carolina,state,month,58,false,NVSS final,D157,2026-09-26 16:26:29
2019,2019-08-01,Tennessee,state,month,85,false,NVSS final,D157,2026-09-26 16:26:29
2019,2019-08-01,Texas,state,month,37,false,NVSS final,D157,2026-09-26 16:26:29
2019,2019-08-01,United States,nation,month,3180,false,NVSS final,D157,2026-09-26 16:26:29
2019,2019-08-01,Vermont,state,month,14,false,NVSS final,D157,2026-09-26 16:26:29
2019,2019-08-01,Virginia,state,month,79,false,NVSS final,D157,2026-09-26 16:26:29
2019,2019-08-01,Washington,state,month,23,false,NVSS final,D157,2026-09-26 16:26:29
2019,2019-08-01,West Virginia,state,month,55,false,NVSS final,D157,2026-09-26 16:26:29
2019,2019-08-01,Wisconsin,state,month,67,false,NVSS final,D157,2026-09-26 16:26:29
2019,2019-09-01,Alabama,state,month,14,false,NVSS final,D157,2026-09-26 16:26:29
2019,2019-09-01,Arizona,state,month,72,false,NVSS final,D157,2026-09-26 16:26:29
2019,2019-09-01,Arkansas,state,month,13,false,NVSS final,D157,2026-09-26 16:26:29
2019,2019-09-01,California,state,month,159,false,NVSS final,D157,2026-09-26 16:26:29
2019,2019-09-01,Colorado,state,month,21,false,NVSS final,D157,2026-09-26 16:26:29
2019,2019-09-01,Connecticut,state,month,73,false,NVSS final,D157,2026-09-26 16:26:29
2019,2019-09-01,Delaware,state,month,36,false,NVSS final,D157,2026-09-26 16:26:29
2019,2019-09-01,District of Columbia,state,month,23,false,NVSS final,D157,2026-09-26 16:26:29
2019,2019-09-01,Florida,state,month,288,false,NVSS final,D157,2026-09-26 16:26:29
2019,2019-09-01,Georgia,state,month,31,false,NVSS final,D157,2026-09-26 16:26:29
2019,2019-09-01,Illinois,state,month,156,false,NVSS final,D157,2026-09-26 16:26:29
2019,2019-09-01,Indiana,state,month,81,false,NVSS final,D157,2026-09-26 16:26:29
2019,2019-09-01,Iowa,state,month,16,false,NVSS final,D157,2026-09-26 16:26:29
2019,2019-09-01,Kentucky,state,month,59,false,NVSS final,D157,2026-09-26 16:26:29
2019,2019-09-01,Louisiana,state,month,30,false,NVSS final,D157,2026-09-26 16:26:29
2019,2019-09-01,Maine,state,month,23,false,NVSS final,D157,2026-09-26 16:26:29
2019,2019-09-01,Maryland,state,month,149,false,NVSS final,D157,2026-09-26 16:26:29
2019,2019-09-01,Massachusetts,state,month,152,false,NVSS final,D157,2026-09-26 16:26:29
2019,2019-09-01,Michigan,state,month,125,false,NVSS final,D157,2026-09-26 16:26:29
2019,2019-09-01,Minnesota,state,month,24,false,NVSS final,D157,2026-09-26 16:26:29
2019,2019-09-01,Mississippi,state,month,13,false,NVSS final,D157,2026-09-26 16:26:29
2019,2019-09-01,Missouri,state,month,82,false,NVSS final,D157,2026-09-26 16:26:29
2019,2019-09-01,New Hampshire,state,month,28,false,NVSS final,D157,2026-09-26 16:26:29
2019,2019-09-01,New Jersey,state,month,180,false,NVSS final,D157,2026-09-26 16:26:29
2019,2019-09-01,New Mexico,state,month,26,false,NVSS final,D157,2026-09-26 16:26:29
2019,2019-09-01,New York,state,month,203,false,NVSS final,D157,2026-09-26 16:26:29
2019,2019-09-01,North Carolina,state,month,114,false,NVSS final,D157,2026-09-26 16:26:29
2019,2019-09-01,Ohio,state,month,252,false,NVSS final,D157,2026-09-26 16:26:29
2019,2019-09-01,Pennsylvania,state,month,219,false,NVSS final,D157,2026-09-26 16:26:29
2019,2019-09-01,South Carolina,state,month,56,false,NVSS final,D157,2026-09-26 16:26:29
2019,2019-09-01,Tennessee,state,month,102,false,NVSS final,D157,2026-09-26 16:26:29
2019,2019-09-01,Texas,state,month,37,false,NVSS final,D157,2026-09-26 16:26:29
2019,2019-09-01,United States,nation,month,3139,false,NVSS final,D157,2026-09-26 16:26:29
2019,2019-09-01,Virginia,state,month,88,false,NVSS final,D157,2026-09-26 16:26:29
2019,2019-09-01,Washington,state,month,31,false,NVSS final,D157,2026-09-26 16:26:29
2019,2019-09-01,West Virginia,state,month,43,false,NVSS final,D157,2026-09-26 16:26:29
2019,2019-09-01,Wisconsin,state,month,57,false,NVSS final,D157,2026-09-26 16:26:29
2019,2019-10-01,Alabama,state,month,20,false,NVSS final,D157,2026-09-26 16:26:29
2019,2019-10-01,Arizona,state,month,80,false,NVSS final,D157,2026-09-26 16:26:29
2019,2019-10-01,Arkansas,state,month,11,false,NVSS final,D157,2026-09-26 16:26:29
2019,2019-10-01,California,state,month,162,false,NVSS final,D157,2026-09-26 16:26:29
2019,2019-10-01,Colorado,state,month,22,false,NVSS final,D157,2026-09-26 16:26:29
2019,2019-10-01,Connecticut,state,month,67,false,NVSS final,D157,2026-09-26 16:26:29
2019,2019-10-01,Delaware,state,month,23,false,NVSS final,D157,2026-09-26 16:26:29
2019,2019-10-01,District of Columbia,state,month,22,false,NVSS final,D157,2026-09-26 16:26:29
2019,2019-10-01,Florida,state,month,299,false,NVSS final,D157,2026-09-26 16:26:29
2019,2019-10-01,Georgia,state,month,31,false,NVSS final,D157,2026-09-26 16:26:29
2019,2019-10-01,Illinois,state,month,155,false,NVSS final,D157,2026-09-26 16:26:29
2019,2019-10-01,Indiana,state,month,87,false,NVSS final,D157,2026-09-26 16:26:29
2019,2019-10-01,Iowa,state,month,11,false,NVSS final,D157,2026-09-26 16:26:29
2019,2019-10-01,Kentucky,state,month,84,false,NVSS final,D157,2026-09-26 16:26:29
2019,2019-10-01,Louisiana,state,month,45,false,NVSS final,D157,2026-09-26 16:26:29
2019,2019-10-01,Maine,state,month,37,false,NVSS final,D157,2026-09-26 16:26:29
2019,2019-10-01,Maryland,state,month,156,false,NVSS final,D157,2026-09-26 16:26:29
2019,2019-10-01,Massachusetts,state,month,176,false,NVSS final,D157,2026-09-26 16:26:29
2019,2019-10-01,Michigan,state,month,138,false,NVSS final,D157,2026-09-26 16:26:29
2019,2019-10-01,Minnesota,state,month,27,false,NVSS final,D157,2026-09-26 16:26:29
2019,2019-10-01,Mississippi,state,month,14,false,NVSS final,D157,2026-09-26 16:26:29
2019,2019-10-01,Missouri,state,month,88,false,NVSS final,D157,2026-09-26 16:26:29
2019,2019-10-01,New Hampshire,state,month,29,false,NVSS final,D157,2026-09-26 16:26:29
2019,2019-10-01,New Jersey,state,month,213,false,NVSS final,D157,2026-09-26 16:26:29
2019,2019-10-01,New Mexico,state,month,14,false,NVSS final,D157,2026-09-26 16:26:29
2019,2019-10-01,New York,state,month,228,false,NVSS final,D157,2026-09-26 16:26:29
2019,2019-10-01,North Carolina,state,month,110,false,NVSS final,D157,2026-09-26 16:26:29
2019,2019-10-01,Ohio,state,month,271,false,NVSS final,D157,2026-09-26 16:26:29
2019,2019-10-01,Oklahoma,state,month,11,false,NVSS final,D157,2026-09-26 16:26:29
2019,2019-10-01,Pennsylvania,state,month,237,false,NVSS final,D157,2026-09-26 16:26:29
2019,2019-10-01,Rhode Island,state,month,18,false,NVSS final,D157,2026-09-26 16:26:29
2019,2019-10-01,South Carolina,state,month,52,false,NVSS final,D157,2026-09-26 16:26:29
2019,2019-10-01,Tennessee,state,month,91,false,NVSS final,D157,2026-09-26 16:26:29
2019,2019-10-01,Texas,state,month,47,false,NVSS final,D157,2026-09-26 16:26:29
2019,2019-10-01,United States,nation,month,3378,false,NVSS final,D157,2026-09-26 16:26:29
2019,2019-10-01,Vermont,state,month,10,false,NVSS final,D157,2026-09-26 16:26:29
2019,2019-10-01,Virginia,state,month,116,false,NVSS final,D157,2026-09-26 16:26:29
2019,2019-10-01,Washington,state,month,30,false,NVSS final,D157,2026-09-26 16:26:29
2019,2019-10-01,West Virginia,state,month,52,false,NVSS final,D157,2026-09-26 16:26:29
2019,2019-10-01,Wisconsin,state,month,56,false,NVSS final,D157,2026-09-26 16:26:29
2019,2019-11-01,Alabama,state,month,18,false,NVSS final,D157,2026-09-26 16:26:29
2019,2019-11-01,Arizona,state,month,84,false,NVSS final,D157,2026-09-26 16:26:29
2019,2019-11-01,California,state,month,177,false,NVSS final,D157,2026-09-26 16:26:29
2019,2019-11-01,Colorado,state,month,26,false,NVSS final,D157,2026-09-26 16:26:29
2019,2019-11-01,Connecticut,state,month,80,false,NVSS final,D157,2026-09-26 16:26:29
2019,2019-11-01,Delaware,state,month,29,false,NVSS final,D157,2026-09-26 16:26:29
2019,2019-11-01,District of Columbia,state,month,18,false,NVSS final,D157,2026-09-26 16:26:29
2019,2019-11-01,Florida,state,month,284,false,NVSS final,D157,2026-09-26 16:26:29
2019,2019-11-01,Georgia,state,month,35,false,NVSS final,D157,2026-09-26 16:26:29
2019,2019-11-01,Illinois,state,month,164,false,NVSS final,D157,2026-09-26 16:26:29
2019,2019-11-01,Indiana,state,month,88,false,NVSS final,D157,2026-09-26 16:26:29
2019,2019-11-01,Kentucky,state,month,77,false,NVSS final,D157,2026-09-26 16:26:29
2019,2019-11-01,Louisiana,state,month,45,false,NVSS final,D157,2026-09-26 16:26:29
2019,2019-11-01,Maine,state,month,21,false,NVSS final,D157,2026-09-26 16:26:29
2019,2019-11-01,Maryland,state,month,162,false,NVSS final,D157,2026-09-26 16:26:29
2019,2019-11-01,Massachusetts,state,month,169,false,NVSS final,D157,2026-09-26 16:26:29
2019,2019-11-01,Michigan,state,month,158,false,NVSS final,D157,2026-09-26 16:26:29
2019,2019-11-01,Minnesota,state,month,20,false,NVSS final,D157,2026-09-26 16:26:29
2019,2019-11-01,Missouri,state,month,80,false,NVSS final,D157,2026-09-26 16:26:29
2019,2019-11-01,New Hampshire,state,month,24,false,NVSS final,D157,2026-09-26 16:26:29
2019,2019-11-01,New Jersey,state,month,204,false,NVSS final,D157,2026-09-26 16:26:29
2019,2019-11-01,New Mexico,state,month,15,false,NVSS final,D157,2026-09-26 16:26:29
2019,2019-11-01,New York,state,month,203,false,NVSS final,D157,2026-09-26 16:26:29
2019,2019-11-01,North Carolina,state,month,120,false,NVSS final,D157,2026-09-26 16:26:29
2019,2019-11-01,Ohio,state,month,317,false,NVSS final,D157,2026-09-26 16:26:29
2019,2019-11-01,Oregon,state,month,10,false,NVSS final,D157,2026-09-26 16:26:29
2019,2019-11-01,Pennsylvania,state,month,254,false,NVSS final,D157,2026-09-26 16:26:29
2019,2019-11-01,Rhode Island,state,month,15,false,NVSS final,D157,2026-09-26 16:26:29
2019,2019-11-01,South Carolina,state,month,53,false,NVSS final,D157,2026-09-26 16:26:29
2019,2019-11-01,Tennessee,state,month,120,false,NVSS final,D157,2026-09-26 16:26:29
2019,2019-11-01,Texas,state,month,51,false,NVSS final,D157,2026-09-26 16:26:29
2019,2019-11-01,United States,nation,month,3458,false,NVSS final,D157,2026-09-26 16:26:29
2019,2019-11-01,Utah,state,month,12,false,NVSS final,D157,2026-09-26 16:26:29
2019,2019-11-01,Virginia,state,month,96,false,NVSS final,D157,2026-09-26 16:26:29
2019,2019-11-01,Washington,state,month,28,false,NVSS final,D157,2026-09-26 16:26:29
2019,2019-11-01,West Virginia,state,month,64,false,NVSS final,D157,2026-09-26 16:26:29
2019,2019-11-01,Wisconsin,state,month,64,false,NVSS final,D157,2026-09-26 16:26:29
2019,2019-12-01,Alabama,state,month,27,false,NVSS final,D157,2026-09-26 16:26:29
2019,2019-12-01,Arizona,state,month,95,false,NVSS final,D157,2026-09-26 16:26:29
2019,2019-12-01,Arkansas,state,month,12,false,NVSS final,D157,2026-09-26 16:26:29
2019,2019-12-01,California,state,month,188,false,NVSS final,D157,2026-09-26 16:26:29
2019,2019-12-01,Colorado,state,month,43,false,NVSS final,D157,2026-09-26 16:26:29
2019,2019-12-01,Connecticut,state,month,91,false,NVSS final,D157,2026-09-26 16:26:29
2019,2019-12-01,Delaware,state,month,43,false,NVSS final,D157,2026-09-26 16:26:29
2019,2019-12-01,District of Columbia,state,month,25,false,NVSS final,D157,2026-09-26 16:26:29
2019,2019-12-01,Florida,state,month,269,false,NVSS final,D157,2026-09-26 16:26:29
2019,2019-12-01,Georgia,state,month,46,false,NVSS final,D157,2026-09-26 16:26:29
2019,2019-12-01,Illinois,state,month,176,false,NVSS final,D157,2026-09-26 16:26:29
2019,2019-12-01,Indiana,state,month,85,false,NVSS final,D157,2026-09-26 16:26:29
2019,2019-12-01,Iowa,state,month,10,false,NVSS final,D157,2026-09-26 16:26:29
2019,2019-12-01,Kentucky,state,month,90,false,NVSS final,D157,2026-09-26 16:26:29
2019,2019-12-01,Louisiana,state,month,37,false,NVSS final,D157,2026-09-26 16:26:29
2019,2019-12-01,Maine,state,month,20,false,NVSS final,D157,2026-09-26 16:26:29
2019,2019-12-01,Maryland,state,month,146,false,NVSS final,D157,2026-09-26 16:26:29
2019,2019-12-01,Massachusetts,state,month,153,false,NVSS final,D157,2026-09-26 16:26:29
2019,2019-12-01,Michigan,state,month,119,false,NVSS final,D157,2026-09-26 16:26:29
2019,2019-12-01,Minnesota,state,month,32,false,NVSS final,D157,2026-09-26 16:26:29
2019,2019-12-01,Mississippi,state,month,11,false,NVSS final,D157,2026-09-26 16:26:29
2019,2019-12-01,Missouri,state,month,93,false,NVSS final,D157,2026-09-26 16:26:29
2019,2019-12-01,Nevada,state,month,14,false,NVSS final,D157,2026-09-26 16:26:29
2019,2019-12-01,New Hampshire,state,month,44,false,NVSS final,D157,2026-09-26 16:26:29
2019,2019-12-01,New Jersey,state,month,220,false,NVSS final,D157,2026-09-26 16:26:29
2019,2019-12-01,New Mexico,state,month,12,false,NVSS final,D157,2026-09-26 16:26:29
2019,2019-12-01,New York,state,month,219,false,NVSS final,D157,2026-09-26 16:26:29
2019,2019-12-01,North Carolina,state,month,97,false,NVSS final,D157,2026-09-26 16:26:29
2019,2019-12-01,Ohio,state,month,275,false,NVSS final,D157,2026-09-26 16:26:29
2019,2019-12-01,Pennsylvania,state,month,288,false,NVSS final,D157,2026-09-26 16:26:29
2019,2019-12-01,Rhode Island,state,month,17,false,NVSS final,D157,2026-09-26 16:26:29
2019,2019-12-01,South Carolina,state,month,60,false,NVSS final,D157,2026-09-26 16:26:29
2019,2019-12-01,Tennessee,state,month,110,false,NVSS final,D157,2026-09-26 16:26:29
2019,2019-12-01,Texas,state,month,52,false,NVSS final,D157,2026-09-26 16:26:29
2019,2019-12-01,United States,nation,month,3541,false,NVSS final,D157,2026-09-26 16:26:29
2019,2019-12-01,Utah,state,month,13,false,NVSS final,D157,2026-09-26 16:26:29
2019,2019-12-01,Vermont,state,month,11,false,NVSS final,D157,2026-09-26 16:26:29
2019,2019-12-01,Virginia,state,month,95,false,NVSS final,D157,2026-09-26 16:26:29
2019,2019-12-01,Washington,state,month,46,false,NVSS final,D157,2026-09-26 16:26:29
2019,2019-12-01,West Virginia,state,month,54,false,NVSS final,D157,2026-09-26 16:26:29
2019,2019-12-01,Wisconsin,state,month,60,false,NVSS final,D157,2026-09-26 16:26:29
2020,2020-01-01,Alabama,state,month,17,false,NVSS final,D157,2026-09-26 16:26:29
2020,2020-01-01,Arizona,state,month,100,false,NVSS final,D157,2026-09-26 16:26:29
2020,2020-01-01,Arkansas,state,month,15,false,NVSS final,D157,2026-09-26 16:26:29
2020,2020-01-01,California,state,month,200,false,NVSS final,D157,2026-09-26 16:26:29
2020,2020-01-01,Colorado,state,month,38,false,NVSS final,D157,2026-09-26 16:26:29
2020,2020-01-01,Connecticut,state,month,91,false,NVSS final,D157,2026-09-26 16:26:29
2020,2020-01-01,Delaware,state,month,28,false,NVSS final,D157,2026-09-26 16:26:29
2020,2020-01-01,District of Columbia,state,month,30,false,NVSS final,D157,2026-09-26 16:26:29
2020,2020-01-01,Florida,state,month,286,false,NVSS final,D157,2026-09-26 16:26:29
2020,2020-01-01,Georgia,state,month,39,false,NVSS final,D157,2026-09-26 16:26:29
2020,2020-01-01,Illinois,state,month,167,false,NVSS final,D157,2026-09-26 16:26:29
2020,2020-01-01,Indiana,state,month,110,false,NVSS final,D157,2026-09-26 16:26:29
2020,2020-01-01,Kansas,state,month,12,false,NVSS final,D157,2026-09-26 16:26:29
2020,2020-01-01,Kentucky,state,month,74,false,NVSS final,D157,2026-09-26 16:26:29
2020,2020-01-01,Louisiana,state,month,40,false,NVSS final,D157,2026-09-26 16:26:29
2020,2020-01-01,Maine,state,month,29,false,NVSS final,D157,2026-09-26 16:26:29
2020,2020-01-01,Maryland,state,month,154,false,NVSS final,D157,2026-09-26 16:26:29
2020,2020-01-01,Massachusetts,state,month,134,false,NVSS final,D157,2026-09-26 16:26:29
2020,2020-01-01,Michigan,state,month,102,false,NVSS final,D157,2026-09-26 16:26:29
2020,2020-01-01,Minnesota,state,month,23,false,NVSS final,D157,2026-09-26 16:26:29
2020,2020-01-01,Missouri,state,month,84,false,NVSS final,D157,2026-09-26 16:26:29
2020,2020-01-01,Nevada,state,month,12,false,NVSS final,D157,2026-09-26 16:26:29
2020,2020-01-01,New Hampshire,state,month,28,false,NVSS final,D157,2026-09-26 16:26:29
2020,2020-01-01,New Jersey,state,month,199,false,NVSS final,D157,2026-09-26 16:26:29
2020,2020-01-01,New Mexico,state,month,11,false,NVSS final,D157,2026-09-26 16:26:29
2020,2020-01-01,New York,state,month,236,false,NVSS final,D157,2026-09-26 16:26:29
2020,2020-01-01,North Carolina,state,month,144,false,NVSS final,D157,2026-09-26 16:26:29
2020,2020-01-01,Ohio,state,month,269,false,NVSS final,D157,2026-09-26 16:26:29
2020,2020-01-01,Oregon,state,month,13,false,NVSS final,D157,2026-09-26 16:26:29
2020,2020-01-01,Pennsylvania,state,month,259,false,NVSS final,D157,2026-09-26 16:26:29
2020,2020-01-01,Rhode Island,state,month,25,false,NVSS final,D157,2026-09-26 16:26:29
2020,2020-01-01,South Carolina,state,month,63,false,NVSS final,D157,2026-09-26 16:26:29
2020,2020-01-01,Tennessee,state,month,121,false,NVSS final,D157,2026-09-26 16:26:29
2020,2020-01-01,Texas,state,month,63,false,NVSS final,D157,2026-09-26 16:26:29
2020,2020-01-01,United States,nation,month,3542,false,NVSS final,D157,2026-09-26 16:26:29
2020,2020-01-01,Vermont,state,month,12,false,NVSS final,D157,2026-09-26 16:26:29
2020,2020-01-01,Virginia,state,month,109,false,NVSS final,D157,2026-09-26 16:26:29
2020,2020-01-01,Washington,state,month,43,false,NVSS final,D157,2026-09-26 16:26:29
2020,2020-01-01,West Virginia,state,month,51,false,NVSS final,D157,2026-09-26 16:26:29
2020,2020-01-01,Wisconsin,state,month,63,false,NVSS final,D157,2026-09-26 16:26:29
2020,2020-02-01,Alabama,state,month,26,false,NVSS final,D157,2026-09-26 16:26:29
2020,2020-02-01,Arizona,state,month,78,false,NVSS final,D157,2026-09-26 16:26:29
2020,2020-02-01,California,state,month,241,false,NVSS final,D157,2026-09-26 16:26:29
2020,2020-02-01,Colorado,state,month,43,false,NVSS final,D157,2026-09-26 16:26:29
2020,2020-02-01,Connecticut,state,month,84,false,NVSS final,D157,2026-09-26 16:26:29
2020,2020-02-01,Delaware,state,month,36,false,NVSS final,D157,2026-09-26 16:26:29
2020,2020-02-01,District of Columbia,state,month,24,false,NVSS final,D157,2026-09-26 16:26:29
2020,2020-02-01,Florida,state,month,300,false,NVSS final,D157,2026-09-26 16:26:29
2020,2020-02-01,Georgia,state,month,44,false,NVSS final,D157,2026-09-26 16:26:29
2020,2020-02-01,Illinois,state,month,183,false,NVSS final,D157,2026-09-26 16:26:29
2020,2020-02-01,Indiana,state,month,100,false,NVSS final,D157,2026-09-26 16:26:29
2020,2020-02-01,Iowa,state,month,16,false,NVSS final,D157,2026-09-26 16:26:29
2020,2020-02-01,Kentucky,state,month,96,false,NVSS final,D157,2026-09-26 16:26:29
2020,2020-02-01,Louisiana,state,month,32,false,NVSS final,D157,2026-09-26 16:26:29
2020,2020-02-01,Maine,state,month,32,false,NVSS final,D157,2026-09-26 16:26:29
2020,2020-02-01,Maryland,state,month,171,false,NVSS final,D157,2026-09-26 16:26:29
2020,2020-02-01,Massachusetts,state,month,167,false,NVSS final,D157,2026-09-26 16:26:29
2020,2020-02-01,Michigan,state,month,135,false,NVSS final,D157,2026-09-26 16:26:29
2020,2020-02-01,Minnesota,state,month,20,false,NVSS final,D157,2026-09-26 16:26:29
2020,2020-02-01,Mississippi,state,month,19,false,NVSS final,D157,2026-09-26 16:26:29
2020,2020-02-01,Missouri,state,month,85,false,NVSS final,D157,2026-09-26 16:26:29
2020,2020-02-01,Nevada,state,month,15,false,NVSS final,D157,2026-09-26 16:26:29
2020,2020-02-01,New Hampshire,state,month,32,false,NVSS final,D157,2026-09-26 16:26:29
2020,2020-02-01,New Jersey,state,month,178,false,NVSS final,D157,2026-09-26 16:26:29
2020,2020-02-01,New Mexico,state,month,11,false,NVSS final,D157,2026-09-26 16:26:29
2020,2020-02-01,New York,state,month,269,false,NVSS final,D157,2026-09-26 16:26:29
2020,2020-02-01,North Carolina,state,month,139,false,NVSS final,D157,2026-09-26 16:26:29
2020,2020-02-01,Ohio,state,month,275,false,NVSS final,D157,2026-09-26 16:26:29
2020,2020-02-01,Oregon,state,month,13,false,NVSS final,D157,2026-09-26 16:26:29
2020,2020-02-01,Pennsylvania,state,month,246,false,NVSS final,D157,2026-09-26 16:26:29
2020,2020-02-01,Rhode Island,state,month,21,false,NVSS final,D157,2026-09-26 16:26:29
2020,2020-02-01,South Carolina,state,month,59,false,NVSS final,D157,2026-09-26 16:26:29
2020,2020-02-01,Tennessee,state,month,108,false,NVSS final,D157,2026-09-26 16:26:29
2020,2020-02-01,Texas,state,month,48,false,NVSS final,D157,2026-09-26 16:26:29
2020,2020-02-01,United States,nation,month,3649,false,NVSS final,D157,2026-09-26 16:26:29
2020,2020-02-01,Utah,state,month,11,false,NVSS final,D157,2026-09-26 16:26:29
2020,2020-02-01,Virginia,state,month,91,false,NVSS final,D157,2026-09-26 16:26:29
2020,2020-02-01,Washington,state,month,21,false,NVSS final,D157,2026-09-26 16:26:29
2020,2020-02-01,West Virginia,state,month,51,false,NVSS final,D157,2026-09-26 16:26:29
2020,2020-02-01,Wisconsin,state,month,82,false,NVSS final,D157,2026-09-26 16:26:29
2020,2020-03-01,Alabama,state,month,37,false,NVSS final,D157,2026-09-26 16:26:29
2020,2020-03-01,Arizona,state,month,125,false,NVSS final,D157,2026-09-26 16:26:29
2020,2020-03-01,Arkansas,state,month,15,false,NVSS final,D157,2026-09-26 16:26:29
2020,2020-03-01,California,state,month,260,false,NVSS final,D157,2026-09-26 16:26:29
2020,2020-03-01,Colorado,state,month,38,false,NVSS final,D157,2026-09-26 16:26:29
2020,2020-03-01,Connecticut,state,month,89,false,NVSS final,D157,2026-09-26 16:26:29
2020,2020-03-01,Delaware,state,month,27,false,NVSS final,D157,2026-09-26 16:26:29
2020,2020-03-01,District of Columbia,state,month,13,false,NVSS final,D157,2026-09-26 16:26:29
2020,2020-03-01,Florida,state,month,395,false,NVSS final,D157,2026-09-26 16:26:29
2020,2020-03-01,Georgia,state,month,62,false,NVSS final,D157,2026-09-26 16:26:29
2020,2020-03-01,Illinois,state,month,186,false,NVSS final,D157,2026-09-26 16:26:29
2020,2020-03-01,Indiana,state,month,111,false,NVSS final,D157,2026-09-26 16:26:29
2020,2020-03-01,Iowa,state,month,11,false,NVSS final,D157,2026-09-26 16:26:29
2020,2020-03-01,Kentucky,state,month,107,false,NVSS final,D157,2026-09-26 16:26:29
2020,2020-03-01,Louisiana,state,month,45,false,NVSS final,D157,2026-09-26 16:26:29
2020,2020-03-01,Maine,state,month,29,false,NVSS final,D157,2026-09-26 16:26:29
2020,2020-03-01,Maryland,state,month,201,false,NVSS final,D157,2026-09-26 16:26:29
2020,2020-03-01,Massachusetts,state,month,157,false,NVSS final,D157,2026-09-26 16:26:29
2020,2020-03-01,Michigan,state,month,141,false,NVSS final,D157,2026-09-26 16:26:29
2020,2020-03-01,Minnesota,state,month,43,false,NVSS final,D157,2026-09-26 16:26:29
2020,2020-03-01,Mississippi,state,month,25,false,NVSS final,D157,2026-09-26 16:26:29
2020,2020-03-01,Missouri,state,month,101,false,NVSS final,D157,2026-09-26 16:26:29
2020,2020-03-01,New Hampshire,state,month,33,false,NVSS final,D157,2026-09-26 16:26:29
2020,2020-03-01,New Jersey,state,month,198,false,NVSS final,D157,2026-09-26 16:26:29
2020,2020-03-01,New Mexico,state,month,23,false,NVSS final,D157,2026-09-26 16:26:29
2020,2020-03-01,New York,state,month,298,false,NVSS final,D157,2026-09-26 16:26:29
2020,2020-03-01,North Carolina,state,month,158,false,NVSS final,D157,2026-09-26 16:26:29
2020,2020-03-01,Ohio,state,month,278,false,NVSS final,D157,2026-09-26 16:26:29
2020,2020-03-01,Oklahoma,state,month,12,false,NVSS final,D157,2026-09-26 16:26:29
2020,2020-03-01,Oregon,state,month,11,false,NVSS final,D157,2026-09-26 16:26:29
2020,2020-03-01,Pennsylvania,state,month,269,false,NVSS final,D157,2026-09-26 16:26:29
2020,2020-03-01,Rhode Island,state,month,20,false,NVSS final,D157,2026-09-26 16:26:29
2020,2020-03-01,South Carolina,state,month,96,false,NVSS final,D157,2026-09-26 16:26:29
2020,2020-03-01,Tennessee,state,month,152,false,NVSS final,D157,2026-09-26 16:26:29
2020,2020-03-01,Texas,state,month,62,false,NVSS final,D157,2026-09-26 16:26:29
2020,2020-03-01,United States,nation,month,4195,false,NVSS final,D157,2026-09-26 16:26:29
2020,2020-03-01,Utah,state,month,10,false,NVSS final,D157,2026-09-26 16:26:29
2020,2020-03-01,Virginia,state,month,116,false,NVSS final,D157,2026-09-26 16:26:29
2020,2020-03-01,Washington,state,month,56,false,NVSS final,D157,2026-09-26 16:26:29
2020,2020-03-01,West Virginia,state,month,55,false,NVSS final,D157,2026-09-26 16:26:29
2020,2020-03-01,Wisconsin,state,month,75,false,NVSS final,D157,2026-09-26 16:26:29
2020,2020-04-01,Alabama,state,month,39,false,NVSS final,D157,2026-09-26 16:26:29
2020,2020-04-01,Arizona,state,month,109,false,NVSS final,D157,2026-09-26 16:26:29
2020,2020-04-01,Arkansas,state,month,11,false,NVSS final,D157,2026-09-26 16:26:29
2020,2020-04-01,California,state,month,298,false,NVSS final,D157,2026-09-26 16:26:29
2020,2020-04-01,Colorado,state,month,53,false,NVSS final,D157,2026-09-26 16:26:29
2020,2020-04-01,Connecticut,state,month,111,false,NVSS final,D157,2026-09-26 16:26:29
2020,2020-04-01,Delaware,state,month,34,false,NVSS final,D157,2026-09-26 16:26:29
2020,2020-04-01,District of Columbia,state,month,39,false,NVSS final,D157,2026-09-26 16:26:29
2020,2020-04-01,Florida,state,month,439,false,NVSS final,D157,2026-09-26 16:26:29
2020,2020-04-01,Georgia,state,month,99,false,NVSS final,D157,2026-09-26 16:26:29
2020,2020-04-01,Illinois,state,month,237,false,NVSS final,D157,2026-09-26 16:26:29
2020,2020-04-01,Indiana,state,month,147,false,NVSS final,D157,2026-09-26 16:26:29
2020,2020-04-01,Iowa,state,month,14,false,NVSS final,D157,2026-09-26 16:26:29
2020,2020-04-01,Kentucky,state,month,118,false,NVSS final,D157,2026-09-26 16:26:29
2020,2020-04-01,Louisiana,state,month,60,false,NVSS final,D157,2026-09-26 16:26:29
2020,2020-04-01,Maine,state,month,27,false,NVSS final,D157,2026-09-26 16:26:29
2020,2020-04-01,Maryland,state,month,161,false,NVSS final,D157,2026-09-26 16:26:29
2020,2020-04-01,Massachusetts,state,month,182,false,NVSS final,D157,2026-09-26 16:26:29
2020,2020-04-01,Michigan,state,month,167,false,NVSS final,D157,2026-09-26 16:26:29
2020,2020-04-01,Minnesota,state,month,53,false,NVSS final,D157,2026-09-26 16:26:29
2020,2020-04-01,Mississippi,state,month,33,false,NVSS final,D157,2026-09-26 16:26:29
2020,2020-04-01,Missouri,state,month,122,false,NVSS final,D157,2026-09-26 16:26:29
2020,2020-04-01,Nebraska,state,month,14,false,NVSS final,D157,2026-09-26 16:26:29
2020,2020-04-01,Nevada,state,month,27,false,NVSS final,D157,2026-09-26 16:26:29
2020,2020-04-01,New Hampshire,state,month,27,false,NVSS final,D157,2026-09-26 16:26:29
2020,2020-04-01,New Jersey,state,month,197,false,NVSS final,D157,2026-09-26 16:26:29
2020,2020-04-01,New Mexico,state,month,24,false,NVSS final,D157,2026-09-26 16:26:29
2020,2020-04-01,New York,state,month,312,false,NVSS final,D157,2026-09-26 16:26:29
2020,2020-04-01,North Carolina,state,month,206,false,NVSS final,D157,2026-09-26 16:26:29
2020,2020-04-01,Ohio,state,month,319,false,NVSS final,D157,2026-09-26 16:26:29
2020,2020-04-01,Oklahoma,state,month,14,false,NVSS final,D157,2026-09-26 16:26:29
2020,2020-04-01,Oregon,state,month,17,false,NVSS final,D157,2026-09-26 16:26:29
2020,2020-04-01,Pennsylvania,state,month,342,false,NVSS final,D157,2026-09-26 16:26:29
2020,2020-04-01,Rhode Island,state,month,21,false,NVSS final,D157,2026-09-26 16:26:29
2020,2020-04-01,South Carolina,state,month,103,false,NVSS final,D157,2026-09-26 16:26:29
2020,2020-04-01,Tennessee,state,month,181,false,NVSS final,D157,2026-09-26 16:26:29
2020,2020-04-01,Texas,state,month,76,false,NVSS final,D157,2026-09-26 16:26:29
2020,2020-04-01,United States,nation,month,4883,false,NVSS final,D157,2026-09-26 16:26:29
2020,2020-04-01,Utah,state,month,16,false,NVSS final,D157,2026-09-26 16:26:29
2020,2020-04-01,Vermont,state,month,12,false,NVSS final,D157,2026-09-26 16:26:29
2020,2020-04-01,Virginia,state,month,153,false,NVSS final,D157,2026-09-26 16:26:29
2020,2020-04-01,Washington,state,month,75,false,NVSS final,D157,2026-09-26 16:26:29
2020,2020-04-01,West Virginia,state,month,82,false,NVSS final,D157,2026-09-26 16:26:29
2020,2020-04-01,Wisconsin,state,month,80,false,NVSS final,D157,2026-09-26 16:26:29
2020,2020-05-01,Alabama,state,month,63,false,NVSS final,D157,2026-09-26 16:26:29
2020,2020-05-01,Alaska,state,month,10,false,NVSS final,D157,2026-09-26 16:26:29
2020,2020-05-01,Arizona,state,month,154,false,NVSS final,D157,2026-09-26 16:26:29
2020,2020-05-01,Arkansas,state,month,22,false,NVSS final,D157,2026-09-26 16:26:29
2020,2020-05-01,California,state,month,341,false,NVSS final,D157,2026-09-26 16:26:29
2020,2020-05-01,Colorado,state,month,63,false,NVSS final,D157,2026-09-26 16:26:29
2020,2020-05-01,Connecticut,state,month,102,false,NVSS final,D157,2026-09-26 16:26:29
2020,2020-05-01,Delaware,state,month,43,false,NVSS final,D157,2026-09-26 16:26:29
2020,2020-05-01,District of Columbia,state,month,36,false,NVSS final,D157,2026-09-26 16:26:29
2020,2020-05-01,Florida,state,month,502,false,NVSS final,D157,2026-09-26 16:26:29
2020,2020-05-01,Georgia,state,month,77,false,NVSS final,D157,2026-09-26 16:26:29
2020,2020-05-01,Illinois,state,month,296,false,NVSS final,D157,2026-09-26 16:26:29
2020,2020-05-01,Indiana,state,month,193,false,NVSS final,D157,2026-09-26 16:26:29
2020,2020-05-01,Iowa,state,month,21,false,NVSS final,D157,2026-09-26 16:26:29
2020,2020-05-01,Kansas,state,month,15,false,NVSS final,D157,2026-09-26 16:26:29
2020,2020-05-01,Kentucky,state,month,200,false,NVSS final,D157,2026-09-26 16:26:29
2020,2020-05-01,Louisiana,state,month,73,false,NVSS final,D157,2026-09-26 16:26:29
2020,2020-05-01,Maine,state,month,33,false,NVSS final,D157,2026-09-26 16:26:29
2020,2020-05-01,Maryland,state,month,217,false,NVSS final,D157,2026-09-26 16:26:29
2020,2020-05-01,Massachusetts,state,month,198,false,NVSS final,D157,2026-09-26 16:26:29
2020,2020-05-01,Michigan,state,month,252,false,NVSS final,D157,2026-09-26 16:26:29
2020,2020-05-01,Minnesota,state,month,68,false,NVSS final,D157,2026-09-26 16:26:29
2020,2020-05-01,Mississippi,state,month,30,false,NVSS final,D157,2026-09-26 16:26:29
2020,2020-05-01,Missouri,state,month,134,false,NVSS final,D157,2026-09-26 16:26:29
2020,2020-05-01,Nevada,state,month,40,false,NVSS final,D157,2026-09-26 16:26:29
2020,2020-05-01,New Hampshire,state,month,32,false,NVSS final,D157,2026-09-26 16:26:29
2020,2020-05-01,New Jersey,state,month,252,false,NVSS final,D157,2026-09-26 16:26:29
2020,2020-05-01,New Mexico,state,month,27,false,NVSS final,D157,2026-09-26 16:26:29
2020,2020-05-01,New York,state,month,393,false,NVSS final,D157,2026-09-26 16:26:29
2020,2020-05-01,North Carolina,state,month,285,false,NVSS final,D157,2026-09-26 16:26:29
2020,2020-05-01,Ohio,state,month,479,false,NVSS final,D157,2026-09-26 16:26:29
2020,2020-05-01,Oklahoma,state,month,23,false,NVSS final,D157,2026-09-26 16:26:29
2020,2020-05-01,Oregon,state,month,34,false,NVSS final,D157,2026-09-26 16:26:29
2020,2020-05-01,Pennsylvania,state,month,326,false,NVSS final,D157,2026-09-26 16:26:29
2020,2020-05-01,Rhode Island,state,month,33,false,NVSS final,D157,2026-09-26 16:26:29
2020,2020-05-01,South Carolina,state,month,114,false,NVSS final,D157,2026-09-26 16:26:29
2020,2020-05-01,Tennessee,state,month,270,false,NVSS final,D157,2026-09-26 16:26:29
2020,2020-05-01,Texas,state,month,103,false,NVSS final,D157,2026-09-26 16:26:29
2020,2020-05-01,United States,nation,month,6117,false,NVSS final,D157,2026-09-26 16:26:29
2020,2020-05-01,Utah,state,month,11,false,NVSS final,D157,2026-09-26 16:26:29
2020,2020-05-01,Vermont,state,month,11,false,NVSS final,D157,2026-09-26 16:26:29
2020,2020-05-01,Virginia,state,month,190,false,NVSS final,D157,2026-09-26 16:26:29
2020,2020-05-01,Washington,state,month,66,false,NVSS final,D157,2026-09-26 16:26:29
2020,2020-05-01,West Virginia,state,month,137,false,NVSS final,D157,2026-09-26 16:26:29
2020,2020-05-01,Wisconsin,state,month,127,false,NVSS final,D157,2026-09-26 16:26:29
2020,2020-06-01,Alabama,state,month,43,false,NVSS final,D157,2026-09-26 16:26:29
2020,2020-06-01,Arizona,state,month,160,false,NVSS final,D157,2026-09-26 16:26:29
2020,2020-06-01,Arkansas,state,month,26,false,NVSS final,D157,2026-09-26 16:26:29
2020,2020-06-01,California,state,month,365,false,NVSS final,D157,2026-09-26 16:26:29
2020,2020-06-01,Colorado,state,month,48,false,NVSS final,D157,2026-09-26 16:26:29
2020,2020-06-01,Connecticut,state,month,100,false,NVSS final,D157,2026-09-26 16:26:29
2020,2020-06-01,Delaware,state,month,35,false,NVSS final,D157,2026-09-26 16:26:29
2020,2020-06-01,District of Columbia,state,month,28,false,NVSS final,D157,2026-09-26 16:26:29
2020,2020-06-01,Florida,state,month,445,false,NVSS final,D157,2026-09-26 16:26:29
2020,2020-06-01,Georgia,state,month,90,false,NVSS final,D157,2026-09-26 16:26:29
2020,2020-06-01,Illinois,state,month,223,false,NVSS final,D157,2026-09-26 16:26:29
2020,2020-06-01,Indiana,state,month,151,false,NVSS final,D157,2026-09-26 16:26:29
2020,2020-06-01,Iowa,state,month,19,false,NVSS final,D157,2026-09-26 16:26:29
2020,2020-06-01,Kansas,state,month,13,false,NVSS final,D157,2026-09-26 16:26:29
2020,2020-06-01,Kentucky,state,month,115,false,NVSS final,D157,2026-09-26 16:26:29
2020,2020-06-01,Louisiana,state,month,59,false,NVSS final,D157,2026-09-26 16:26:29
2020,2020-06-01,Maine,state,month,36,false,NVSS final,D157,2026-09-26 16:26:29
2020,2020-06-01,Maryland,state,month,192,false,NVSS final,D157,2026-09-26 16:26:29
2020,2020-06-01,Massachusetts,state,month,164,false,NVSS final,D157,2026-09-26 16:26:29
2020,2020-06-01,Michigan,state,month,197,false,NVSS final,D157,2026-09-26 16:26:29
2020,2020-06-01,Minnesota,state,month,46,false,NVSS final,D157,2026-09-26 16:26:29
2020,2020-06-01,Mississippi,state,month,35,false,NVSS final,D157,2026-09-26 16:26:29
2020,2020-06-01,Missouri,state,month,104,false,NVSS final,D157,2026-09-26 16:26:29
2020,2020-06-01,Nevada,state,month,19,false,NVSS final,D157,2026-09-26 16:26:29
2020,2020-06-01,New Hampshire,state,month,18,false,NVSS final,D157,2026-09-26 16:26:29
2020,2020-06-01,New Jersey,state,month,210,false,NVSS final,D157,2026-09-26 16:26:29
2020,2020-06-01,New Mexico,state,month,43,false,NVSS final,D157,2026-09-26 16:26:29
2020,2020-06-01,New York,state,month,313,false,NVSS final,D157,2026-09-26 16:26:29
2020,2020-06-01,North Carolina,state,month,207,false,NVSS final,D157,2026-09-26 16:26:29
2020,2020-06-01,Ohio,state,month,419,false,NVSS final,D157,2026-09-26 16:26:29
2020,2020-06-01,Oklahoma,state,month,16,false,NVSS final,D157,2026-09-26 16:26:29
2020,2020-06-01,Oregon,state,month,23,false,NVSS final,D157,2026-09-26 16:26:29
2020,2020-06-01,Pennsylvania,state,month,321,false,NVSS final,D157,2026-09-26 16:26:29
2020,2020-06-01,Rhode Island,state,month,20,false,NVSS final,D157,2026-09-26 16:26:29
2020,2020-06-01,South Carolina,state,month,120,false,NVSS final,D157,2026-09-26 16:26:29
2020,2020-06-01,Tennessee,state,month,221,false,NVSS final,D157,2026-09-26 16:26:29
2020,2020-06-01,Texas,state,month,99,false,NVSS final,D157,2026-09-26 16:26:29
2020,2020-06-01,United States,nation,month,5211,false,NVSS final,D157,2026-09-26 16:26:29
2020,2020-06-01,Utah,state,month,15,false,NVSS final,D157,2026-09-26 16:26:29
2020,2020-06-01,Virginia,state,month,149,false,NVSS final,D157,2026-09-26 16:26:29
2020,2020-06-01,Washington,state,month,60,false,NVSS final,D157,2026-09-26 16:26:29
2020,2020-06-01,West Virginia,state,month,99,false,NVSS final,D157,2026-09-26 16:26:29
2020,2020-06-01,Wisconsin,state,month,108,false,NVSS final,D157,2026-09-26 16:26:29
2020,2020-07-01,Alabama,state,month,33,false,NVSS final,D157,2026-09-26 16:26:29
2020,2020-07-01,Arizona,state,month,151,false,NVSS final,D157,2026-09-26 16:26:29
2020,2020-07-01,Arkansas,state,month,18,false,NVSS final,D157,2026-09-26 16:26:29
2020,2020-07-01,California,state,month,412,false,NVSS final,D157,2026-09-26 16:26:29
2020,2020-07-01,Colorado,state,month,53,false,NVSS final,D157,2026-09-26 16:26:29
2020,2020-07-01,Connecticut,state,month,114,false,NVSS final,D157,2026-09-26 16:26:29
2020,2020-07-01,Delaware,state,month,35,false,NVSS final,D157,2026-09-26 16:26:29
2020,2020-07-01,District of Columbia,state,month,22,false,NVSS final,D157,2026-09-26 16:26:29
2020,2020-07-01,Florida,state,month,424,false,NVSS final,D157,2026-09-26 16:26:29
2020,2020-07-01,Georgia,state,month,107,false,NVSS final,D157,2026-09-26 16:26:29
2020,2020-07-01,Idaho,state,month,10,false,NVSS final,D157,2026-09-26 16:26:29
2020,2020-07-01,Illinois,state,month,205,false,NVSS final,D157,2026-09-26 16:26:29
2020,2020-07-01,Indiana,state,month,152,false,NVSS final,D157,2026-09-26 16:26:29
2020,2020-07-01,Iowa,state,month,10,false,NVSS final,D157,2026-09-26 16:26:29
2020,2020-07-01,Kansas,state,month,20,false,NVSS final,D157,2026-09-26 16:26:29
2020,2020-07-01,Kentucky,state,month,143,false,NVSS final,D157,2026-09-26 16:26:29
2020,2020-07-01,Louisiana,state,month,66,false,NVSS final,D157,2026-09-26 16:26:29
2020,2020-07-01,Maine,state,month,31,false,NVSS final,D157,2026-09-26 16:26:29
2020,2020-07-01,Maryland,state,month,188,false,NVSS final,D157,2026-09-26 16:26:29
2020,2020-07-01,Massachusetts,state,month,178,false,NVSS final,D157,2026-09-26 16:26:29
2020,2020-07-01,Michigan,state,month,146,false,NVSS final,D157,2026-09-26 16:26:29
2020,2020-07-01,Minnesota,state,month,33,false,NVSS final,D157,2026-09-26 16:26:29
2020,2020-07-01,Mississippi,state,month,26,false,NVSS final,D157,2026-09-26 16:26:29
2020,2020-07-01,Missouri,state,month,104,false,NVSS final,D157,2026-09-26 16:26:29
2020,2020-07-01,Nevada,state,month,36,false,NVSS final,D157,2026-09-26 16:26:29
2020,2020-07-01,New Hampshire,state,month,31,false,NVSS final,D157,2026-09-26 16:26:29
2020,2020-07-01,New Jersey,state,month,183,false,NVSS final,D157,2026-09-26 16:26:29
2020,2020-07-01,New Mexico,state,month,30,false,NVSS final,D157,2026-09-26 16:26:29
2020,2020-07-01,New York,state,month,333,false,NVSS final,D157,2026-09-26 16:26:29
2020,2020-07-01,North Carolina,state,month,210,false,NVSS final,D157,2026-09-26 16:26:29
2020,2020-07-01,Ohio,state,month,390,false,NVSS final,D157,2026-09-26 16:26:29
2020,2020-07-01,Oklahoma,state,month,10,false,NVSS final,D157,2026-09-26 16:26:29
2020,2020-07-01,Oregon,state,month,19,false,NVSS final,D157,2026-09-26 16:26:29
2020,2020-07-01,Pennsylvania,state,month,333,false,NVSS final,D157,2026-09-26 16:26:29
2020,2020-07-01,Rhode Island,state,month,34,false,NVSS final,D157,2026-09-26 16:26:29
2020,2020-07-01,South Carolina,state,month,100,false,NVSS final,D157,2026-09-26 16:26:29
2020,2020-07-01,Tennessee,state,month,191,false,NVSS final,D157,2026-09-26 16:26:29
2020,2020-07-01,Texas,state,month,105,false,NVSS final,D157,2026-09-26 16:26:29
2020,2020-07-01,United States,nation,month,5165,false,NVSS final,D157,2026-09-26 16:26:29
2020,2020-07-01,Utah,state,month,17,false,NVSS final,D157,2026-09-26 16:26:29
2020,2020-07-01,Vermont,state,month,15,false,NVSS final,D157,2026-09-26 16:26:29
2020,2020-07-01,Virginia,state,month,158,false,NVSS final,D157,2026-09-26 16:26:29
2020,2020-07-01,Washington,state,month,65,false,NVSS final,D157,2026-09-26 16:26:29
2020,2020-07-01,West Virginia,state,month,95,false,NVSS final,D157,2026-09-26 16:26:29
2020,2020-07-01,Wisconsin,state,month,107,false,NVSS final,D157,2026-09-26 16:26:29
2020,2020-08-01,Alabama,state,month,31,false,NVSS final,D157,2026-09-26 16:26:29
2020,2020-08-01,Arizona,state,month,143,false,NVSS final,D157,2026-09-26 16:26:29
2020,2020-08-01,Arkansas,state,month,12,false,NVSS final,D157,2026-09-26 16:26:29
2020,2020-08-01,California,state,month,452,false,NVSS final,D157,2026-09-26 16:26:29
2020,2020-08-01,Colorado,state,month,64,false,NVSS final,D157,2026-09-26 16:26:29
2020,2020-08-01,Connecticut,state,month,73,false,NVSS final,D157,2026-09-26 16:26:29
2020,2020-08-01,Delaware,state,month,37,false,NVSS final,D157,2026-09-26 16:26:29
2020,2020-08-01,District of Columbia,state,month,35,false,NVSS final,D157,2026-09-26 16:26:29
2020,2020-08-01,Florida,state,month,414,false,NVSS final,D157,2026-09-26 16:26:29
2020,2020-08-01,Georgia,state,month,93,false,NVSS final,D157,2026-09-26 16:26:29
2020,2020-08-01,Illinois,state,month,203,false,NVSS final,D157,2026-09-26 16:26:29
2020,2020-08-01,Indiana,state,month,130,false,NVSS final,D157,2026-09-26 16:26:29
2020,2020-08-01,Kansas,state,month,10,false,NVSS final,D157,2026-09-26 16:26:29
2020,2020-08-01,Kentucky,state,month,127,false,NVSS final,D157,2026-09-26 16:26:29
2020,2020-08-01,Louisiana,state,month,75,false,NVSS final,D157,2026-09-26 16:26:29
2020,2020-08-01,Maine,state,month,33,false,NVSS final,D157,2026-09-26 16:26:29
2020,2020-08-01,Maryland,state,month,210,false,NVSS final,D157,2026-09-26 16:26:29
2020,2020-08-01,Massachusetts,state,month,147,false,NVSS final,D157,2026-09-26 16:26:29
2020,2020-08-01,Michigan,state,month,150,false,NVSS final,D157,2026-09-26 16:26:29
2020,2020-08-01,Minnesota,state,month,62,false,NVSS final,D157,2026-09-26 16:26:29
2020,2020-08-01,Mississippi,state,month,35,false,NVSS final,D157,2026-09-26 16:26:29
2020,2020-08-01,Missouri,state,month,107,false,NVSS final,D157,2026-09-26 16:26:29
2020,2020-08-01,Nebraska,state,month,11,false,NVSS final,D157,2026-09-26 16:26:29
2020,2020-08-01,Nevada,state,month,36,false,NVSS final,D157,2026-09-26 16:26:29
2020,2020-08-01,New Hampshire,state,month,17,false,NVSS final,D157,2026-09-26 16:26:29
2020,2020-08-01,New Jersey,state,month,197,false,NVSS final,D157,2026-09-26 16:26:29
2020,2020-08-01,New Mexico,state,month,36,false,NVSS final,D157,2026-09-26 16:26:29
2020,2020-08-01,New York,state,month,344,false,NVSS final,D157,2026-09-26 16:26:29
2020,2020-08-01,North Carolina,state,month,208,false,NVSS final,D157,2026-09-26 16:26:29
2020,2020-08-01,Ohio,state,month,301,false,NVSS final,D157,2026-09-26 16:26:29
2020,2020-08-01,Oklahoma,state,month,10,false,NVSS final,D157,2026-09-26 16:26:29
2020,2020-08-01,Oregon,state,month,23,false,NVSS final,D157,2026-09-26 16:26:29
2020,2020-08-01,Pennsylvania,state,month,304,false,NVSS final,D157,2026-09-26 16:26:29
2020,2020-08-01,Rhode Island,state,month,25,false,NVSS final,D157,2026-09-26 16:26:29
2020,2020-08-01,South Carolina,state,month,109,false,NVSS final,D157,2026-09-26 16:26:29
2020,2020-08-01,Tennessee,state,month,175,false,NVSS final,D157,2026-09-26 16:26:29
2020,2020-08-01,Texas,state,month,112,false,NVSS final,D157,2026-09-26 16:26:29
2020,2020-08-01,United States,nation,month,5027,false,NVSS final,D157,2026-09-26 16:26:29
2020,2020-08-01,Utah,state,month,19,false,NVSS final,D157,2026-09-26 16:26:29
2020,2020-08-01,Vermont,state,month,18,false,NVSS final,D157,2026-09-26 16:26:29
2020,2020-08-01,Virginia,state,month,163,false,NVSS final,D157,2026-09-26 16:26:29
2020,2020-08-01,Washington,state,month,61,false,NVSS final,D157,2026-09-26 16:26:29
2020,2020-08-01,West Virginia,state,month,91,false,NVSS final,D157,2026-09-26 16:26:29
2020,2020-08-01,Wisconsin,state,month,92,false,NVSS final,D157,2026-09-26 16:26:29
2020,2020-09-01,Alabama,state,month,41,false,NVSS final,D157,2026-09-26 16:26:29
2020,2020-09-01,Arizona,state,month,95,false,NVSS final,D157,2026-09-26 16:26:29
2020,2020-09-01,Arkansas,state,month,22,false,NVSS final,D157,2026-09-26 16:26:29
2020,2020-09-01,California,state,month,343,false,NVSS final,D157,2026-09-26 16:26:29
2020,2020-09-01,Colorado,state,month,50,false,NVSS final,D157,2026-09-26 16:26:29
2020,2020-09-01,Connecticut,state,month,102,false,NVSS final,D157,2026-09-26 16:26:29
2020,2020-09-01,Delaware,state,month,26,false,NVSS final,D157,2026-09-26 16:26:29
2020,2020-09-01,District of Columbia,state,month,27,false,NVSS final,D157,2026-09-26 16:26:29
2020,2020-09-01,Florida,state,month,425,false,NVSS final,D157,2026-09-26 16:26:29
2020,2020-09-01,Georgia,state,month,68,false,NVSS final,D157,2026-09-26 16:26:29
2020,2020-09-01,Illinois,state,month,200,false,NVSS final,D157,2026-09-26 16:26:29
2020,2020-09-01,Indiana,state,month,138,false,NVSS final,D157,2026-09-26 16:26:29
2020,2020-09-01,Iowa,state,month,17,false,NVSS final,D157,2026-09-26 16:26:29
2020,2020-09-01,Kansas,state,month,11,false,NVSS final,D157,2026-09-26 16:26:29
2020,2020-09-01,Kentucky,state,month,135,false,NVSS final,D157,2026-09-26 16:26:29
2020,2020-09-01,Louisiana,state,month,54,false,NVSS final,D157,2026-09-26 16:26:29
2020,2020-09-01,Maine,state,month,24,false,NVSS final,D157,2026-09-26 16:26:29
2020,2020-09-01,Maryland,state,month,216,false,NVSS final,D157,2026-09-26 16:26:29
2020,2020-09-01,Massachusetts,state,month,147,false,NVSS final,D157,2026-09-26 16:26:29
2020,2020-09-01,Michigan,state,month,154,false,NVSS final,D157,2026-09-26 16:26:29
2020,2020-09-01,Minnesota,state,month,55,false,NVSS final,D157,2026-09-26 16:26:29
2020,2020-09-01,Mississippi,state,month,22,false,NVSS final,D157,2026-09-26 16:26:29
2020,2020-09-01,Missouri,state,month,88,false,NVSS final,D157,2026-09-26 16:26:29
2020,2020-09-01,Nevada,state,month,18,false,NVSS final,D157,2026-09-26 16:26:29
2020,2020-09-01,New Hampshire,state,month,25,false,NVSS final,D157,2026-09-26 16:26:29
2020,2020-09-01,New Jersey,state,month,175,false,NVSS final,D157,2026-09-26 16:26:29
2020,2020-09-01,New Mexico,state,month,33,false,NVSS final,D157,2026-09-26 16:26:29
2020,2020-09-01,New York,state,month,292,false,NVSS final,D157,2026-09-26 16:26:29
2020,2020-09-01,North Carolina,state,month,171,false,NVSS final,D157,2026-09-26 16:26:29
2020,2020-09-01,Ohio,state,month,347,false,NVSS final,D157,2026-09-26 16:26:29
2020,2020-09-01,Oklahoma,state,month,11,false,NVSS final,D157,2026-09-26 16:26:29
2020,2020-09-01,Oregon,state,month,26,false,NVSS final,D157,2026-09-26 16:26:29
2020,2020-09-01,Pennsylvania,state,month,330,false,NVSS final,D157,2026-09-26 16:26:29
2020,2020-09-01,Rhode Island,state,month,26,false,NVSS final,D157,2026-09-26 16:26:29
2020,2020-09-01,South Carolina,state,month,98,false,NVSS final,D157,2026-09-26 16:26:29
2020,2020-09-01,Tennessee,state,month,163,false,NVSS final,D157,2026-09-26 16:26:29
2020,2020-09-01,Texas,state,month,101,false,NVSS final,D157,2026-09-26 16:26:29
2020,2020-09-01,United States,nation,month,4717,false,NVSS final,D157,2026-09-26 16:26:29
2020,2020-09-01,Utah,state,month,10,false,NVSS final,D157,2026-09-26 16:26:29
2020,2020-09-01,Virginia,state,month,143,false,NVSS final,D157,2026-09-26 16:26:29
2020,2020-09-01,Washington,state,month,50,false,NVSS final,D157,2026-09-26 16:26:29
2020,2020-09-01,West Virginia,state,month,106,false,NVSS final,D157,2026-09-26 16:26:29
2020,2020-09-01,Wisconsin,state,month,90,false,NVSS final,D157,2026-09-26 16:26:29
2020,2020-10-01,Alabama,state,month,33,false,NVSS final,D157,2026-09-26 16:26:29
2020,2020-10-01,Arizona,state,month,115,false,NVSS final,D157,2026-09-26 16:26:29
2020,2020-10-01,Arkansas,state,month,14,false,NVSS final,D157,2026-09-26 16:26:29
2020,2020-10-01,California,state,month,378,false,NVSS final,D157,2026-09-26 16:26:29
2020,2020-10-01,Colorado,state,month,39,false,NVSS final,D157,2026-09-26 16:26:29
2020,2020-10-01,Connecticut,state,month,82,false,NVSS final,D157,2026-09-26 16:26:29
2020,2020-10-01,Delaware,state,month,20,false,NVSS final,D157,2026-09-26 16:26:29
2020,2020-10-01,District of Columbia,state,month,23,false,NVSS final,D157,2026-09-26 16:26:29
2020,2020-10-01,Florida,state,month,370,false,NVSS final,D157,2026-09-26 16:26:29
2020,2020-10-01,Georgia,state,month,67,false,NVSS final,D157,2026-09-26 16:26:29
2020,2020-10-01,Illinois,state,month,156,false,NVSS final,D157,2026-09-26 16:26:29
2020,2020-10-01,Indiana,state,month,147,false,NVSS final,D157,2026-09-26 16:26:29
2020,2020-10-01,Iowa,state,month,20,false,NVSS final,D157,2026-09-26 16:26:29
2020,2020-10-01,Kansas,state,month,13,false,NVSS final,D157,2026-09-26 16:26:29
2020,2020-10-01,Kentucky,state,month,122,false,NVSS final,D157,2026-09-26 16:26:29
2020,2020-10-01,Louisiana,state,month,69,false,NVSS final,D157,2026-09-26 16:26:29
2020,2020-10-01,Maine,state,month,26,false,NVSS final,D157,2026-09-26 16:26:29
2020,2020-10-01,Maryland,state,month,242,false,NVSS final,D157,2026-09-26 16:26:29
2020,2020-10-01,Massachusetts,state,month,168,false,NVSS final,D157,2026-09-26 16:26:29
2020,2020-10-01,Michigan,state,month,160,false,NVSS final,D157,2026-09-26 16:26:29
2020,2020-10-01,Minnesota,state,month,51,false,NVSS final,D157,2026-09-26 16:26:29
2020,2020-10-01,Mississippi,state,month,24,false,NVSS final,D157,2026-09-26 16:26:29
2020,2020-10-01,Missouri,state,month,101,false,NVSS final,D157,2026-09-26 16:26:29
2020,2020-10-01,Nevada,state,month,31,false,NVSS final,D157,2026-09-26 16:26:29
2020,2020-10-01,New Hampshire,state,month,22,false,NVSS final,D157,2026-09-26 16:26:29
2020,2020-10-01,New Jersey,state,month,172,false,NVSS final,D157,2026-09-26 16:26:29
2020,2020-10-01,New Mexico,state,month,24,false,NVSS final,D157,2026-09-26 16:26:29
2020,2020-10-01,New York,state,month,316,false,NVSS final,D157,2026-09-26 16:26:29
2020,2020-10-01,North Carolina,state,month,172,false,NVSS final,D157,2026-09-26 16:26:29
2020,2020-10-01,Ohio,state,month,347,false,NVSS final,D157,2026-09-26 16:26:29
2020,2020-10-01,Oklahoma,state,month,16,false,NVSS final,D157,2026-09-26 16:26:29
2020,2020-10-01,Oregon,state,month,16,false,NVSS final,D157,2026-09-26 16:26:29
2020,2020-10-01,Pennsylvania,state,month,266,false,NVSS final,D157,2026-09-26 16:26:29
2020,2020-10-01,Rhode Island,state,month,22,false,NVSS final,D157,2026-09-26 16:26:29
2020,2020-10-01,South Carolina,state,month,85,false,NVSS final,D157,2026-09-26 16:26:29
2020,2020-10-01,Tennessee,state,month,184,false,NVSS final,D157,2026-09-26 16:26:29
2020,2020-10-01,Texas,state,month,78,false,NVSS final,D157,2026-09-26 16:26:29
2020,2020-10-01,United States,nation,month,4600,false,NVSS final,D157,2026-09-26 16:26:29
2020,2020-10-01,Utah,state,month,19,false,NVSS final,D157,2026-09-26 16:26:29
2020,2020-10-01,Vermont,state,month,12,false,NVSS final,D157,2026-09-26 16:26:29
2020,2020-10-01,Virginia,state,month,136,false,NVSS final,D157,2026-09-26 16:26:29
2020,2020-10-01,Washington,state,month,51,false,NVSS final,D157,2026-09-26 16:26:29
2020,2020-10-01,West Virginia,state,month,84,false,NVSS final,D157,2026-09-26 16:26:29
2020,2020-10-01,Wisconsin,state,month,81,false,NVSS final,D157,2026-09-26 16:26:29
2020,2020-11-01,Alabama,state,month,40,false,NVSS final,D157,2026-09-26 16:26:29
2020,2020-11-01,Arizona,state,month,134,false,NVSS final,D157,2026-09-26 16:26:29
2020,2020-11-01,Arkansas,state,month,18,false,NVSS final,D157,2026-09-26 16:26:29
2020,2020-11-01,California,state,month,362,false,NVSS final,D157,2026-09-26 16:26:29
2020,2020-11-01,Colorado,state,month,51,false,NVSS final,D157,2026-09-26 16:26:29
2020,2020-11-01,Connecticut,state,month,82,false,NVSS final,D157,2026-09-26 16:26:29
2020,2020-11-01,Delaware,state,month,16,false,NVSS final,D157,2026-09-26 16:26:29
2020,2020-11-01,District of Columbia,state,month,20,false,NVSS final,D157,2026-09-26 16:26:29
2020,2020-11-01,Florida,state,month,404,false,NVSS final,D157,2026-09-26 16:26:29
2020,2020-11-01,Georgia,state,month,68,false,NVSS final,D157,2026-09-26 16:26:29
2020,2020-11-01,Illinois,state,month,216,false,NVSS final,D157,2026-09-26 16:26:29
2020,2020-11-01,Indiana,state,month,120,false,NVSS final,D157,2026-09-26 16:26:29
2020,2020-11-01,Iowa,state,month,17,false,NVSS final,D157,2026-09-26 16:26:29
2020,2020-11-01,Kansas,state,month,14,false,NVSS final,D157,2026-09-26 16:26:29
2020,2020-11-01,Kentucky,state,month,122,false,NVSS final,D157,2026-09-26 16:26:29
2020,2020-11-01,Louisiana,state,month,57,false,NVSS final,D157,2026-09-26 16:26:29
2020,2020-11-01,Maine,state,month,33,false,NVSS final,D157,2026-09-26 16:26:29
2020,2020-11-01,Maryland,state,month,194,false,NVSS final,D157,2026-09-26 16:26:29
2020,2020-11-01,Massachusetts,state,month,145,false,NVSS final,D157,2026-09-26 16:26:29
2020,2020-11-01,Michigan,state,month,149,false,NVSS final,D157,2026-09-26 16:26:29
2020,2020-11-01,Minnesota,state,month,54,false,NVSS final,D157,2026-09-26 16:26:29
2020,2020-11-01,Mississippi,state,month,29,false,NVSS final,D157,2026-09-26 16:26:29
2020,2020-11-01,Missouri,state,month,85,false,NVSS final,D157,2026-09-26 16:26:29
2020,2020-11-01,Nevada,state,month,19,false,NVSS final,D157,2026-09-26 16:26:29
2020,2020-11-01,New Hampshire,state,month,23,false,NVSS final,D157,2026-09-26 16:26:29
2020,2020-11-01,New Jersey,state,month,204,false,NVSS final,D157,2026-09-26 16:26:29
2020,2020-11-01,New Mexico,state,month,31,false,NVSS final,D157,2026-09-26 16:26:29
2020,2020-11-01,New York,state,month,301,false,NVSS final,D157,2026-09-26 16:26:29
2020,2020-11-01,North Carolina,state,month,194,false,NVSS final,D157,2026-09-26 16:26:29
2020,2020-11-01,Ohio,state,month,329,false,NVSS final,D157,2026-09-26 16:26:29
2020,2020-11-01,Oklahoma,state,month,14,false,NVSS final,D157,2026-09-26 16:26:29
2020,2020-11-01,Oregon,state,month,20,false,NVSS final,D157,2026-09-26 16:26:29
2020,2020-11-01,Pennsylvania,state,month,292,false,NVSS final,D157,2026-09-26 16:26:29
2020,2020-11-01,Rhode Island,state,month,22,false,NVSS final,D157,2026-09-26 16:26:29
2020,2020-11-01,South Carolina,state,month,100,false,NVSS final,D157,2026-09-26 16:26:29
2020,2020-11-01,Tennessee,state,month,166,false,NVSS final,D157,2026-09-26 16:26:29
2020,2020-11-01,Texas,state,month,91,false,NVSS final,D157,2026-09-26 16:26:29
2020,2020-11-01,United States,nation,month,4650,false,NVSS final,D157,2026-09-26 16:26:29
2020,2020-11-01,Vermont,state,month,13,false,NVSS final,D157,2026-09-26 16:26:29
2020,2020-11-01,Virginia,state,month,132,false,NVSS final,D157,2026-09-26 16:26:29
2020,2020-11-01,Washington,state,month,62,false,NVSS final,D157,2026-09-26 16:26:29
2020,2020-11-01,West Virginia,state,month,93,false,NVSS final,D157,2026-09-26 16:26:29
2020,2020-11-01,Wisconsin,state,month,80,false,NVSS final,D157,2026-09-26 16:26:29
2020,2020-12-01,Alabama,state,month,39,false,NVSS final,D157,2026-09-26 16:26:29
2020,2020-12-01,Arizona,state,month,112,false,NVSS final,D157,2026-09-26 16:26:29
2020,2020-12-01,Arkansas,state,month,15,false,NVSS final,D157,2026-09-26 16:26:29
2020,2020-12-01,California,state,month,357,false,NVSS final,D157,2026-09-26 16:26:29
2020,2020-12-01,Colorado,state,month,50,false,NVSS final,D157,2026-09-26 16:26:29
2020,2020-12-01,Connecticut,state,month,112,false,NVSS final,D157,2026-09-26 16:26:29
2020,2020-12-01,Delaware,state,month,24,false,NVSS final,D157,2026-09-26 16:26:29
2020,2020-12-01,District of Columbia,state,month,18,false,NVSS final,D157,2026-09-26 16:26:29
2020,2020-12-01,Florida,state,month,330,false,NVSS final,D157,2026-09-26 16:26:29
2020,2020-12-01,Georgia,state,month,82,false,NVSS final,D157,2026-09-26 16:26:29
2020,2020-12-01,Illinois,state,month,199,false,NVSS final,D157,2026-09-26 16:26:29
2020,2020-12-01,Indiana,state,month,148,false,NVSS final,D157,2026-09-26 16:26:29
2020,2020-12-01,Iowa,state,month,11,false,NVSS final,D157,2026-09-26 16:26:29
2020,2020-12-01,Kansas,state,month,30,false,NVSS final,D157,2026-09-26 16:26:29
2020,2020-12-01,Kentucky,state,month,139,false,NVSS final,D157,2026-09-26 16:26:29
2020,2020-12-01,Louisiana,state,month,76,false,NVSS final,D157,2026-09-26 16:26:29
2020,2020-12-01,Maine,state,month,32,false,NVSS final,D157,2026-09-26 16:26:29
2020,2020-12-01,Maryland,state,month,180,false,NVSS final,D157,2026-09-26 16:26:29
2020,2020-12-01,Massachusetts,state,month,156,false,NVSS final,D157,2026-09-26 16:26:29
2020,2020-12-01,Michigan,state,month,173,false,NVSS final,D157,2026-09-26 16:26:29
2020,2020-12-01,Minnesota,state,month,52,false,NVSS final,D157,2026-09-26 16:26:29
2020,2020-12-01,Mississippi,state,month,27,false,NVSS final,D157,2026-09-26 16:26:29
2020,2020-12-01,Missouri,state,month,90,false,NVSS final,D157,2026-09-26 16:26:29
2020,2020-12-01,Nevada,state,month,29,false,NVSS final,D157,2026-09-26 16:26:29
2020,2020-12-01,New Hampshire,state,month,30,false,NVSS final,D157,2026-09-26 16:26:29
2020,2020-12-01,New Jersey,state,month,166,false,NVSS final,D157,2026-09-26 16:26:29
2020,2020-12-01,New Mexico,state,month,30,false,NVSS final,D157,2026-09-26 16:26:29
2020,2020-12-01,New York,state,month,314,false,NVSS final,D157,2026-09-26 16:26:29
2020,2020-12-01,North Carolina,state,month,185,false,NVSS final,D157,2026-09-26 16:26:29
2020,2020-12-01,Ohio,state,month,357,false,NVSS final,D157,2026-09-26 16:26:29
2020,2020-12-01,Oklahoma,state,month,19,false,NVSS final,D157,2026-09-26 16:26:29
2020,2020-12-01,Oregon,state,month,28,false,NVSS final,D157,2026-09-26 16:26:29
2020,2020-12-01,Pennsylvania,state,month,286,false,NVSS final,D157,2026-09-26 16:26:29
2020,2020-12-01,Rhode Island,state,month,23,false,NVSS final,D157,2026-09-26 16:26:29
2020,2020-12-01,South Carolina,state,month,102,false,NVSS final,D157,2026-09-26 16:26:29
2020,2020-12-01,Tennessee,state,month,172,false,NVSS final,D157,2026-09-26 16:26:29
2020,2020-12-01,Texas,state,month,112,false,NVSS final,D157,2026-09-26 16:26:29
2020,2020-12-01,United States,nation,month,4760,false,NVSS final,D157,2026-09-26 16:26:29
2020,2020-12-01,Utah,state,month,13,false,NVSS final,D157,2026-09-26 16:26:29
2020,2020-12-01,Vermont,state,month,14,false,NVSS final,D157,2026-09-26 16:26:29
2020,2020-12-01,Virginia,state,month,135,false,NVSS final,D157,2026-09-26 16:26:29
2020,2020-12-01,Washington,state,month,64,false,NVSS final,D157,2026-09-26 16:26:29
2020,2020-12-01,West Virginia,state,month,99,false,NVSS final,D157,2026-09-26 16:26:29
2020,2020-12-01,Wisconsin,state,month,91,false,NVSS final,D157,2026-09-26 16:26:29
2021,2021-01-01,Alabama,state,month,56,false,NVSS final,D157,2026-09-26 16:26:29
2021,2021-01-01,Alaska,state,month,10,false,NVSS final,D157,2026-09-26 16:26:29
2021,2021-01-01,Arizona,state,month,133,false,NVSS final,D157,2026-09-26 16:26:29
2021,2021-01-01,Arkansas,state,month,20,false,NVSS final,D157,2026-09-26 16:26:29
2021,2021-01-01,California,state,month,494,false,NVSS final,D157,2026-09-26 16:26:29
2021,2021-01-01,Colorado,state,month,71,false,NVSS final,D157,2026-09-26 16:26:29
2021,2021-01-01,Connecticut,state,month,101,false,NVSS final,D157,2026-09-26 16:26:29
2021,2021-01-01,Delaware,state,month,33,false,NVSS final,D157,2026-09-26 16:26:29
2021,2021-01-01,District of Columbia,state,month,32,false,NVSS final,D157,2026-09-26 16:26:29
2021,2021-01-01,Florida,state,month,438,false,NVSS final,D157,2026-09-26 16:26:29
2021,2021-01-01,Georgia,state,month,92,false,NVSS final,D157,2026-09-26 16:26:29
2021,2021-01-01,Illinois,state,month,170,false,NVSS final,D157,2026-09-26 16:26:29
2021,2021-01-01,Indiana,state,month,146,false,NVSS final,D157,2026-09-26 16:26:29
2021,2021-01-01,Iowa,state,month,11,false,NVSS final,D157,2026-09-26 16:26:29
2021,2021-01-01,Kansas,state,month,21,false,NVSS final,D157,2026-09-26 16:26:29
2021,2021-01-01,Kentucky,state,month,144,false,NVSS final,D157,2026-09-26 16:26:29
2021,2021-01-01,Louisiana,state,month,95,false,NVSS final,D157,2026-09-26 16:26:29
2021,2021-01-01,Maine,state,month,43,false,NVSS final,D157,2026-09-26 16:26:29
2021,2021-01-01,Maryland,state,month,211,false,NVSS final,D157,2026-09-26 16:26:29
2021,2021-01-01,Massachusetts,state,month,178,false,NVSS final,D157,2026-09-26 16:26:29
2021,2021-01-01,Michigan,state,month,167,false,NVSS final,D157,2026-09-26 16:26:29
2021,2021-01-01,Minnesota,state,month,67,false,NVSS final,D157,2026-09-26 16:26:29
2021,2021-01-01,Mississippi,state,month,39,false,NVSS final,D157,2026-09-26 16:26:29
2021,2021-01-01,Missouri,state,month,111,false,NVSS final,D157,2026-09-26 16:26:29
2021,2021-01-01,Nevada,state,month,26,false,NVSS final,D157,2026-09-26 16:26:29
2021,2021-01-01,New Hampshire,state,month,23,false,NVSS final,D157,2026-09-26 16:26:29
2021,2021-01-01,New Jersey,state,month,215,false,NVSS final,D157,2026-09-26 16:26:29
2021,2021-01-01,New Mexico,state,month,30,false,NVSS final,D157,2026-09-26 16:26:29
2021,2021-01-01,New York,state,month,412,false,NVSS final,D157,2026-09-26 16:26:29
2021,2021-01-01,North Carolina,state,month,240,false,NVSS final,D157,2026-09-26 16:26:29
2021,2021-01-01,Ohio,state,month,366,false,NVSS final,D157,2026-09-26 16:26:29
2021,2021-01-01,Oklahoma,state,month,20,false,NVSS final,D157,2026-09-26 16:26:29
2021,2021-01-01,Oregon,state,month,38,false,NVSS final,D157,2026-09-26 16:26:29
2021,2021-01-01,Pennsylvania,state,month,292,false,NVSS final,D157,2026-09-26 16:26:29
2021,2021-01-01,Rhode Island,state,month,26,false,NVSS final,D157,2026-09-26 16:26:29
2021,2021-01-01,South Carolina,state,month,109,false,NVSS final,D157,2026-09-26 16:26:29
2021,2021-01-01,Tennessee,state,month,216,false,NVSS final,D157,2026-09-26 16:26:29
2021,2021-01-01,Texas,state,month,133,false,NVSS final,D157,2026-09-26 16:26:29
2021,2021-01-01,United States,nation,month,5543,false,NVSS final,D157,2026-09-26 16:26:29
2021,2021-01-01,Utah,state,month,11,false,NVSS final,D157,2026-09-26 16:26:29
2021,2021-01-01,Vermont,state,month,13,false,NVSS final,D157,2026-09-26 16:26:29
2021,2021-01-01,Virginia,state,month,183,false,NVSS final,D157,2026-09-26 16:26:29
2021,2021-01-01,Washington,state,month,77,false,NVSS final,D157,2026-09-26 16:26:29
2021,2021-01-01,West Virginia,state,month,110,false,NVSS final,D157,2026-09-26 16:26:29
2021,2021-01-01,Wisconsin,state,month,97,false,NVSS final,D157,2026-09-26 16:26:29
2021,2021-02-01,Alabama,state,month,55,false,NVSS final,D157,2026-09-26 16:26:29
2021,2021-02-01,Arizona,state,month,111,false,NVSS final,D157,2026-09-26 16:26:29
2021,2021-02-01,Arkansas,state,month,23,false,NVSS final,D157,2026-09-26 16:26:29
2021,2021-02-01,California,state,month,413,false,NVSS final,D157,2026-09-26 16:26:29
2021,2021-02-01,Colorado,state,month,53,false,NVSS final,D157,2026-09-26 16:26:29
2021,2021-02-01,Connecticut,state,month,93,false,NVSS final,D157,2026-09-26 16:26:29
2021,2021-02-01,Delaware,state,month,39,false,NVSS final,D157,2026-09-26 16:26:29
2021,2021-02-01,District of Columbia,state,month,22,false,NVSS final,D157,2026-09-26 16:26:29
2021,2021-02-01,Florida,state,month,373,false,NVSS final,D157,2026-09-26 16:26:29
2021,2021-02-01,Georgia,state,month,119,false,NVSS final,D157,2026-09-26 16:26:29
2021,2021-02-01,Illinois,state,month,159,false,NVSS final,D157,2026-09-26 16:26:29
2021,2021-02-01,Indiana,state,month,132,false,NVSS final,D157,2026-09-26 16:26:29
2021,2021-02-01,Iowa,state,month,12,false,NVSS final,D157,2026-09-26 16:26:29
2021,2021-02-01,Kansas,state,month,23,false,NVSS final,D157,2026-09-26 16:26:29
2021,2021-02-01,Kentucky,state,month,119,false,NVSS final,D157,2026-09-26 16:26:29
2021,2021-02-01,Louisiana,state,month,91,false,NVSS final,D157,2026-09-26 16:26:29
2021,2021-02-01,Maine,state,month,34,false,NVSS final,D157,2026-09-26 16:26:29
2021,2021-02-01,Maryland,state,month,182,false,NVSS final,D157,2026-09-26 16:26:29
2021,2021-02-01,Massachusetts,state,month,155,false,NVSS final,D157,2026-09-26 16:26:29
2021,2021-02-01,Michigan,state,month,151,false,NVSS final,D157,2026-09-26 16:26:29
2021,2021-02-01,Minnesota,state,month,64,false,NVSS final,D157,2026-09-26 16:26:29
2021,2021-02-01,Mississippi,state,month,43,false,NVSS final,D157,2026-09-26 16:26:29
2021,2021-02-01,Missouri,state,month,107,false,NVSS final,D157,2026-09-26 16:26:29
2021,2021-02-01,Nevada,state,month,37,false,NVSS final,D157,2026-09-26 16:26:29
2021,2021-02-01,New Hampshire,state,month,23,false,NVSS final,D157,2026-09-26 16:26:29
2021,2021-02-01,New Jersey,state,month,186,false,NVSS final,D157,2026-09-26 16:26:29
2021,2021-02-01,New Mexico,state,month,34,false,NVSS final,D157,2026-09-26 16:26:29
2021,2021-02-01,New York,state,month,316,false,NVSS final,D157,2026-09-26 16:26:29
2021,2021-02-01,North Carolina,state,month,227,false,NVSS final,D157,2026-09-26 16:26:29
2021,2021-02-01,Ohio,state,month,285,false,NVSS final,D157,2026-09-26 16:26:29
2021,2021-02-01,Oklahoma,state,month,14,false,NVSS final,D157,2026-09-26 16:26:29
2021,2021-02-01,Oregon,state,month,18,false,NVSS final,D157,2026-09-26 16:26:29
2021,2021-02-01,Pennsylvania,state,month,309,false,NVSS final,D157,2026-09-26 16:26:29
2021,2021-02-01,Rhode Island,state,month,25,false,NVSS final,D157,2026-09-26 16:26:29
2021,2021-02-01,South Carolina,state,month,84,false,NVSS final,D157,2026-09-26 16:26:29
2021,2021-02-01,Tennessee,state,month,193,false,NVSS final,D157,2026-09-26 16:26:29
2021,2021-02-01,Texas,state,month,134,false,NVSS final,D157,2026-09-26 16:26:29
2021,2021-02-01,United States,nation,month,4890,false,NVSS final,D157,2026-09-26 16:26:29
2021,2021-02-01,Utah,state,month,11,false,NVSS final,D157,2026-09-26 16:26:29
2021,2021-02-01,Vermont,state,month,10,false,NVSS final,D157,2026-09-26 16:26:29
2021,2021-02-01,Virginia,state,month,146,false,NVSS final,D157,2026-09-26 16:26:29
2021,2021-02-01,Washington,state,month,63,false,NVSS final,D157,2026-09-26 16:26:29
2021,2021-02-01,West Virginia,state,month,84,false,NVSS final,D157,2026-09-26 16:26:29
2021,2021-02-01,Wisconsin,state,month,89,false,NVSS final,D157,2026-09-26 16:26:29
2021,2021-03-01,Alabama,state,month,95,false,NVSS final,D157,2026-09-26 16:26:29
2021,2021-03-01,Alaska,state,month,15,false,NVSS final,D157,2026-09-26 16:26:29
2021,2021-03-01,Arizona,state,month,137,false,NVSS final,D157,2026-09-26 16:26:29
2021,2021-03-01,Arkansas,state,month,32,false,NVSS final,D157,2026-09-26 16:26:29
2021,2021-03-01,California,state,month,504,false,NVSS final,D157,2026-09-26 16:26:29
2021,2021-03-01,Colorado,state,month,69,false,NVSS final,D157,2026-09-26 16:26:29
2021,2021-03-01,Connecticut,state,month,98,false,NVSS final,D157,2026-09-26 16:26:29
2021,2021-03-01,Delaware,state,month,40,false,NVSS final,D157,2026-09-26 16:26:29
2021,2021-03-01,District of Columbia,state,month,24,false,NVSS final,D157,2026-09-26 16:26:29
2021,2021-03-01,Florida,state,month,447,false,NVSS final,D157,2026-09-26 16:26:29
2021,2021-03-01,Georgia,state,month,125,false,NVSS final,D157,2026-09-26 16:26:29
2021,2021-03-01,Illinois,state,month,234,false,NVSS final,D157,2026-09-26 16:26:29
2021,2021-03-01,Indiana,state,month,184,false,NVSS final,D157,2026-09-26 16:26:29
2021,2021-03-01,Iowa,state,month,20,false,NVSS final,D157,2026-09-26 16:26:29
2021,2021-03-01,Kansas,state,month,33,false,NVSS final,D157,2026-09-26 16:26:29
2021,2021-03-01,Kentucky,state,month,146,false,NVSS final,D157,2026-09-26 16:26:29
2021,2021-03-01,Louisiana,state,month,114,false,NVSS final,D157,2026-09-26 16:26:29
2021,2021-03-01,Maine,state,month,49,false,NVSS final,D157,2026-09-26 16:26:29
2021,2021-03-01,Maryland,state,month,199,false,NVSS final,D157,2026-09-26 16:26:29
2021,2021-03-01,Massachusetts,state,month,205,false,NVSS final,D157,2026-09-26 16:26:29
2021,2021-03-01,Michigan,state,month,220,false,NVSS final,D157,2026-09-26 16:26:29
2021,2021-03-01,Minnesota,state,month,86,false,NVSS final,D157,2026-09-26 16:26:29
2021,2021-03-01,Mississippi,state,month,47,false,NVSS final,D157,2026-09-26 16:26:29
2021,2021-03-01,Missouri,state,month,132,false,NVSS final,D157,2026-09-26 16:26:29
2021,2021-03-01,Nevada,state,month,33,false,NVSS final,D157,2026-09-26 16:26:29
2021,2021-03-01,New Hampshire,state,month,32,false,NVSS final,D157,2026-09-26 16:26:29
2021,2021-03-01,New Jersey,state,month,245,false,NVSS final,D157,2026-09-26 16:26:29
2021,2021-03-01,New Mexico,state,month,53,false,NVSS final,D157,2026-09-26 16:26:29
2021,2021-03-01,New York,state,month,390,false,NVSS final,D157,2026-09-26 16:26:29
2021,2021-03-01,North Carolina,state,month,279,false,NVSS final,D157,2026-09-26 16:26:29
2021,2021-03-01,Ohio,state,month,401,false,NVSS final,D157,2026-09-26 16:26:29
2021,2021-03-01,Oklahoma,state,month,30,false,NVSS final,D157,2026-09-26 16:26:29
2021,2021-03-01,Oregon,state,month,39,false,NVSS final,D157,2026-09-26 16:26:29
2021,2021-03-01,Pennsylvania,state,month,319,false,NVSS final,D157,2026-09-26 16:26:29
2021,2021-03-01,Rhode Island,state,month,21,false,NVSS final,D157,2026-09-26 16:26:29
2021,2021-03-01,South Carolina,state,month,129,false,NVSS final,D157,2026-09-26 16:26:29
2021,2021-03-01,Tennessee,state,month,251,false,NVSS final,D157,2026-09-26 16:26:29
2021,2021-03-01,Texas,state,month,179,false,NVSS final,D157,2026-09-26 16:26:29
2021,2021-03-01,United States,nation,month,6236,false,NVSS final,D157,2026-09-26 16:26:29
2021,2021-03-01,Utah,state,month,12,false,NVSS final,D157,2026-09-26 16:26:29
2021,2021-03-01,Vermont,state,month,22,false,NVSS final,D157,2026-09-26 16:26:29
2021,2021-03-01,Virginia,state,month,196,false,NVSS final,D157,2026-09-26 16:26:29
2021,2021-03-01,Washington,state,month,116,false,NVSS final,D157,2026-09-26 16:26:29
2021,2021-03-01,West Virginia,state,month,111,false,NVSS final,D157,2026-09-26 16:26:29
2021,2021-03-01,Wisconsin,state,month,97,false,NVSS final,D157,2026-09-26 16:26:29
2021,2021-04-01,Alabama,state,month,88,false,NVSS final,D157,2026-09-26 16:26:29
2021,2021-04-01,Alaska,state,month,12,false,NVSS final,D157,2026-09-26 16:26:29
2021,2021-04-01,Arizona,state,month,150,false,NVSS final,D157,2026-09-26 16:26:29
2021,2021-04-01,Arkansas,state,month,25,false,NVSS final,D157,2026-09-26 16:26:29
2021,2021-04-01,California,state,month,515,false,NVSS final,D157,2026-09-26 16:26:29
2021,2021-04-01,Colorado,state,month,77,false,NVSS final,D157,2026-09-26 16:26:29
2021,2021-04-01,Connecticut,state,month,104,false,NVSS final,D157,2026-09-26 16:26:29
2021,2021-04-01,Delaware,state,month,40,false,NVSS final,D157,2026-09-26 16:26:29
2021,2021-04-01,District of Columbia,state,month,19,false,NVSS final,D157,2026-09-26 16:26:29
2021,2021-04-01,Florida,state,month,550,false,NVSS final,D157,2026-09-26 16:26:29
2021,2021-04-01,Georgia,state,month,130,false,NVSS final,D157,2026-09-26 16:26:29
2021,2021-04-01,Idaho,state,month,16,false,NVSS final,D157,2026-09-26 16:26:29
2021,2021-04-01,Illinois,state,month,255,false,NVSS final,D157,2026-09-26 16:26:29
2021,2021-04-01,Indiana,state,month,180,false,NVSS final,D157,2026-09-26 16:26:29
2021,2021-04-01,Iowa,state,month,20,false,NVSS final,D157,2026-09-26 16:26:29
2021,2021-04-01,Kansas,state,month,35,false,NVSS final,D157,2026-09-26 16:26:29
2021,2021-04-01,Kentucky,state,month,162,false,NVSS final,D157,2026-09-26 16:26:29
2021,2021-04-01,Louisiana,state,month,96,false,NVSS final,D157,2026-09-26 16:26:29
2021,2021-04-01,Maine,state,month,35,false,NVSS final,D157,2026-09-26 16:26:29
2021,2021-04-01,Maryland,state,month,212,false,NVSS final,D157,2026-09-26 16:26:29
2021,2021-04-01,Massachusetts,state,month,186,false,NVSS final,D157,2026-09-26 16:26:29
2021,2021-04-01,Michigan,state,month,232,false,NVSS final,D157,2026-09-26 16:26:29
2021,2021-04-01,Minnesota,state,month,69,false,NVSS final,D157,2026-09-26 16:26:29
2021,2021-04-01,Mississippi,state,month,49,false,NVSS final,D157,2026-09-26 16:26:29
2021,2021-04-01,Missouri,state,month,137,false,NVSS final,D157,2026-09-26 16:26:29
2021,2021-04-01,Montana,state,month,10,false,NVSS final,D157,2026-09-26 16:26:29
2021,2021-04-01,Nebraska,state,month,10,false,NVSS final,D157,2026-09-26 16:26:29
2021,2021-04-01,Nevada,state,month,34,false,NVSS final,D157,2026-09-26 16:26:29
2021,2021-04-01,New Hampshire,state,month,26,false,NVSS final,D157,2026-09-26 16:26:29
2021,2021-04-01,New Jersey,state,month,201,false,NVSS final,D157,2026-09-26 16:26:29
2021,2021-04-01,New Mexico,state,month,57,false,NVSS final,D157,2026-09-26 16:26:29
2021,2021-04-01,New York,state,month,349,false,NVSS final,D157,2026-09-26 16:26:29
2021,2021-04-01,North Carolina,state,month,259,false,NVSS final,D157,2026-09-26 16:26:29
2021,2021-04-01,Ohio,state,month,383,false,NVSS final,D157,2026-09-26 16:26:29
2021,2021-04-01,Oklahoma,state,month,26,false,NVSS final,D157,2026-09-26 16:26:29
2021,2021-04-01,Oregon,state,month,50,false,NVSS final,D157,2026-09-26 16:26:29
2021,2021-04-01,Pennsylvania,state,month,286,false,NVSS final,D157,2026-09-26 16:26:29
2021,2021-04-01,Rhode Island,state,month,29,false,NVSS final,D157,2026-09-26 16:26:29
2021,2021-04-01,South Carolina,state,month,157,false,NVSS final,D157,2026-09-26 16:26:29
2021,2021-04-01,Tennessee,state,month,264,false,NVSS final,D157,2026-09-26 16:26:29
2021,2021-04-01,Texas,state,month,168,false,NVSS final,D157,2026-09-26 16:26:29
2021,2021-04-01,United States,nation,month,6272,false,NVSS final,D157,2026-09-26 16:26:29
2021,2021-04-01,Utah,state,month,18,false,NVSS final,D157,2026-09-26 16:26:29
2021,2021-04-01,Vermont,state,month,15,false,NVSS final,D157,2026-09-26 16:26:29
2021,2021-04-01,Virginia,state,month,182,false,NVSS final,D157,2026-09-26 16:26:29
2021,2021-04-01,Washington,state,month,90,false,NVSS final,D157,2026-09-26 16:26:29
2021,2021-04-01,West Virginia,state,month,131,false,NVSS final,D157,2026-09-26 16:26:29
2021,2021-04-01,Wisconsin,state,month,122,false,NVSS final,D157,2026-09-26 16:26:29
2021,2021-05-01,Alabama,state,month,73,false,NVSS final,D157,2026-09-26 16:26:29
2021,2021-05-01,Alaska,state,month,22,false,NVSS final,D157,2026-09-26 16:26:29
2021,2021-05-01,Arizona,state,month,176,false,NVSS final,D157,2026-09-26 16:26:29
2021,2021-05-01,Arkansas,state,month,33,false,NVSS final,D157,2026-09-26 16:26:29
2021,2021-05-01,California,state,month,516,false,NVSS final,D157,2026-09-26 16:26:29
2021,2021-05-01,Colorado,state,month,82,false,NVSS final,D157,2026-09-26 16:26:29
2021,2021-05-01,Connecticut,state,month,109,false,NVSS final,D157,2026-09-26 16:26:29
2021,2021-05-01,Delaware,state,month,37,false,NVSS final,D157,2026-09-26 16:26:29
2021,2021-05-01,District of Columbia,state,month,37,false,NVSS final,D157,2026-09-26 16:26:29
2021,2021-05-01,Florida,state,month,450,false,NVSS final,D157,2026-09-26 16:26:29
2021,2021-05-01,Georgia,state,month,137,false,NVSS final,D157,2026-09-26 16:26:29
2021,2021-05-01,Idaho,state,month,19,false,NVSS final,D157,2026-09-26 16:26:29
2021,2021-05-01,Illinois,state,month,223,false,NVSS final,D157,2026-09-26 16:26:29
2021,2021-05-01,Indiana,state,month,178,false,NVSS final,D157,2026-09-26 16:26:29
2021,2021-05-01,Iowa,state,month,24,false,NVSS final,D157,2026-09-26 16:26:29
2021,2021-05-01,Kansas,state,month,25,false,NVSS final,D157,2026-09-26 16:26:29
2021,2021-05-01,Kentucky,state,month,149,false,NVSS final,D157,2026-09-26 16:26:29
2021,2021-05-01,Louisiana,state,month,88,false,NVSS final,D157,2026-09-26 16:26:29
2021,2021-05-01,Maine,state,month,43,false,NVSS final,D157,2026-09-26 16:26:29
2021,2021-05-01,Maryland,state,month,205,false,NVSS final,D157,2026-09-26 16:26:29
2021,2021-05-01,Massachusetts,state,month,171,false,NVSS final,D157,2026-09-26 16:26:29
2021,2021-05-01,Michigan,state,month,210,false,NVSS final,D157,2026-09-26 16:26:29
2021,2021-05-01,Minnesota,state,month,72,false,NVSS final,D157,2026-09-26 16:26:29
2021,2021-05-01,Mississippi,state,month,40,false,NVSS final,D157,2026-09-26 16:26:29
2021,2021-05-01,Missouri,state,month,141,false,NVSS final,D157,2026-09-26 16:26:29
2021,2021-05-01,Montana,state,month,11,false,NVSS final,D157,2026-09-26 16:26:29
2021,2021-05-01,Nevada,state,month,22,false,NVSS final,D157,2026-09-26 16:26:29
2021,2021-05-01,New Hampshire,state,month,31,false,NVSS final,D157,2026-09-26 16:26:29
2021,2021-05-01,New Jersey,state,month,187,false,NVSS final,D157,2026-09-26 16:26:29
2021,2021-05-01,New Mexico,state,month,65,false,NVSS final,D157,2026-09-26 16:26:29
2021,2021-05-01,New York,state,month,373,false,NVSS final,D157,2026-09-26 16:26:29
2021,2021-05-01,North Carolina,state,month,281,false,NVSS final,D157,2026-09-26 16:26:29
2021,2021-05-01,Ohio,state,month,365,false,NVSS final,D157,2026-09-26 16:26:29
2021,2021-05-01,Oklahoma,state,month,22,false,NVSS final,D157,2026-09-26 16:26:29
2021,2021-05-01,Oregon,state,month,60,false,NVSS final,D157,2026-09-26 16:26:29
2021,2021-05-01,Pennsylvania,state,month,388,false,NVSS final,D157,2026-09-26 16:26:29
2021,2021-05-01,Rhode Island,state,month,38,false,NVSS final,D157,2026-09-26 16:26:29
2021,2021-05-01,South Carolina,state,month,130,false,NVSS final,D157,2026-09-26 16:26:29
2021,2021-05-01,Tennessee,state,month,229,false,NVSS final,D157,2026-09-26 16:26:29
2021,2021-05-01,Texas,state,month,163,false,NVSS final,D157,2026-09-26 16:26:29
2021,2021-05-01,United States,nation,month,6159,false,NVSS final,D157,2026-09-26 16:26:29
2021,2021-05-01,Utah,state,month,17,false,NVSS final,D157,2026-09-26 16:26:29
2021,2021-05-01,Vermont,state,month,17,false,NVSS final,D157,2026-09-26 16:26:29
2021,2021-05-01,Virginia,state,month,168,false,NVSS final,D157,2026-09-26 16:26:29
2021,2021-05-01,Washington,state,month,87,false,NVSS final,D157,2026-09-26 16:26:29
2021,2021-05-01,West Virginia,state,month,97,false,NVSS final,D157,2026-09-26 16:26:29
2021,2021-05-01,Wisconsin,state,month,126,false,NVSS final,D157,2026-09-26 16:26:29
2021,2021-06-01,Alabama,state,month,63,false,NVSS final,D157,2026-09-26 16:26:29
2021,2021-06-01,Alaska,state,month,11,false,NVSS final,D157,2026-09-26 16:26:29
2021,2021-06-01,Arizona,state,month,160,false,NVSS final,D157,2026-09-26 16:26:29
2021,2021-06-01,Arkansas,state,month,22,false,NVSS final,D157,2026-09-26 16:26:29
2021,2021-06-01,California,state,month,533,false,NVSS final,D157,2026-09-26 16:26:29
2021,2021-06-01,Colorado,state,month,97,false,NVSS final,D157,2026-09-26 16:26:29
2021,2021-06-01,Connecticut,state,month,109,false,NVSS final,D157,2026-09-26 16:26:29
2021,2021-06-01,Delaware,state,month,30,false,NVSS final,D157,2026-09-26 16:26:29
2021,2021-06-01,District of Columbia,state,month,28,false,NVSS final,D157,2026-09-26 16:26:29
2021,2021-06-01,Florida,state,month,506,false,NVSS final,D157,2026-09-26 16:26:29
2021,2021-06-01,Georgia,state,month,126,false,NVSS final,D157,2026-09-26 16:26:29
2021,2021-06-01,Idaho,state,month,16,false,NVSS final,D157,2026-09-26 16:26:29
2021,2021-06-01,Illinois,state,month,230,false,NVSS final,D157,2026-09-26 16:26:29
2021,2021-06-01,Indiana,state,month,137,false,NVSS final,D157,2026-09-26 16:26:29
2021,2021-06-01,Iowa,state,month,17,false,NVSS final,D157,2026-09-26 16:26:29
2021,2021-06-01,Kansas,state,month,21,false,NVSS final,D157,2026-09-26 16:26:29
2021,2021-06-01,Kentucky,state,month,139,false,NVSS final,D157,2026-09-26 16:26:29
2021,2021-06-01,Louisiana,state,month,93,false,NVSS final,D157,2026-09-26 16:26:29
2021,2021-06-01,Maine,state,month,44,false,NVSS final,D157,2026-09-26 16:26:29
2021,2021-06-01,Maryland,state,month,203,false,NVSS final,D157,2026-09-26 16:26:29
2021,2021-06-01,Massachusetts,state,month,177,false,NVSS final,D157,2026-09-26 16:26:29
2021,2021-06-01,Michigan,state,month,186,false,NVSS final,D157,2026-09-26 16:26:29
2021,2021-06-01,Minnesota,state,month,53,false,NVSS final,D157,2026-09-26 16:26:29
2021,2021-06-01,Mississippi,state,month,45,false,NVSS final,D157,2026-09-26 16:26:29
2021,2021-06-01,Missouri,state,month,124,false,NVSS final,D157,2026-09-26 16:26:29
2021,2021-06-01,Nevada,state,month,36,false,NVSS final,D157,2026-09-26 16:26:29
2021,2021-06-01,New Hampshire,state,month,33,false,NVSS final,D157,2026-09-26 16:26:29
2021,2021-06-01,New Jersey,state,month,229,false,NVSS final,D157,2026-09-26 16:26:29
2021,2021-06-01,New Mexico,state,month,55,false,NVSS final,D157,2026-09-26 16:26:29
2021,2021-06-01,New York,state,month,367,false,NVSS final,D157,2026-09-26 16:26:29
2021,2021-06-01,North Carolina,state,month,243,false,NVSS final,D157,2026-09-26 16:26:29
2021,2021-06-01,Ohio,state,month,306,false,NVSS final,D157,2026-09-26 16:26:29
2021,2021-06-01,Oklahoma,state,month,30,false,NVSS final,D157,2026-09-26 16:26:29
2021,2021-06-01,Oregon,state,month,49,false,NVSS final,D157,2026-09-26 16:26:29
2021,2021-06-01,Pennsylvania,state,month,336,false,NVSS final,D157,2026-09-26 16:26:29
2021,2021-06-01,Rhode Island,state,month,20,false,NVSS final,D157,2026-09-26 16:26:29
2021,2021-06-01,South Carolina,state,month,132,false,NVSS final,D157,2026-09-26 16:26:29
2021,2021-06-01,Tennessee,state,month,237,false,NVSS final,D157,2026-09-26 16:26:29
2021,2021-06-01,Texas,state,month,155,false,NVSS final,D157,2026-09-26 16:26:29
2021,2021-06-01,United States,nation,month,5939,false,NVSS final,D157,2026-09-26 16:26:29
2021,2021-06-01,Utah,state,month,19,false,NVSS final,D157,2026-09-26 16:26:29
2021,2021-06-01,Vermont,state,month,14,false,NVSS final,D157,2026-09-26 16:26:29
2021,2021-06-01,Virginia,state,month,172,false,NVSS final,D157,2026-09-26 16:26:29
2021,2021-06-01,Washington,state,month,94,false,NVSS final,D157,2026-09-26 16:26:29
2021,2021-06-01,West Virginia,state,month,88,false,NVSS final,D157,2026-09-26 16:26:29
2021,2021-06-01,Wisconsin,state,month,126,false,NVSS final,D157,2026-09-26 16:26:29
2021,2021-07-01,Alabama,state,month,67,false,NVSS final,D157,2026-09-26 16:26:29
2021,2021-07-01,Alaska,state,month,13,false,NVSS final,D157,2026-09-26 16:26:29
2021,2021-07-01,Arizona,state,month,160,false,NVSS final,D157,2026-09-26 16:26:29
2021,2021-07-01,Arkansas,state,month,18,false,NVSS final,D157,2026-09-26 16:26:29
2021,2021-07-01,California,state,month,524,false,NVSS final,D157,2026-09-26 16:26:29
2021,2021-07-01,Colorado,state,month,92,false,NVSS final,D157,2026-09-26 16:26:29
2021,2021-07-01,Connecticut,state,month,127,false,NVSS final,D157,2026-09-26 16:26:29
2021,2021-07-01,Delaware,state,month,30,false,NVSS final,D157,2026-09-26 16:26:29
2021,2021-07-01,District of Columbia,state,month,29,false,NVSS final,D157,2026-09-26 16:26:29
2021,2021-07-01,Florida,state,month,447,false,NVSS final,D157,2026-09-26 16:26:29
2021,2021-07-01,Georgia,state,month,93,false,NVSS final,D157,2026-09-26 16:26:29
2021,2021-07-01,Idaho,state,month,16,false,NVSS final,D157,2026-09-26 16:26:29
2021,2021-07-01,Illinois,state,month,270,false,NVSS final,D157,2026-09-26 16:26:29
2021,2021-07-01,Indiana,state,month,169,false,NVSS final,D157,2026-09-26 16:26:29
2021,2021-07-01,Iowa,state,month,24,false,NVSS final,D157,2026-09-26 16:26:29
2021,2021-07-01,Kansas,state,month,33,false,NVSS final,D157,2026-09-26 16:26:29
2021,2021-07-01,Kentucky,state,month,138,false,NVSS final,D157,2026-09-26 16:26:29
2021,2021-07-01,Louisiana,state,month,116,false,NVSS final,D157,2026-09-26 16:26:29
2021,2021-07-01,Maine,state,month,31,false,NVSS final,D157,2026-09-26 16:26:29
2021,2021-07-01,Maryland,state,month,221,false,NVSS final,D157,2026-09-26 16:26:29
2021,2021-07-01,Massachusetts,state,month,179,false,NVSS final,D157,2026-09-26 16:26:29
2021,2021-07-01,Michigan,state,month,193,false,NVSS final,D157,2026-09-26 16:26:29
2021,2021-07-01,Minnesota,state,month,74,false,NVSS final,D157,2026-09-26 16:26:29
2021,2021-07-01,Mississippi,state,month,37,false,NVSS final,D157,2026-09-26 16:26:29
2021,2021-07-01,Missouri,state,month,114,false,NVSS final,D157,2026-09-26 16:26:29
2021,2021-07-01,Nevada,state,month,29,false,NVSS final,D157,2026-09-26 16:26:29
2021,2021-07-01,New Hampshire,state,month,26,false,NVSS final,D157,2026-09-26 16:26:29
2021,2021-07-01,New Jersey,state,month,224,false,NVSS final,D157,2026-09-26 16:26:29
2021,2021-07-01,New Mexico,state,month,64,false,NVSS final,D157,2026-09-26 16:26:29
2021,2021-07-01,New York,state,month,380,false,NVSS final,D157,2026-09-26 16:26:29
2021,2021-07-01,North Carolina,state,month,275,false,NVSS final,D157,2026-09-26 16:26:29
2021,2021-07-01,Ohio,state,month,384,false,NVSS final,D157,2026-09-26 16:26:29
2021,2021-07-01,Oklahoma,state,month,25,false,NVSS final,D157,2026-09-26 16:26:29
2021,2021-07-01,Oregon,state,month,50,false,NVSS final,D157,2026-09-26 16:26:29
2021,2021-07-01,Pennsylvania,state,month,336,false,NVSS final,D157,2026-09-26 16:26:29
2021,2021-07-01,Rhode Island,state,month,28,false,NVSS final,D157,2026-09-26 16:26:29
2021,2021-07-01,South Carolina,state,month,119,false,NVSS final,D157,2026-09-26 16:26:29
2021,2021-07-01,Tennessee,state,month,217,false,NVSS final,D157,2026-09-26 16:26:29
2021,2021-07-01,Texas,state,month,145,false,NVSS final,D157,2026-09-26 16:26:29
2021,2021-07-01,United States,nation,month,6076,false,NVSS final,D157,2026-09-26 16:26:29
2021,2021-07-01,Utah,state,month,18,false,NVSS final,D157,2026-09-26 16:26:29
2021,2021-07-01,Vermont,state,month,20,false,NVSS final,D157,2026-09-26 16:26:29
2021,2021-07-01,Virginia,state,month,172,false,NVSS final,D157,2026-09-26 16:26:29
2021,2021-07-01,Washington,state,month,116,false,NVSS final,D157,2026-09-26 16:26:29
2021,2021-07-01,West Virginia,state,month,89,false,NVSS final,D157,2026-09-26 16:26:29
2021,2021-07-01,Wisconsin,state,month,112,false,NVSS final,D157,2026-09-26 16:26:29
2021,2021-08-01,Alabama,state,month,60,false,NVSS final,D157,2026-09-26 16:26:29
2021,2021-08-01,Alaska,state,month,16,false,NVSS final,D157,2026-09-26 16:26:29
2021,2021-08-01,Arizona,state,month,163,false,NVSS final,D157,2026-09-26 16:26:29
2021,2021-08-01,Arkansas,state,month,32,false,NVSS final,D157,2026-09-26 16:26:29
2021,2021-08-01,California,state,month,544,false,NVSS final,D157,2026-09-26 16:26:29
2021,2021-08-01,Colorado,state,month,113,false,NVSS final,D157,2026-09-26 16:26:29
2021,2021-08-01,Connecticut,state,month,128,false,NVSS final,D157,2026-09-26 16:26:29
2021,2021-08-01,Delaware,state,month,32,false,NVSS final,D157,2026-09-26 16:26:29
2021,2021-08-01,District of Columbia,state,month,31,false,NVSS final,D157,2026-09-26 16:26:29
2021,2021-08-01,Florida,state,month,453,false,NVSS final,D157,2026-09-26 16:26:29
2021,2021-08-01,Georgia,state,month,114,false,NVSS final,D157,2026-09-26 16:26:29
2021,2021-08-01,Idaho,state,month,11,false,NVSS final,D157,2026-09-26 16:26:29
2021,2021-08-01,Illinois,state,month,229,false,NVSS final,D157,2026-09-26 16:26:29
2021,2021-08-01,Indiana,state,month,180,false,NVSS final,D157,2026-09-26 16:26:29
2021,2021-08-01,Iowa,state,month,22,false,NVSS final,D157,2026-09-26 16:26:29
2021,2021-08-01,Kansas,state,month,50,false,NVSS final,D157,2026-09-26 16:26:29
2021,2021-08-01,Kentucky,state,month,153,false,NVSS final,D157,2026-09-26 16:26:29
2021,2021-08-01,Louisiana,state,month,96,false,NVSS final,D157,2026-09-26 16:26:29
2021,2021-08-01,Maine,state,month,34,false,NVSS final,D157,2026-09-26 16:26:29
2021,2021-08-01,Maryland,state,month,167,false,NVSS final,D157,2026-09-26 16:26:29
2021,2021-08-01,Massachusetts,state,month,196,false,NVSS final,D157,2026-09-26 16:26:29
2021,2021-08-01,Michigan,state,month,196,false,NVSS final,D157,2026-09-26 16:26:29
2021,2021-08-01,Minnesota,state,month,84,false,NVSS final,D157,2026-09-26 16:26:29
2021,2021-08-01,Mississippi,state,month,36,false,NVSS final,D157,2026-09-26 16:26:29
2021,2021-08-01,Missouri,state,month,122,false,NVSS final,D157,2026-09-26 16:26:29
2021,2021-08-01,Nebraska,state,month,22,false,NVSS final,D157,2026-09-26 16:26:29
2021,2021-08-01,Nevada,state,month,32,false,NVSS final,D157,2026-09-26 16:26:29
2021,2021-08-01,New Hampshire,state,month,29,false,NVSS final,D157,2026-09-26 16:26:29
2021,2021-08-01,New Jersey,state,month,202,false,NVSS final,D157,2026-09-26 16:26:29
2021,2021-08-01,New Mexico,state,month,64,false,NVSS final,D157,2026-09-26 16:26:29
2021,2021-08-01,New York,state,month,420,false,NVSS final,D157,2026-09-26 16:26:29
2021,2021-08-01,North Carolina,state,month,243,false,NVSS final,D157,2026-09-26 16:26:29
2021,2021-08-01,Ohio,state,month,359,false,NVSS final,D157,2026-09-26 16:26:29
2021,2021-08-01,Oklahoma,state,month,18,false,NVSS final,D157,2026-09-26 16:26:29
2021,2021-08-01,Oregon,state,month,41,false,NVSS final,D157,2026-09-26 16:26:29
2021,2021-08-01,Pennsylvania,state,month,326,false,NVSS final,D157,2026-09-26 16:26:29
2021,2021-08-01,Rhode Island,state,month,37,false,NVSS final,D157,2026-09-26 16:26:29
2021,2021-08-01,South Carolina,state,month,121,false,NVSS final,D157,2026-09-26 16:26:29
2021,2021-08-01,Tennessee,state,month,236,false,NVSS final,D157,2026-09-26 16:26:29
2021,2021-08-01,Texas,state,month,163,false,NVSS final,D157,2026-09-26 16:26:29
2021,2021-08-01,United States,nation,month,6150,false,NVSS final,D157,2026-09-26 16:26:29
2021,2021-08-01,Utah,state,month,21,false,NVSS final,D157,2026-09-26 16:26:29
2021,2021-08-01,Vermont,state,month,16,false,NVSS final,D157,2026-09-26 16:26:29
2021,2021-08-01,Virginia,state,month,169,false,NVSS final,D157,2026-09-26 16:26:29
2021,2021-08-01,Washington,state,month,127,false,NVSS final,D157,2026-09-26 16:26:29
2021,2021-08-01,West Virginia,state,month,115,false,NVSS final,D157,2026-09-26 16:26:29
2021,2021-08-01,Wisconsin,state,month,105,false,NVSS final,D157,2026-09-26 16:26:29
2021,2021-09-01,Alabama,state,month,76,false,NVSS final,D157,2026-09-26 16:26:29
2021,2021-09-01,Arizona,state,month,145,false,NVSS final,D157,2026-09-26 16:26:29
2021,2021-09-01,Arkansas,state,month,27,false,NVSS final,D157,2026-09-26 16:26:29
2021,2021-09-01,California,state,month,516,false,NVSS final,D157,2026-09-26 16:26:29
2021,2021-09-01,Colorado,state,month,104,false,NVSS final,D157,2026-09-26 16:26:29
2021,2021-09-01,Connecticut,state,month,112,false,NVSS final,D157,2026-09-26 16:26:29
2021,2021-09-01,Delaware,state,month,25,false,NVSS final,D157,2026-09-26 16:26:29
2021,2021-09-01,District of Columbia,state,month,35,false,NVSS final,D157,2026-09-26 16:26:29
2021,2021-09-01,Florida,state,month,435,false,NVSS final,D157,2026-09-26 16:26:29
2021,2021-09-01,Georgia,state,month,119,false,NVSS final,D157,2026-09-26 16:26:29
2021,2021-09-01,Idaho,state,month,22,false,NVSS final,D157,2026-09-26 16:26:29
2021,2021-09-01,Illinois,state,month,209,false,NVSS final,D157,2026-09-26 16:26:29
2021,2021-09-01,Indiana,state,month,195,false,NVSS final,D157,2026-09-26 16:26:29
2021,2021-09-01,Iowa,state,month,12,false,NVSS final,D157,2026-09-26 16:26:29
2021,2021-09-01,Kansas,state,month,35,false,NVSS final,D157,2026-09-26 16:26:29
2021,2021-09-01,Kentucky,state,month,153,false,NVSS final,D157,2026-09-26 16:26:29
2021,2021-09-01,Louisiana,state,month,119,false,NVSS final,D157,2026-09-26 16:26:29
2021,2021-09-01,Maine,state,month,44,false,NVSS final,D157,2026-09-26 16:26:29
2021,2021-09-01,Maryland,state,month,182,false,NVSS final,D157,2026-09-26 16:26:29
2021,2021-09-01,Massachusetts,state,month,184,false,NVSS final,D157,2026-09-26 16:26:29
2021,2021-09-01,Michigan,state,month,190,false,NVSS final,D157,2026-09-26 16:26:29
2021,2021-09-01,Minnesota,state,month,76,false,NVSS final,D157,2026-09-26 16:26:29
2021,2021-09-01,Mississippi,state,month,34,false,NVSS final,D157,2026-09-26 16:26:29
2021,2021-09-01,Missouri,state,month,107,false,NVSS final,D157,2026-09-26 16:26:29
2021,2021-09-01,Nevada,state,month,24,false,NVSS final,D157,2026-09-26 16:26:29
2021,2021-09-01,New Hampshire,state,month,38,false,NVSS final,D157,2026-09-26 16:26:29
2021,2021-09-01,New Jersey,state,month,207,false,NVSS final,D157,2026-09-26 16:26:29
2021,2021-09-01,New Mexico,state,month,44,false,NVSS final,D157,2026-09-26 16:26:29
2021,2021-09-01,New York,state,month,388,false,NVSS final,D157,2026-09-26 16:26:29
2021,2021-09-01,North Carolina,state,month,238,false,NVSS final,D157,2026-09-26 16:26:29
2021,2021-09-01,Ohio,state,month,343,false,NVSS final,D157,2026-09-26 16:26:29
2021,2021-09-01,Oklahoma,state,month,32,false,NVSS final,D157,2026-09-26 16:26:29
2021,2021-09-01,Oregon,state,month,50,false,NVSS final,D157,2026-09-26 16:26:29
2021,2021-09-01,Pennsylvania,state,month,314,false,NVSS final,D157,2026-09-26 16:26:29
2021,2021-09-01,Rhode Island,state,month,34,false,NVSS final,D157,2026-09-26 16:26:29
2021,2021-09-01,South Carolina,state,month,139,false,NVSS final,D157,2026-09-26 16:26:29
2021,2021-09-01,Tennessee,state,month,246,false,NVSS final,D157,2026-09-26 16:26:29
2021,2021-09-01,Texas,state,month,159,false,NVSS final,D157,2026-09-26 16:26:29
2021,2021-09-01,United States,nation,month,5981,false,NVSS final,D157,2026-09-26 16:26:29
2021,2021-09-01,Utah,state,month,18,false,NVSS final,D157,2026-09-26 16:26:29
2021,2021-09-01,Vermont,state,month,22,false,NVSS final,D157,2026-09-26 16:26:29
2021,2021-09-01,Virginia,state,month,178,false,NVSS final,D157,2026-09-26 16:26:29
2021,2021-09-01,Washington,state,month,119,false,NVSS final,D157,2026-09-26 16:26:29
2021,2021-09-01,West Virginia,state,month,93,false,NVSS final,D157,2026-09-26 16:26:29
2021,2021-09-01,Wisconsin,state,month,102,false,NVSS final,D157,2026-09-26 16:26:29
2021,2021-10-01,Alabama,state,month,80,false,NVSS final,D157,2026-09-26 16:26:29
2021,2021-10-01,Alaska,state,month,18,false,NVSS final,D157,2026-09-26 16:26:29
2021,2021-10-01,Arizona,state,month,142,false,NVSS final,D157,2026-09-26 16:26:29
2021,2021-10-01,Arkansas,state,month,27,false,NVSS final,D157,2026-09-26 16:26:29
2021,2021-10-01,California,state,month,536,false,NVSS final,D157,2026-09-26 16:26:29
2021,2021-10-01,Colorado,state,month,67,false,NVSS final,D157,2026-09-26 16:26:29
2021,2021-10-01,Connecticut,state,month,93,false,NVSS final,D157,2026-09-26 16:26:29
2021,2021-10-01,Delaware,state,month,35,false,NVSS final,D157,2026-09-26 16:26:29
2021,2021-10-01,District of Columbia,state,month,19,false,NVSS final,D157,2026-09-26 16:26:29
2021,2021-10-01,Florida,state,month,446,false,NVSS final,D157,2026-09-26 16:26:29
2021,2021-10-01,Georgia,state,month,132,false,NVSS final,D157,2026-09-26 16:26:29
2021,2021-10-01,Hawaii,state,month,12,false,NVSS final,D157,2026-09-26 16:26:29
2021,2021-10-01,Idaho,state,month,11,false,NVSS final,D157,2026-09-26 16:26:29
2021,2021-10-01,Illinois,state,month,232,false,NVSS final,D157,2026-09-26 16:26:29
2021,2021-10-01,Indiana,state,month,156,false,NVSS final,D157,2026-09-26 16:26:29
2021,2021-10-01,Iowa,state,month,11,false,NVSS final,D157,2026-09-26 16:26:29
2021,2021-10-01,Kansas,state,month,23,false,NVSS final,D157,2026-09-26 16:26:29
2021,2021-10-01,Kentucky,state,month,133,false,NVSS final,D157,2026-09-26 16:26:29
2021,2021-10-01,Louisiana,state,month,89,false,NVSS final,D157,2026-09-26 16:26:29
2021,2021-10-01,Maine,state,month,50,false,NVSS final,D157,2026-09-26 16:26:29
2021,2021-10-01,Maryland,state,month,182,false,NVSS final,D157,2026-09-26 16:26:29
2021,2021-10-01,Massachusetts,state,month,195,false,NVSS final,D157,2026-09-26 16:26:29
2021,2021-10-01,Michigan,state,month,186,false,NVSS final,D157,2026-09-26 16:26:29
2021,2021-10-01,Minnesota,state,month,70,false,NVSS final,D157,2026-09-26 16:26:29
2021,2021-10-01,Mississippi,state,month,37,false,NVSS final,D157,2026-09-26 16:26:29
2021,2021-10-01,Missouri,state,month,124,false,NVSS final,D157,2026-09-26 16:26:29
2021,2021-10-01,Nevada,state,month,32,false,NVSS final,D157,2026-09-26 16:26:29
2021,2021-10-01,New Hampshire,state,month,29,false,NVSS final,D157,2026-09-26 16:26:29
2021,2021-10-01,New Jersey,state,month,233,false,NVSS final,D157,2026-09-26 16:26:29
2021,2021-10-01,New Mexico,state,month,43,false,NVSS final,D157,2026-09-26 16:26:29
2021,2021-10-01,New York,state,month,387,false,NVSS final,D157,2026-09-26 16:26:29
2021,2021-10-01,North Carolina,state,month,260,false,NVSS final,D157,2026-09-26 16:26:29
2021,2021-10-01,Ohio,state,month,343,false,NVSS final,D157,2026-09-26 16:26:29
2021,2021-10-01,Oklahoma,state,month,44,false,NVSS final,D157,2026-09-26 16:26:29
2021,2021-10-01,Oregon,state,month,52,false,NVSS final,D157,2026-09-26 16:26:29
2021,2021-10-01,Pennsylvania,state,month,301,false,NVSS final,D157,2026-09-26 16:26:29
2021,2021-10-01,Rhode Island,state,month,35,false,NVSS final,D157,2026-09-26 16:26:29
2021,2021-10-01,South Carolina,state,month,133,false,NVSS final,D157,2026-09-26 16:26:29
2021,2021-10-01,Tennessee,state,month,248,false,NVSS final,D157,2026-09-26 16:26:29
2021,2021-10-01,Texas,state,month,135,false,NVSS final,D157,2026-09-26 16:26:29
2021,2021-10-01,United States,nation,month,5915,false,NVSS final,D157,2026-09-26 16:26:29
2021,2021-10-01,Utah,state,month,21,false,NVSS final,D157,2026-09-26 16:26:29
2021,2021-10-01,Vermont,state,month,20,false,NVSS final,D157,2026-09-26 16:26:29
2021,2021-10-01,Virginia,state,month,161,false,NVSS final,D157,2026-09-26 16:26:29
2021,2021-10-01,Washington,state,month,116,false,NVSS final,D157,2026-09-26 16:26:29
2021,2021-10-01,West Virginia,state,month,91,false,NVSS final,D157,2026-09-26 16:26:29
2021,2021-10-01,Wisconsin,state,month,107,false,NVSS final,D157,2026-09-26 16:26:29
2021,2021-11-01,Alabama,state,month,54,false,NVSS final,D157,2026-09-26 16:26:29
2021,2021-11-01,Alaska,state,month,15,false,NVSS final,D157,2026-09-26 16:26:29
2021,2021-11-01,Arizona,state,month,129,false,NVSS final,D157,2026-09-26 16:26:29
2021,2021-11-01,Arkansas,state,month,24,false,NVSS final,D157,2026-09-26 16:26:29
2021,2021-11-01,California,state,month,485,false,NVSS final,D157,2026-09-26 16:26:29
2021,2021-11-01,Colorado,state,month,73,false,NVSS final,D157,2026-09-26 16:26:29
2021,2021-11-01,Connecticut,state,month,109,false,NVSS final,D157,2026-09-26 16:26:29
2021,2021-11-01,Delaware,state,month,31,false,NVSS final,D157,2026-09-26 16:26:29
2021,2021-11-01,District of Columbia,state,month,27,false,NVSS final,D157,2026-09-26 16:26:29
2021,2021-11-01,Florida,state,month,412,false,NVSS final,D157,2026-09-26 16:26:29
2021,2021-11-01,Georgia,state,month,110,false,NVSS final,D157,2026-09-26 16:26:29
2021,2021-11-01,Idaho,state,month,17,false,NVSS final,D157,2026-09-26 16:26:29
2021,2021-11-01,Illinois,state,month,243,false,NVSS final,D157,2026-09-26 16:26:29
2021,2021-11-01,Indiana,state,month,193,false,NVSS final,D157,2026-09-26 16:26:29
2021,2021-11-01,Iowa,state,month,11,false,NVSS final,D157,2026-09-26 16:26:29
2021,2021-11-01,Kansas,state,month,25,false,NVSS final,D157,2026-09-26 16:26:29
2021,2021-11-01,Kentucky,state,month,137,false,NVSS final,D157,2026-09-26 16:26:29
2021,2021-11-01,Louisiana,state,month,88,false,NVSS final,D157,2026-09-26 16:26:29
2021,2021-11-01,Maine,state,month,52,false,NVSS final,D157,2026-09-26 16:26:29
2021,2021-11-01,Maryland,state,month,155,false,NVSS final,D157,2026-09-26 16:26:29
2021,2021-11-01,Massachusetts,state,month,163,false,NVSS final,D157,2026-09-26 16:26:29
2021,2021-11-01,Michigan,state,month,175,false,NVSS final,D157,2026-09-26 16:26:29
2021,2021-11-01,Minnesota,state,month,78,false,NVSS final,D157,2026-09-26 16:26:29
2021,2021-11-01,Mississippi,state,month,30,false,NVSS final,D157,2026-09-26 16:26:29
2021,2021-11-01,Missouri,state,month,110,false,NVSS final,D157,2026-09-26 16:26:29
2021,2021-11-01,Nevada,state,month,38,false,NVSS final,D157,2026-09-26 16:26:29
2021,2021-11-01,New Hampshire,state,month,21,false,NVSS final,D157,2026-09-26 16:26:29
2021,2021-11-01,New Jersey,state,month,180,false,NVSS final,D157,2026-09-26 16:26:29
2021,2021-11-01,New Mexico,state,month,51,false,NVSS final,D157,2026-09-26 16:26:29
2021,2021-11-01,New York,state,month,354,false,NVSS final,D157,2026-09-26 16:26:29
2021,2021-11-01,North Carolina,state,month,240,false,NVSS final,D157,2026-09-26 16:26:29
2021,2021-11-01,Ohio,state,month,318,false,NVSS final,D157,2026-09-26 16:26:29
2021,2021-11-01,Oklahoma,state,month,33,false,NVSS final,D157,2026-09-26 16:26:29
2021,2021-11-01,Oregon,state,month,44,false,NVSS final,D157,2026-09-26 16:26:29
2021,2021-11-01,Pennsylvania,state,month,283,false,NVSS final,D157,2026-09-26 16:26:29
2021,2021-11-01,Rhode Island,state,month,28,false,NVSS final,D157,2026-09-26 16:26:29
2021,2021-11-01,South Carolina,state,month,121,false,NVSS final,D157,2026-09-26 16:26:29
2021,2021-11-01,Tennessee,state,month,237,false,NVSS final,D157,2026-09-26 16:26:29
2021,2021-11-01,Texas,state,month,162,false,NVSS final,D157,2026-09-26 16:26:29
2021,2021-11-01,United States,nation,month,5604,false,NVSS final,D157,2026-09-26 16:26:29
2021,2021-11-01,Utah,state,month,19,false,NVSS final,D157,2026-09-26 16:26:29
2021,2021-11-01,Vermont,state,month,19,false,NVSS final,D157,2026-09-26 16:26:29
2021,2021-11-01,Virginia,state,month,163,false,NVSS final,D157,2026-09-26 16:26:29
2021,2021-11-01,Washington,state,month,105,false,NVSS final,D157,2026-09-26 16:26:29
2021,2021-11-01,West Virginia,state,month,101,false,NVSS final,D157,2026-09-26 16:26:29
2021,2021-11-01,Wisconsin,state,month,111,false,NVSS final,D157,2026-09-26 16:26:29
2021,2021-12-01,Alabama,state,month,80,false,NVSS final,D157,2026-09-26 16:26:29
2021,2021-12-01,Arizona,state,month,147,false,NVSS final,D157,2026-09-26 16:26:29
2021,2021-12-01,Arkansas,state,month,30,false,NVSS final,D157,2026-09-26 16:26:29
2021,2021-12-01,California,state,month,480,false,NVSS final,D157,2026-09-26 16:26:29
2021,2021-12-01,Colorado,state,month,75,false,NVSS final,D157,2026-09-26 16:26:29
2021,2021-12-01,Connecticut,state,month,102,false,NVSS final,D157,2026-09-26 16:26:29
2021,2021-12-01,Delaware,state,month,39,false,NVSS final,D157,2026-09-26 16:26:29
2021,2021-12-01,District of Columbia,state,month,27,false,NVSS final,D157,2026-09-26 16:26:29
2021,2021-12-01,Florida,state,month,401,false,NVSS final,D157,2026-09-26 16:26:29
2021,2021-12-01,Georgia,state,month,151,false,NVSS final,D157,2026-09-26 16:26:29
2021,2021-12-01,Idaho,state,month,15,false,NVSS final,D157,2026-09-26 16:26:29
2021,2021-12-01,Illinois,state,month,252,false,NVSS final,D157,2026-09-26 16:26:29
2021,2021-12-01,Indiana,state,month,161,false,NVSS final,D157,2026-09-26 16:26:29
2021,2021-12-01,Iowa,state,month,27,false,NVSS final,D157,2026-09-26 16:26:29
2021,2021-12-01,Kansas,state,month,27,false,NVSS final,D157,2026-09-26 16:26:29
2021,2021-12-01,Kentucky,state,month,141,false,NVSS final,D157,2026-09-26 16:26:29
2021,2021-12-01,Louisiana,state,month,89,false,NVSS final,D157,2026-09-26 16:26:29
2021,2021-12-01,Maine,state,month,38,false,NVSS final,D157,2026-09-26 16:26:29
2021,2021-12-01,Maryland,state,month,182,false,NVSS final,D157,2026-09-26 16:26:29
2021,2021-12-01,Massachusetts,state,month,189,false,NVSS final,D157,2026-09-26 16:26:29
2021,2021-12-01,Michigan,state,month,179,false,NVSS final,D157,2026-09-26 16:26:29
2021,2021-12-01,Minnesota,state,month,89,false,NVSS final,D157,2026-09-26 16:26:29
2021,2021-12-01,Mississippi,state,month,38,false,NVSS final,D157,2026-09-26 16:26:29
2021,2021-12-01,Missouri,state,month,116,false,NVSS final,D157,2026-09-26 16:26:29
2021,2021-12-01,Montana,state,month,11,false,NVSS final,D157,2026-09-26 16:26:29
2021,2021-12-01,Nevada,state,month,26,false,NVSS final,D157,2026-09-26 16:26:29
2021,2021-12-01,New Hampshire,state,month,38,false,NVSS final,D157,2026-09-26 16:26:29
2021,2021-12-01,New Jersey,state,month,189,false,NVSS final,D157,2026-09-26 16:26:29
2021,2021-12-01,New Mexico,state,month,45,false,NVSS final,D157,2026-09-26 16:26:29
2021,2021-12-01,New York,state,month,391,false,NVSS final,D157,2026-09-26 16:26:29
2021,2021-12-01,North Carolina,state,month,280,false,NVSS final,D157,2026-09-26 16:26:29
2021,2021-12-01,Ohio,state,month,330,false,NVSS final,D157,2026-09-26 16:26:29
2021,2021-12-01,Oklahoma,state,month,43,false,NVSS final,D157,2026-09-26 16:26:29
2021,2021-12-01,Oregon,state,month,45,false,NVSS final,D157,2026-09-26 16:26:29
2021,2021-12-01,Pennsylvania,state,month,292,false,NVSS final,D157,2026-09-26 16:26:29
2021,2021-12-01,Rhode Island,state,month,22,false,NVSS final,D157,2026-09-26 16:26:29
2021,2021-12-01,South Carolina,state,month,133,false,NVSS final,D157,2026-09-26 16:26:29
2021,2021-12-01,Tennessee,state,month,222,false,NVSS final,D157,2026-09-26 16:26:29
2021,2021-12-01,Texas,state,month,162,false,NVSS final,D157,2026-09-26 16:26:29
2021,2021-12-01,United States,nation,month,5836,false,NVSS final,D157,2026-09-26 16:26:29
2021,2021-12-01,Utah,state,month,17,false,NVSS final,D157,2026-09-26 16:26:29
2021,2021-12-01,Vermont,state,month,15,false,NVSS final,D157,2026-09-26 16:26:29
2021,2021-12-01,Virginia,state,month,174,false,NVSS final,D157,2026-09-26 16:26:29
2021,2021-12-01,Washington,state,month,108,false,NVSS final,D157,2026-09-26 16:26:29
2021,2021-12-01,West Virginia,state,month,79,false,NVSS final,D157,2026-09-26 16:26:29
2021,2021-12-01,Wisconsin,state,month,106,false,NVSS final,D157,2026-09-26 16:26:29
2022,2022-01-01,Alabama,state,month,49,false,NVSS final,D157,2026-09-26 16:26:29
2022,2022-01-01,Arizona,state,month,126,false,NVSS final,D157,2026-09-26 16:26:29
2022,2022-01-01,Arkansas,state,month,23,false,NVSS final,D157,2026-09-26 16:26:29
2022,2022-01-01,California,state,month,500,false,NVSS final,D157,2026-09-26 16:26:29
2022,2022-01-01,Colorado,state,month,97,false,NVSS final,D157,2026-09-26 16:26:29
2022,2022-01-01,Connecticut,state,month,95,false,NVSS final,D157,2026-09-26 16:26:29
2022,2022-01-01,Delaware,state,month,40,false,NVSS final,D157,2026-09-26 16:26:29
2022,2022-01-01,District of Columbia,state,month,28,false,NVSS final,D157,2026-09-26 16:26:29
2022,2022-01-01,Florida,state,month,395,false,NVSS final,D157,2026-09-26 16:26:29
2022,2022-01-01,Georgia,state,month,134,false,NVSS final,D157,2026-09-26 16:26:29
2022,2022-01-01,Idaho,state,month,25,false,NVSS final,D157,2026-09-26 16:26:29
2022,2022-01-01,Illinois,state,month,278,false,NVSS final,D157,2026-09-26 16:26:29
2022,2022-01-01,Indiana,state,month,166,false,NVSS final,D157,2026-09-26 16:26:29
2022,2022-01-01,Iowa,state,month,18,false,NVSS final,D157,2026-09-26 16:26:29
2022,2022-01-01,Kansas,state,month,27,false,NVSS final,D157,2026-09-26 16:26:29
2022,2022-01-01,Kentucky,state,month,111,false,NVSS final,D157,2026-09-26 16:26:29
2022,2022-01-01,Louisiana,state,month,105,false,NVSS final,D157,2026-09-26 16:26:29
2022,2022-01-01,Maine,state,month,30,false,NVSS final,D157,2026-09-26 16:26:29
2022,2022-01-01,Maryland,state,month,194,false,NVSS final,D157,2026-09-26 16:26:29
2022,2022-01-01,Massachusetts,state,month,170,false,NVSS final,D157,2026-09-26 16:26:29
2022,2022-01-01,Michigan,state,month,190,false,NVSS final,D157,2026-09-26 16:26:29
2022,2022-01-01,Minnesota,state,month,84,false,NVSS final,D157,2026-09-26 16:26:29
2022,2022-01-01,Mississippi,state,month,54,false,NVSS final,D157,2026-09-26 16:26:29
2022,2022-01-01,Missouri,state,month,125,false,NVSS final,D157,2026-09-26 16:26:29
2022,2022-01-01,Montana,state,month,10,false,NVSS final,D157,2026-09-26 16:26:29
2022,2022-01-01,Nevada,state,month,34,false,NVSS final,D157,2026-09-26 16:26:29
2022,2022-01-01,New Hampshire,state,month,36,false,NVSS final,D157,2026-09-26 16:26:29
2022,2022-01-01,New Jersey,state,month,243,false,NVSS final,D157,2026-09-26 16:26:29
2022,2022-01-01,New Mexico,state,month,53,false,NVSS final,D157,2026-09-26 16:26:29
2022,2022-01-01,New York,state,month,407,false,NVSS final,D157,2026-09-26 16:26:29
2022,2022-01-01,North Carolina,state,month,260,false,NVSS final,D157,2026-09-26 16:26:29
2022,2022-01-01,Ohio,state,month,334,false,NVSS final,D157,2026-09-26 16:26:29
2022,2022-01-01,Oklahoma,state,month,50,false,NVSS final,D157,2026-09-26 16:26:29
2022,2022-01-01,Oregon,state,month,55,false,NVSS final,D157,2026-09-26 16:26:29
2022,2022-01-01,Pennsylvania,state,month,310,false,NVSS final,D157,2026-09-26 16:26:29
2022,2022-01-01,Rhode Island,state,month,31,false,NVSS final,D157,2026-09-26 16:26:29
2022,2022-01-01,South Carolina,state,month,141,false,NVSS final,D157,2026-09-26 16:26:29
2022,2022-01-01,Tennessee,state,month,190,false,NVSS final,D157,2026-09-26 16:26:29
2022,2022-01-01,Texas,state,month,165,false,NVSS final,D157,2026-09-26 16:26:29
2022,2022-01-01,United States,nation,month,5960,false,NVSS final,D157,2026-09-26 16:26:29
2022,2022-01-01,Utah,state,month,21,false,NVSS final,D157,2026-09-26 16:26:29
2022,2022-01-01,Vermont,state,month,19,false,NVSS final,D157,2026-09-26 16:26:29
2022,2022-01-01,Virginia,state,month,148,false,NVSS final,D157,2026-09-26 16:26:29
2022,2022-01-01,Washington,state,month,129,false,NVSS final,D157,2026-09-26 16:26:29
2022,2022-01-01,West Virginia,state,month,92,false,NVSS final,D157,2026-09-26 16:26:29
2022,2022-01-01,Wisconsin,state,month,140,false,NVSS final,D157,2026-09-26 16:26:29
2022,2022-02-01,Alabama,state,month,90,false,NVSS final,D157,2026-09-26 16:26:29
2022,2022-02-01,Alaska,state,month,12,false,NVSS final,D157,2026-09-26 16:26:29
2022,2022-02-01,Arizona,state,month,121,false,NVSS final,D157,2026-09-26 16:26:29
2022,2022-02-01,Arkansas,state,month,31,false,NVSS final,D157,2026-09-26 16:26:29
2022,2022-02-01,California,state,month,516,false,NVSS final,D157,2026-09-26 16:26:29
2022,2022-02-01,Colorado,state,month,89,false,NVSS final,D157,2026-09-26 16:26:29
2022,2022-02-01,Connecticut,state,month,86,false,NVSS final,D157,2026-09-26 16:26:29
2022,2022-02-01,Delaware,state,month,32,false,NVSS final,D157,2026-09-26 16:26:29
2022,2022-02-01,District of Columbia,state,month,23,false,NVSS final,D157,2026-09-26 16:26:29
2022,2022-02-01,Florida,state,month,399,false,NVSS final,D157,2026-09-26 16:26:29
2022,2022-02-01,Georgia,state,month,131,false,NVSS final,D157,2026-09-26 16:26:29
2022,2022-02-01,Idaho,state,month,10,false,NVSS final,D157,2026-09-26 16:26:29
2022,2022-02-01,Illinois,state,month,227,false,NVSS final,D157,2026-09-26 16:26:29
2022,2022-02-01,Indiana,state,month,194,false,NVSS final,D157,2026-09-26 16:26:29
2022,2022-02-01,Iowa,state,month,21,false,NVSS final,D157,2026-09-26 16:26:29
2022,2022-02-01,Kansas,state,month,27,false,NVSS final,D157,2026-09-26 16:26:29
2022,2022-02-01,Kentucky,state,month,135,false,NVSS final,D157,2026-09-26 16:26:29
2022,2022-02-01,Louisiana,state,month,91,false,NVSS final,D157,2026-09-26 16:26:29
2022,2022-02-01,Maine,state,month,38,false,NVSS final,D157,2026-09-26 16:26:29
2022,2022-02-01,Maryland,state,month,181,false,NVSS final,D157,2026-09-26 16:26:29
2022,2022-02-01,Massachusetts,state,month,180,false,NVSS final,D157,2026-09-26 16:26:29
2022,2022-02-01,Michigan,state,month,174,false,NVSS final,D157,2026-09-26 16:26:29
2022,2022-02-01,Minnesota,state,month,53,false,NVSS final,D157,2026-09-26 16:26:29
2022,2022-02-01,Mississippi,state,month,40,false,NVSS final,D157,2026-09-26 16:26:29
2022,2022-02-01,Missouri,state,month,111,false,NVSS final,D157,2026-09-26 16:26:29
2022,2022-02-01,Montana,state,month,10,false,NVSS final,D157,2026-09-26 16:26:29
2022,2022-02-01,Nebraska,state,month,11,false,NVSS final,D157,2026-09-26 16:26:29
2022,2022-02-01,Nevada,state,month,36,false,NVSS final,D157,2026-09-26 16:26:29
2022,2022-02-01,New Hampshire,state,month,35,false,NVSS final,D157,2026-09-26 16:26:29
2022,2022-02-01,New Jersey,state,month,204,false,NVSS final,D157,2026-09-26 16:26:29
2022,2022-02-01,New Mexico,state,month,72,false,NVSS final,D157,2026-09-26 16:26:29
2022,2022-02-01,New York,state,month,357,false,NVSS final,D157,2026-09-26 16:26:29
2022,2022-02-01,North Carolina,state,month,254,false,NVSS final,D157,2026-09-26 16:26:29
2022,2022-02-01,Ohio,state,month,293,false,NVSS final,D157,2026-09-26 16:26:29
2022,2022-02-01,Oklahoma,state,month,56,false,NVSS final,D157,2026-09-26 16:26:29
2022,2022-02-01,Oregon,state,month,61,false,NVSS final,D157,2026-09-26 16:26:29
2022,2022-02-01,Pennsylvania,state,month,274,false,NVSS final,D157,2026-09-26 16:26:29
2022,2022-02-01,Rhode Island,state,month,25,false,NVSS final,D157,2026-09-26 16:26:29
2022,2022-02-01,South Carolina,state,month,137,false,NVSS final,D157,2026-09-26 16:26:29
2022,2022-02-01,Tennessee,state,month,229,false,NVSS final,D157,2026-09-26 16:26:29
2022,2022-02-01,Texas,state,month,196,false,NVSS final,D157,2026-09-26 16:26:29
2022,2022-02-01,United States,nation,month,5797,false,NVSS final,D157,2026-09-26 16:26:29
2022,2022-02-01,Utah,state,month,14,false,NVSS final,D157,2026-09-26 16:26:29
2022,2022-02-01,Vermont,state,month,12,false,NVSS final,D157,2026-09-26 16:26:29
2022,2022-02-01,Virginia,state,month,165,false,NVSS final,D157,2026-09-26 16:26:29
2022,2022-02-01,Washington,state,month,122,false,NVSS final,D157,2026-09-26 16:26:29
2022,2022-02-01,West Virginia,state,month,88,false,NVSS final,D157,2026-09-26 16:26:29
2022,2022-02-01,Wisconsin,state,month,116,false,NVSS final,D157,2026-09-26 16:26:29
2022,2022-03-01,Alabama,state,month,82,false,NVSS final,D157,2026-09-26 16:26:29
2022,2022-03-01,Alaska,state,month,19,false,NVSS final,D157,2026-09-26 16:26:29
2022,2022-03-01,Arizona,state,month,145,false,NVSS final,D157,2026-09-26 16:26:29
2022,2022-03-01,Arkansas,state,month,42,false,NVSS final,D157,2026-09-26 16:26:29
2022,2022-03-01,California,state,month,537,false,NVSS final,D157,2026-09-26 16:26:29
2022,2022-03-01,Colorado,state,month,66,false,NVSS final,D157,2026-09-26 16:26:29
2022,2022-03-01,Connecticut,state,month,113,false,NVSS final,D157,2026-09-26 16:26:29
2022,2022-03-01,Delaware,state,month,38,false,NVSS final,D157,2026-09-26 16:26:29
2022,2022-03-01,District of Columbia,state,month,22,false,NVSS final,D157,2026-09-26 16:26:29
2022,2022-03-01,Florida,state,month,488,false,NVSS final,D157,2026-09-26 16:26:29
2022,2022-03-01,Georgia,state,month,133,false,NVSS final,D157,2026-09-26 16:26:29
2022,2022-03-01,Idaho,state,month,19,false,NVSS final,D157,2026-09-26 16:26:29
2022,2022-03-01,Illinois,state,month,239,false,NVSS final,D157,2026-09-26 16:26:29
2022,2022-03-01,Indiana,state,month,161,false,NVSS final,D157,2026-09-26 16:26:29
2022,2022-03-01,Iowa,state,month,25,false,NVSS final,D157,2026-09-26 16:26:29
2022,2022-03-01,Kansas,state,month,39,false,NVSS final,D157,2026-09-26 16:26:29
2022,2022-03-01,Kentucky,state,month,129,false,NVSS final,D157,2026-09-26 16:26:29
2022,2022-03-01,Louisiana,state,month,105,false,NVSS final,D157,2026-09-26 16:26:29
2022,2022-03-01,Maine,state,month,52,false,NVSS final,D157,2026-09-26 16:26:29
2022,2022-03-01,Maryland,state,month,181,false,NVSS final,D157,2026-09-26 16:26:29
2022,2022-03-01,Massachusetts,state,month,193,false,NVSS final,D157,2026-09-26 16:26:29
2022,2022-03-01,Michigan,state,month,184,false,NVSS final,D157,2026-09-26 16:26:29
2022,2022-03-01,Minnesota,state,month,83,false,NVSS final,D157,2026-09-26 16:26:29
2022,2022-03-01,Mississippi,state,month,46,false,NVSS final,D157,2026-09-26 16:26:29
2022,2022-03-01,Missouri,state,month,111,false,NVSS final,D157,2026-09-26 16:26:29
2022,2022-03-01,Montana,state,month,11,false,NVSS final,D157,2026-09-26 16:26:29
2022,2022-03-01,Nevada,state,month,28,false,NVSS final,D157,2026-09-26 16:26:29
2022,2022-03-01,New Hampshire,state,month,34,false,NVSS final,D157,2026-09-26 16:26:29
2022,2022-03-01,New Jersey,state,month,207,false,NVSS final,D157,2026-09-26 16:26:29
2022,2022-03-01,New Mexico,state,month,50,false,NVSS final,D157,2026-09-26 16:26:29
2022,2022-03-01,New York,state,month,398,false,NVSS final,D157,2026-09-26 16:26:29
2022,2022-03-01,North Carolina,state,month,303,false,NVSS final,D157,2026-09-26 16:26:29
2022,2022-03-01,Ohio,state,month,356,false,NVSS final,D157,2026-09-26 16:26:29
2022,2022-03-01,Oklahoma,state,month,48,false,NVSS final,D157,2026-09-26 16:26:29
2022,2022-03-01,Oregon,state,month,55,false,NVSS final,D157,2026-09-26 16:26:29
2022,2022-03-01,Pennsylvania,state,month,339,false,NVSS final,D157,2026-09-26 16:26:29
2022,2022-03-01,Rhode Island,state,month,34,false,NVSS final,D157,2026-09-26 16:26:29
2022,2022-03-01,South Carolina,state,month,135,false,NVSS final,D157,2026-09-26 16:26:29
2022,2022-03-01,Tennessee,state,month,278,false,NVSS final,D157,2026-09-26 16:26:29
2022,2022-03-01,Texas,state,month,201,false,NVSS final,D157,2026-09-26 16:26:29
2022,2022-03-01,United States,nation,month,6305,false,NVSS final,D157,2026-09-26 16:26:29
2022,2022-03-01,Utah,state,month,23,false,NVSS final,D157,2026-09-26 16:26:29
2022,2022-03-01,Vermont,state,month,13,false,NVSS final,D157,2026-09-26 16:26:29
2022,2022-03-01,Virginia,state,month,179,false,NVSS final,D157,2026-09-26 16:26:29
2022,2022-03-01,Washington,state,month,135,false,NVSS final,D157,2026-09-26 16:26:29
2022,2022-03-01,West Virginia,state,month,86,false,NVSS final,D157,2026-09-26 16:26:29
2022,2022-03-01,Wisconsin,state,month,111,false,NVSS final,D157,2026-09-26 16:26:29
2022,2022-04-01,Alabama,state,month,81,false,NVSS final,D157,2026-09-26 16:26:29
2022,2022-04-01,Arizona,state,month,132,false,NVSS final,D157,2026-09-26 16:26:29
2022,2022-04-01,Arkansas,state,month,19,false,NVSS final,D157,2026-09-26 16:26:29
2022,2022-04-01,California,state,month,535,false,NVSS final,D157,2026-09-26 16:26:29
2022,2022-04-01,Colorado,state,month,72,false,NVSS final,D157,2026-09-26 16:26:29
2022,2022-04-01,Connecticut,state,month,103,false,NVSS final,D157,2026-09-26 16:26:29
2022,2022-04-01,Delaware,state,month,38,false,NVSS final,D157,2026-09-26 16:26:29
2022,2022-04-01,District of Columbia,state,month,27,false,NVSS final,D157,2026-09-26 16:26:29
2022,2022-04-01,Florida,state,month,415,false,NVSS final,D157,2026-09-26 16:26:29
2022,2022-04-01,Georgia,state,month,162,false,NVSS final,D157,2026-09-26 16:26:29
2022,2022-04-01,Idaho,state,month,15,false,NVSS final,D157,2026-09-26 16:26:29
2022,2022-04-01,Illinois,state,month,226,false,NVSS final,D157,2026-09-26 16:26:29
2022,2022-04-01,Indiana,state,month,137,false,NVSS final,D157,2026-09-26 16:26:29
2022,2022-04-01,Iowa,state,month,18,false,NVSS final,D157,2026-09-26 16:26:29
2022,2022-04-01,Kansas,state,month,36,false,NVSS final,D157,2026-09-26 16:26:29
2022,2022-04-01,Kentucky,state,month,130,false,NVSS final,D157,2026-09-26 16:26:29
2022,2022-04-01,Louisiana,state,month,102,false,NVSS final,D157,2026-09-26 16:26:29
2022,2022-04-01,Maine,state,month,42,false,NVSS final,D157,2026-09-26 16:26:29
2022,2022-04-01,Maryland,state,month,155,false,NVSS final,D157,2026-09-26 16:26:29
2022,2022-04-01,Massachusetts,state,month,187,false,NVSS final,D157,2026-09-26 16:26:29
2022,2022-04-01,Michigan,state,month,174,false,NVSS final,D157,2026-09-26 16:26:29
2022,2022-04-01,Minnesota,state,month,65,false,NVSS final,D157,2026-09-26 16:26:29
2022,2022-04-01,Mississippi,state,month,36,false,NVSS final,D157,2026-09-26 16:26:29
2022,2022-04-01,Missouri,state,month,124,false,NVSS final,D157,2026-09-26 16:26:29
2022,2022-04-01,Nevada,state,month,37,false,NVSS final,D157,2026-09-26 16:26:29
2022,2022-04-01,New Hampshire,state,month,33,false,NVSS final,D157,2026-09-26 16:26:29
2022,2022-04-01,New Jersey,state,month,216,false,NVSS final,D157,2026-09-26 16:26:29
2022,2022-04-01,New Mexico,state,month,54,false,NVSS final,D157,2026-09-26 16:26:29
2022,2022-04-01,New York,state,month,377,false,NVSS final,D157,2026-09-26 16:26:29
2022,2022-04-01,North Carolina,state,month,312,false,NVSS final,D157,2026-09-26 16:26:29
2022,2022-04-01,Ohio,state,month,308,false,NVSS final,D157,2026-09-26 16:26:29
2022,2022-04-01,Oklahoma,state,month,43,false,NVSS final,D157,2026-09-26 16:26:29
2022,2022-04-01,Oregon,state,month,56,false,NVSS final,D157,2026-09-26 16:26:29
2022,2022-04-01,Pennsylvania,state,month,300,false,NVSS final,D157,2026-09-26 16:26:29
2022,2022-04-01,Rhode Island,state,month,25,false,NVSS final,D157,2026-09-26 16:26:29
2022,2022-04-01,South Carolina,state,month,128,false,NVSS final,D157,2026-09-26 16:26:29
2022,2022-04-01,Tennessee,state,month,226,false,NVSS final,D157,2026-09-26 16:26:29
2022,2022-04-01,Texas,state,month,205,false,NVSS final,D157,2026-09-26 16:26:29
2022,2022-04-01,United States,nation,month,5875,false,NVSS final,D157,2026-09-26 16:26:29
2022,2022-04-01,Utah,state,month,13,false,NVSS final,D157,2026-09-26 16:26:29
2022,2022-04-01,Vermont,state,month,18,false,NVSS final,D157,2026-09-26 16:26:29
2022,2022-04-01,Virginia,state,month,136,false,NVSS final,D157,2026-09-26 16:26:29
2022,2022-04-01,Washington,state,month,119,false,NVSS final,D157,2026-09-26 16:26:29
2022,2022-04-01,West Virginia,state,month,82,false,NVSS final,D157,2026-09-26 16:26:29
2022,2022-04-01,Wisconsin,state,month,119,false,NVSS final,D157,2026-09-26 16:26:29
2022,2022-05-01,Alabama,state,month,97,false,NVSS final,D157,2026-09-26 16:26:29
2022,2022-05-01,Alaska,state,month,10,false,NVSS final,D157,2026-09-26 16:26:29
2022,2022-05-01,Arizona,state,month,136,false,NVSS final,D157,2026-09-26 16:26:29
2022,2022-05-01,Arkansas,state,month,26,false,NVSS final,D157,2026-09-26 16:26:29
2022,2022-05-01,California,state,month,533,false,NVSS final,D157,2026-09-26 16:26:29
2022,2022-05-01,Colorado,state,month,81,false,NVSS final,D157,2026-09-26 16:26:29
2022,2022-05-01,Connecticut,state,month,111,false,NVSS final,D157,2026-09-26 16:26:29
2022,2022-05-01,Delaware,state,month,51,false,NVSS final,D157,2026-09-26 16:26:29
2022,2022-05-01,District of Columbia,state,month,25,false,NVSS final,D157,2026-09-26 16:26:29
2022,2022-05-01,Florida,state,month,437,false,NVSS final,D157,2026-09-26 16:26:29
2022,2022-05-01,Georgia,state,month,133,false,NVSS final,D157,2026-09-26 16:26:29
2022,2022-05-01,Illinois,state,month,239,false,NVSS final,D157,2026-09-26 16:26:29
2022,2022-05-01,Indiana,state,month,138,false,NVSS final,D157,2026-09-26 16:26:29
2022,2022-05-01,Iowa,state,month,14,false,NVSS final,D157,2026-09-26 16:26:29
2022,2022-05-01,Kansas,state,month,33,false,NVSS final,D157,2026-09-26 16:26:29
2022,2022-05-01,Kentucky,state,month,137,false,NVSS final,D157,2026-09-26 16:26:29
2022,2022-05-01,Louisiana,state,month,114,false,NVSS final,D157,2026-09-26 16:26:29
2022,2022-05-01,Maine,state,month,36,false,NVSS final,D157,2026-09-26 16:26:29
2022,2022-05-01,Maryland,state,month,156,false,NVSS final,D157,2026-09-26 16:26:29
2022,2022-05-01,Massachusetts,state,month,177,false,NVSS final,D157,2026-09-26 16:26:29
2022,2022-05-01,Michigan,state,month,178,false,NVSS final,D157,2026-09-26 16:26:29
2022,2022-05-01,Minnesota,state,month,81,false,NVSS final,D157,2026-09-26 16:26:29
2022,2022-05-01,Mississippi,state,month,56,false,NVSS final,D157,2026-09-26 16:26:29
2022,2022-05-01,Missouri,state,month,117,false,NVSS final,D157,2026-09-26 16:26:29
2022,2022-05-01,Montana,state,month,14,false,NVSS final,D157,2026-09-26 16:26:29
2022,2022-05-01,Nevada,state,month,28,false,NVSS final,D157,2026-09-26 16:26:29
2022,2022-05-01,New Hampshire,state,month,31,false,NVSS final,D157,2026-09-26 16:26:29
2022,2022-05-01,New Jersey,state,month,201,false,NVSS final,D157,2026-09-26 16:26:29
2022,2022-05-01,New Mexico,state,month,54,false,NVSS final,D157,2026-09-26 16:26:29
2022,2022-05-01,New York,state,month,410,false,NVSS final,D157,2026-09-26 16:26:29
2022,2022-05-01,North Carolina,state,month,271,false,NVSS final,D157,2026-09-26 16:26:29
2022,2022-05-01,Ohio,state,month,309,false,NVSS final,D157,2026-09-26 16:26:29
2022,2022-05-01,Oklahoma,state,month,49,false,NVSS final,D157,2026-09-26 16:26:29
2022,2022-05-01,Oregon,state,month,70,false,NVSS final,D157,2026-09-26 16:26:29
2022,2022-05-01,Pennsylvania,state,month,298,false,NVSS final,D157,2026-09-26 16:26:29
2022,2022-05-01,Rhode Island,state,month,35,false,NVSS final,D157,2026-09-26 16:26:29
2022,2022-05-01,South Carolina,state,month,122,false,NVSS final,D157,2026-09-26 16:26:29
2022,2022-05-01,Tennessee,state,month,217,false,NVSS final,D157,2026-09-26 16:26:29
2022,2022-05-01,Texas,state,month,197,false,NVSS final,D157,2026-09-26 16:26:29
2022,2022-05-01,United States,nation,month,6013,false,NVSS final,D157,2026-09-26 16:26:29
2022,2022-05-01,Utah,state,month,15,false,NVSS final,D157,2026-09-26 16:26:29
2022,2022-05-01,Vermont,state,month,16,false,NVSS final,D157,2026-09-26 16:26:29
2022,2022-05-01,Virginia,state,month,180,false,NVSS final,D157,2026-09-26 16:26:29
2022,2022-05-01,Washington,state,month,146,false,NVSS final,D157,2026-09-26 16:26:29
2022,2022-05-01,West Virginia,state,month,90,false,NVSS final,D157,2026-09-26 16:26:29
2022,2022-05-01,Wisconsin,state,month,112,false,NVSS final,D157,2026-09-26 16:26:29
2022,2022-06-01,Alabama,state,month,80,false,NVSS final,D157,2026-09-26 16:26:29
2022,2022-06-01,Alaska,state,month,16,false,NVSS final,D157,2026-09-26 16:26:29
2022,2022-06-01,Arizona,state,month,150,false,NVSS final,D157,2026-09-26 16:26:29
2022,2022-06-01,Arkansas,state,month,21,false,NVSS final,D157,2026-09-26 16:26:29
2022,2022-06-01,California,state,month,529,false,NVSS final,D157,2026-09-26 16:26:29
2022,2022-06-01,Colorado,state,month,59,false,NVSS final,D157,2026-09-26 16:26:29
2022,2022-06-01,Connecticut,state,month,99,false,NVSS final,D157,2026-09-26 16:26:29
2022,2022-06-01,Delaware,state,month,45,false,NVSS final,D157,2026-09-26 16:26:29
2022,2022-06-01,District of Columbia,state,month,31,false,NVSS final,D157,2026-09-26 16:26:29
2022,2022-06-01,Florida,state,month,430,false,NVSS final,D157,2026-09-26 16:26:29
2022,2022-06-01,Georgia,state,month,145,false,NVSS final,D157,2026-09-26 16:26:29
2022,2022-06-01,Idaho,state,month,17,false,NVSS final,D157,2026-09-26 16:26:29
2022,2022-06-01,Illinois,state,month,220,false,NVSS final,D157,2026-09-26 16:26:29
2022,2022-06-01,Indiana,state,month,143,false,NVSS final,D157,2026-09-26 16:26:29
2022,2022-06-01,Iowa,state,month,16,false,NVSS final,D157,2026-09-26 16:26:29
2022,2022-06-01,Kansas,state,month,30,false,NVSS final,D157,2026-09-26 16:26:29
2022,2022-06-01,Kentucky,state,month,150,false,NVSS final,D157,2026-09-26 16:26:29
2022,2022-06-01,Louisiana,state,month,101,false,NVSS final,D157,2026-09-26 16:26:29
2022,2022-06-01,Maine,state,month,54,false,NVSS final,D157,2026-09-26 16:26:29
2022,2022-06-01,Maryland,state,month,159,false,NVSS final,D157,2026-09-26 16:26:29
2022,2022-06-01,Massachusetts,state,month,188,false,NVSS final,D157,2026-09-26 16:26:29
2022,2022-06-01,Michigan,state,month,181,false,NVSS final,D157,2026-09-26 16:26:29
2022,2022-06-01,Minnesota,state,month,71,false,NVSS final,D157,2026-09-26 16:26:29
2022,2022-06-01,Mississippi,state,month,34,false,NVSS final,D157,2026-09-26 16:26:29
2022,2022-06-01,Missouri,state,month,126,false,NVSS final,D157,2026-09-26 16:26:29
2022,2022-06-01,Nebraska,state,month,15,false,NVSS final,D157,2026-09-26 16:26:29
2022,2022-06-01,Nevada,state,month,31,false,NVSS final,D157,2026-09-26 16:26:29
2022,2022-06-01,New Hampshire,state,month,38,false,NVSS final,D157,2026-09-26 16:26:29
2022,2022-06-01,New Jersey,state,month,195,false,NVSS final,D157,2026-09-26 16:26:29
2022,2022-06-01,New Mexico,state,month,49,false,NVSS final,D157,2026-09-26 16:26:29
2022,2022-06-01,New York,state,month,403,false,NVSS final,D157,2026-09-26 16:26:29
2022,2022-06-01,North Carolina,state,month,296,false,NVSS final,D157,2026-09-26 16:26:29
2022,2022-06-01,North Dakota,state,month,11,false,NVSS final,D157,2026-09-26 16:26:29
2022,2022-06-01,Ohio,state,month,308,false,NVSS final,D157,2026-09-26 16:26:29
2022,2022-06-01,Oklahoma,state,month,52,false,NVSS final,D157,2026-09-26 16:26:29
2022,2022-06-01,Oregon,state,month,58,false,NVSS final,D157,2026-09-26 16:26:29
2022,2022-06-01,Pennsylvania,state,month,305,false,NVSS final,D157,2026-09-26 16:26:29
2022,2022-06-01,Rhode Island,state,month,22,false,NVSS final,D157,2026-09-26 16:26:29
2022,2022-06-01,South Carolina,state,month,139,false,NVSS final,D157,2026-09-26 16:26:29
2022,2022-06-01,Tennessee,state,month,206,false,NVSS final,D157,2026-09-26 16:26:29
2022,2022-06-01,Texas,state,month,190,false,NVSS final,D157,2026-09-26 16:26:29
2022,2022-06-01,United States,nation,month,5957,false,NVSS final,D157,2026-09-26 16:26:29
2022,2022-06-01,Utah,state,month,12,false,NVSS final,D157,2026-09-26 16:26:29
2022,2022-06-01,Vermont,state,month,17,false,NVSS final,D157,2026-09-26 16:26:29
2022,2022-06-01,Virginia,state,month,163,false,NVSS final,D157,2026-09-26 16:26:29
2022,2022-06-01,Washington,state,month,145,false,NVSS final,D157,2026-09-26 16:26:29
2022,2022-06-01,West Virginia,state,month,84,false,NVSS final,D157,2026-09-26 16:26:29
2022,2022-06-01,Wisconsin,state,month,113,false,NVSS final,D157,2026-09-26 16:26:29
2022,2022-07-01,Alabama,state,month,103,false,NVSS final,D157,2026-09-26 16:26:29
2022,2022-07-01,Alaska,state,month,14,false,NVSS final,D157,2026-09-26 16:26:29
2022,2022-07-01,Arizona,state,month,198,false,NVSS final,D157,2026-09-26 16:26:29
2022,2022-07-01,Arkansas,state,month,31,false,NVSS final,D157,2026-09-26 16:26:29
2022,2022-07-01,California,state,month,566,false,NVSS final,D157,2026-09-26 16:26:29
2022,2022-07-01,Colorado,state,month,82,false,NVSS final,D157,2026-09-26 16:26:29
2022,2022-07-01,Connecticut,state,month,105,false,NVSS final,D157,2026-09-26 16:26:29
2022,2022-07-01,Delaware,state,month,30,false,NVSS final,D157,2026-09-26 16:26:29
2022,2022-07-01,District of Columbia,state,month,27,false,NVSS final,D157,2026-09-26 16:26:29
2022,2022-07-01,Florida,state,month,452,false,NVSS final,D157,2026-09-26 16:26:29
2022,2022-07-01,Georgia,state,month,154,false,NVSS final,D157,2026-09-26 16:26:29
2022,2022-07-01,Idaho,state,month,18,false,NVSS final,D157,2026-09-26 16:26:29
2022,2022-07-01,Illinois,state,month,218,false,NVSS final,D157,2026-09-26 16:26:29
2022,2022-07-01,Indiana,state,month,194,false,NVSS final,D157,2026-09-26 16:26:29
2022,2022-07-01,Iowa,state,month,14,false,NVSS final,D157,2026-09-26 16:26:29
2022,2022-07-01,Kansas,state,month,36,false,NVSS final,D157,2026-09-26 16:26:29
2022,2022-07-01,Kentucky,state,month,136,false,NVSS final,D157,2026-09-26 16:26:29
2022,2022-07-01,Louisiana,state,month,95,false,NVSS final,D157,2026-09-26 16:26:29
2022,2022-07-01,Maine,state,month,57,false,NVSS final,D157,2026-09-26 16:26:29
2022,2022-07-01,Maryland,state,month,161,false,NVSS final,D157,2026-09-26 16:26:29
2022,2022-07-01,Massachusetts,state,month,197,false,NVSS final,D157,2026-09-26 16:26:29
2022,2022-07-01,Michigan,state,month,183,false,NVSS final,D157,2026-09-26 16:26:29
2022,2022-07-01,Minnesota,state,month,79,false,NVSS final,D157,2026-09-26 16:26:29
2022,2022-07-01,Mississippi,state,month,32,false,NVSS final,D157,2026-09-26 16:26:29
2022,2022-07-01,Missouri,state,month,118,false,NVSS final,D157,2026-09-26 16:26:29
2022,2022-07-01,Nevada,state,month,43,false,NVSS final,D157,2026-09-26 16:26:29
2022,2022-07-01,New Hampshire,state,month,37,false,NVSS final,D157,2026-09-26 16:26:29
2022,2022-07-01,New Jersey,state,month,198,false,NVSS final,D157,2026-09-26 16:26:29
2022,2022-07-01,New Mexico,state,month,45,false,NVSS final,D157,2026-09-26 16:26:29
2022,2022-07-01,New York,state,month,452,false,NVSS final,D157,2026-09-26 16:26:29
2022,2022-07-01,North Carolina,state,month,245,false,NVSS final,D157,2026-09-26 16:26:29
2022,2022-07-01,North Dakota,state,month,10,false,NVSS final,D157,2026-09-26 16:26:29
2022,2022-07-01,Ohio,state,month,353,false,NVSS final,D157,2026-09-26 16:26:29
2022,2022-07-01,Oklahoma,state,month,46,false,NVSS final,D157,2026-09-26 16:26:29
2022,2022-07-01,Oregon,state,month,62,false,NVSS final,D157,2026-09-26 16:26:29
2022,2022-07-01,Pennsylvania,state,month,318,false,NVSS final,D157,2026-09-26 16:26:29
2022,2022-07-01,Rhode Island,state,month,14,false,NVSS final,D157,2026-09-26 16:26:29
2022,2022-07-01,South Carolina,state,month,152,false,NVSS final,D157,2026-09-26 16:26:29
2022,2022-07-01,Tennessee,state,month,247,false,NVSS final,D157,2026-09-26 16:26:29
2022,2022-07-01,Texas,state,month,216,false,NVSS final,D157,2026-09-26 16:26:29
2022,2022-07-01,United States,nation,month,6358,false,NVSS final,D157,2026-09-26 16:26:29
2022,2022-07-01,Utah,state,month,22,false,NVSS final,D157,2026-09-26 16:26:29
2022,2022-07-01,Vermont,state,month,28,false,NVSS final,D157,2026-09-26 16:26:29
2022,2022-07-01,Virginia,state,month,168,false,NVSS final,D157,2026-09-26 16:26:29
2022,2022-07-01,Washington,state,month,156,false,NVSS final,D157,2026-09-26 16:26:29
2022,2022-07-01,West Virginia,state,month,105,false,NVSS final,D157,2026-09-26 16:26:29
2022,2022-07-01,Wisconsin,state,month,115,false,NVSS final,D157,2026-09-26 16:26:29
2022,2022-08-01,Alabama,state,month,91,false,NVSS final,D157,2026-09-26 16:26:29
2022,2022-08-01,Alaska,state,month,16,false,NVSS final,D157,2026-09-26 16:26:29
2022,2022-08-01,Arizona,state,month,153,false,NVSS final,D157,2026-09-26 16:26:29
2022,2022-08-01,Arkansas,state,month,27,false,NVSS final,D157,2026-09-26 16:26:29
2022,2022-08-01,California,state,month,556,false,NVSS final,D157,2026-09-26 16:26:29
2022,2022-08-01,Colorado,state,month,75,false,NVSS final,D157,2026-09-26 16:26:29
2022,2022-08-01,Connecticut,state,month,101,false,NVSS final,D157,2026-09-26 16:26:29
2022,2022-08-01,Delaware,state,month,36,false,NVSS final,D157,2026-09-26 16:26:29
2022,2022-08-01,District of Columbia,state,month,35,false,NVSS final,D157,2026-09-26 16:26:29
2022,2022-08-01,Florida,state,month,442,false,NVSS final,D157,2026-09-26 16:26:29
2022,2022-08-01,Georgia,state,month,149,false,NVSS final,D157,2026-09-26 16:26:29
2022,2022-08-01,Idaho,state,month,19,false,NVSS final,D157,2026-09-26 16:26:29
2022,2022-08-01,Illinois,state,month,259,false,NVSS final,D157,2026-09-26 16:26:29
2022,2022-08-01,Indiana,state,month,175,false,NVSS final,D157,2026-09-26 16:26:29
2022,2022-08-01,Iowa,state,month,18,false,NVSS final,D157,2026-09-26 16:26:29
2022,2022-08-01,Kansas,state,month,35,false,NVSS final,D157,2026-09-26 16:26:29
2022,2022-08-01,Kentucky,state,month,141,false,NVSS final,D157,2026-09-26 16:26:29
2022,2022-08-01,Louisiana,state,month,101,false,NVSS final,D157,2026-09-26 16:26:29
2022,2022-08-01,Maine,state,month,55,false,NVSS final,D157,2026-09-26 16:26:29
2022,2022-08-01,Maryland,state,month,162,false,NVSS final,D157,2026-09-26 16:26:29
2022,2022-08-01,Massachusetts,state,month,181,false,NVSS final,D157,2026-09-26 16:26:29
2022,2022-08-01,Michigan,state,month,178,false,NVSS final,D157,2026-09-26 16:26:29
2022,2022-08-01,Minnesota,state,month,92,false,NVSS final,D157,2026-09-26 16:26:29
2022,2022-08-01,Mississippi,state,month,33,false,NVSS final,D157,2026-09-26 16:26:29
2022,2022-08-01,Missouri,state,month,134,false,NVSS final,D157,2026-09-26 16:26:29
2022,2022-08-01,Nevada,state,month,29,false,NVSS final,D157,2026-09-26 16:26:29
2022,2022-08-01,New Hampshire,state,month,27,false,NVSS final,D157,2026-09-26 16:26:29
2022,2022-08-01,New Jersey,state,month,214,false,NVSS final,D157,2026-09-26 16:26:29
2022,2022-08-01,New Mexico,state,month,50,false,NVSS final,D157,2026-09-26 16:26:29
2022,2022-08-01,New York,state,month,422,false,NVSS final,D157,2026-09-26 16:26:29
2022,2022-08-01,North Carolina,state,month,294,false,NVSS final,D157,2026-09-26 16:26:29
2022,2022-08-01,Ohio,state,month,350,false,NVSS final,D157,2026-09-26 16:26:29
2022,2022-08-01,Oklahoma,state,month,54,false,NVSS final,D157,2026-09-26 16:26:29
2022,2022-08-01,Oregon,state,month,78,false,NVSS final,D157,2026-09-26 16:26:29
2022,2022-08-01,Pennsylvania,state,month,341,false,NVSS final,D157,2026-09-26 16:26:29
2022,2022-08-01,Rhode Island,state,month,16,false,NVSS final,D157,2026-09-26 16:26:29
2022,2022-08-01,South Carolina,state,month,142,false,NVSS final,D157,2026-09-26 16:26:29
2022,2022-08-01,Tennessee,state,month,207,false,NVSS final,D157,2026-09-26 16:26:29
2022,2022-08-01,Texas,state,month,201,false,NVSS final,D157,2026-09-26 16:26:29
2022,2022-08-01,United States,nation,month,6324,false,NVSS final,D157,2026-09-26 16:26:29
2022,2022-08-01,Utah,state,month,17,false,NVSS final,D157,2026-09-26 16:26:29
2022,2022-08-01,Vermont,state,month,21,false,NVSS final,D157,2026-09-26 16:26:29
2022,2022-08-01,Virginia,state,month,186,false,NVSS final,D157,2026-09-26 16:26:29
2022,2022-08-01,Washington,state,month,176,false,NVSS final,D157,2026-09-26 16:26:29
2022,2022-08-01,West Virginia,state,month,96,false,NVSS final,D157,2026-09-26 16:26:29
2022,2022-08-01,Wisconsin,state,month,104,false,NVSS final,D157,2026-09-26 16:26:29
2022,2022-09-01,Alabama,state,month,77,false,NVSS final,D157,2026-09-26 16:26:29
2022,2022-09-01,Alaska,state,month,12,false,NVSS final,D157,2026-09-26 16:26:29
2022,2022-09-01,Arizona,state,month,137,false,NVSS final,D157,2026-09-26 16:26:29
2022,2022-09-01,Arkansas,state,month,19,false,NVSS final,D157,2026-09-26 16:26:29
2022,2022-09-01,California,state,month,544,false,NVSS final,D157,2026-09-26 16:26:29
2022,2022-09-01,Colorado,state,month,81,false,NVSS final,D157,2026-09-26 16:26:29
2022,2022-09-01,Connecticut,state,month,103,false,NVSS final,D157,2026-09-26 16:26:29
2022,2022-09-01,Delaware,state,month,40,false,NVSS final,D157,2026-09-26 16:26:29
2022,2022-09-01,District of Columbia,state,month,22,false,NVSS final,D157,2026-09-26 16:26:29
2022,2022-09-01,Florida,state,month,414,false,NVSS final,D157,2026-09-26 16:26:29
2022,2022-09-01,Georgia,state,month,139,false,NVSS final,D157,2026-09-26 16:26:29
2022,2022-09-01,Hawaii,state,month,10,false,NVSS final,D157,2026-09-26 16:26:29
2022,2022-09-01,Idaho,state,month,17,false,NVSS final,D157,2026-09-26 16:26:29
2022,2022-09-01,Illinois,state,month,234,false,NVSS final,D157,2026-09-26 16:26:29
2022,2022-09-01,Indiana,state,month,140,false,NVSS final,D157,2026-09-26 16:26:29
2022,2022-09-01,Kansas,state,month,38,false,NVSS final,D157,2026-09-26 16:26:29
2022,2022-09-01,Kentucky,state,month,121,false,NVSS final,D157,2026-09-26 16:26:29
2022,2022-09-01,Louisiana,state,month,92,false,NVSS final,D157,2026-09-26 16:26:29
2022,2022-09-01,Maine,state,month,45,false,NVSS final,D157,2026-09-26 16:26:29
2022,2022-09-01,Maryland,state,month,153,false,NVSS final,D157,2026-09-26 16:26:29
2022,2022-09-01,Massachusetts,state,month,179,false,NVSS final,D157,2026-09-26 16:26:29
2022,2022-09-01,Michigan,state,month,182,false,NVSS final,D157,2026-09-26 16:26:29
2022,2022-09-01,Minnesota,state,month,71,false,NVSS final,D157,2026-09-26 16:26:29
2022,2022-09-01,Mississippi,state,month,39,false,NVSS final,D157,2026-09-26 16:26:29
2022,2022-09-01,Missouri,state,month,132,false,NVSS final,D157,2026-09-26 16:26:29
2022,2022-09-01,Montana,state,month,10,false,NVSS final,D157,2026-09-26 16:26:29
2022,2022-09-01,Nevada,state,month,65,false,NVSS final,D157,2026-09-26 16:26:29
2022,2022-09-01,New Hampshire,state,month,39,false,NVSS final,D157,2026-09-26 16:26:29
2022,2022-09-01,New Jersey,state,month,205,false,NVSS final,D157,2026-09-26 16:26:29
2022,2022-09-01,New Mexico,state,month,49,false,NVSS final,D157,2026-09-26 16:26:29
2022,2022-09-01,New York,state,month,417,false,NVSS final,D157,2026-09-26 16:26:29
2022,2022-09-01,North Carolina,state,month,291,false,NVSS final,D157,2026-09-26 16:26:29
2022,2022-09-01,Ohio,state,month,305,false,NVSS final,D157,2026-09-26 16:26:29
2022,2022-09-01,Oklahoma,state,month,50,false,NVSS final,D157,2026-09-26 16:26:29
2022,2022-09-01,Oregon,state,month,64,false,NVSS final,D157,2026-09-26 16:26:29
2022,2022-09-01,Pennsylvania,state,month,278,false,NVSS final,D157,2026-09-26 16:26:29
2022,2022-09-01,Rhode Island,state,month,27,false,NVSS final,D157,2026-09-26 16:26:29
2022,2022-09-01,South Carolina,state,month,124,false,NVSS final,D157,2026-09-26 16:26:29
2022,2022-09-01,Tennessee,state,month,260,false,NVSS final,D157,2026-09-26 16:26:29
2022,2022-09-01,Texas,state,month,235,false,NVSS final,D157,2026-09-26 16:26:29
2022,2022-09-01,United States,nation,month,6019,false,NVSS final,D157,2026-09-26 16:26:29
2022,2022-09-01,Utah,state,month,22,false,NVSS final,D157,2026-09-26 16:26:29
2022,2022-09-01,Vermont,state,month,17,false,NVSS final,D157,2026-09-26 16:26:29
2022,2022-09-01,Virginia,state,month,168,false,NVSS final,D157,2026-09-26 16:26:29
2022,2022-09-01,Washington,state,month,140,false,NVSS final,D157,2026-09-26 16:26:29
2022,2022-09-01,West Virginia,state,month,73,false,NVSS final,D157,2026-09-26 16:26:29
2022,2022-09-01,Wisconsin,state,month,100,false,NVSS final,D157,2026-09-26 16:26:29
2022,2022-10-01,Alabama,state,month,97,false,NVSS final,D157,2026-09-26 16:26:29
2022,2022-10-01,Alaska,state,month,11,false,NVSS final,D157,2026-09-26 16:26:29
2022,2022-10-01,Arizona,state,month,153,false,NVSS final,D157,2026-09-26 16:26:29
2022,2022-10-01,Arkansas,state,month,27,false,NVSS final,D157,2026-09-26 16:26:29
2022,2022-10-01,California,state,month,543,false,NVSS final,D157,2026-09-26 16:26:29
2022,2022-10-01,Colorado,state,month,83,false,NVSS final,D157,2026-09-26 16:26:29
2022,2022-10-01,Connecticut,state,month,128,false,NVSS final,D157,2026-09-26 16:26:29
2022,2022-10-01,Delaware,state,month,29,false,NVSS final,D157,2026-09-26 16:26:29
2022,2022-10-01,District of Columbia,state,month,32,false,NVSS final,D157,2026-09-26 16:26:29
2022,2022-10-01,Florida,state,month,431,false,NVSS final,D157,2026-09-26 16:26:29
2022,2022-10-01,Georgia,state,month,141,false,NVSS final,D157,2026-09-26 16:26:29
2022,2022-10-01,Idaho,state,month,12,false,NVSS final,D157,2026-09-26 16:26:29
2022,2022-10-01,Illinois,state,month,240,false,NVSS final,D157,2026-09-26 16:26:29
2022,2022-10-01,Indiana,state,month,179,false,NVSS final,D157,2026-09-26 16:26:29
2022,2022-10-01,Iowa,state,month,22,false,NVSS final,D157,2026-09-26 16:26:29
2022,2022-10-01,Kansas,state,month,30,false,NVSS final,D157,2026-09-26 16:26:29
2022,2022-10-01,Kentucky,state,month,141,false,NVSS final,D157,2026-09-26 16:26:29
2022,2022-10-01,Louisiana,state,month,98,false,NVSS final,D157,2026-09-26 16:26:29
2022,2022-10-01,Maine,state,month,48,false,NVSS final,D157,2026-09-26 16:26:29
2022,2022-10-01,Maryland,state,month,177,false,NVSS final,D157,2026-09-26 16:26:29
2022,2022-10-01,Massachusetts,state,month,218,false,NVSS final,D157,2026-09-26 16:26:29
2022,2022-10-01,Michigan,state,month,207,false,NVSS final,D157,2026-09-26 16:26:29
2022,2022-10-01,Minnesota,state,month,91,false,NVSS final,D157,2026-09-26 16:26:29
2022,2022-10-01,Mississippi,state,month,48,false,NVSS final,D157,2026-09-26 16:26:29
2022,2022-10-01,Missouri,state,month,126,false,NVSS final,D157,2026-09-26 16:26:29
2022,2022-10-01,Nebraska,state,month,10,false,NVSS final,D157,2026-09-26 16:26:29
2022,2022-10-01,Nevada,state,month,43,false,NVSS final,D157,2026-09-26 16:26:29
2022,2022-10-01,New Hampshire,state,month,33,false,NVSS final,D157,2026-09-26 16:26:29
2022,2022-10-01,New Jersey,state,month,218,false,NVSS final,D157,2026-09-26 16:26:29
2022,2022-10-01,New Mexico,state,month,60,false,NVSS final,D157,2026-09-26 16:26:29
2022,2022-10-01,New York,state,month,418,false,NVSS final,D157,2026-09-26 16:26:29
2022,2022-10-01,North Carolina,state,month,280,false,NVSS final,D157,2026-09-26 16:26:29
2022,2022-10-01,Ohio,state,month,381,false,NVSS final,D157,2026-09-26 16:26:29
2022,2022-10-01,Oklahoma,state,month,72,false,NVSS final,D157,2026-09-26 16:26:29
2022,2022-10-01,Oregon,state,month,76,false,NVSS final,D157,2026-09-26 16:26:29
2022,2022-10-01,Pennsylvania,state,month,310,false,NVSS final,D157,2026-09-26 16:26:29
2022,2022-10-01,Rhode Island,state,month,28,false,NVSS final,D157,2026-09-26 16:26:29
2022,2022-10-01,South Carolina,state,month,123,false,NVSS final,D157,2026-09-26 16:26:29
2022,2022-10-01,Tennessee,state,month,266,false,NVSS final,D157,2026-09-26 16:26:29
2022,2022-10-01,Texas,state,month,234,false,NVSS final,D157,2026-09-26 16:26:29
2022,2022-10-01,United States,nation,month,6445,false,NVSS final,D157,2026-09-26 16:26:29
2022,2022-10-01,Utah,state,month,13,false,NVSS final,D157,2026-09-26 16:26:29
2022,2022-10-01,Vermont,state,month,21,false,NVSS final,D157,2026-09-26 16:26:29
2022,2022-10-01,Virginia,state,month,159,false,NVSS final,D157,2026-09-26 16:26:29
2022,2022-10-01,Washington,state,month,165,false,NVSS final,D157,2026-09-26 16:26:29
2022,2022-10-01,West Virginia,state,month,101,false,NVSS final,D157,2026-09-26 16:26:29
2022,2022-10-01,Wisconsin,state,month,95,false,NVSS final,D157,2026-09-26 16:26:29
2022,2022-11-01,Alabama,state,month,73,false,NVSS final,D157,2026-09-26 16:26:29
2022,2022-11-01,Alaska,state,month,14,false,NVSS final,D157,2026-09-26 16:26:29
2022,2022-11-01,Arizona,state,month,142,false,NVSS final,D157,2026-09-26 16:26:29
2022,2022-11-01,Arkansas,state,month,26,false,NVSS final,D157,2026-09-26 16:26:29
2022,2022-11-01,California,state,month,529,false,NVSS final,D157,2026-09-26 16:26:29
2022,2022-11-01,Colorado,state,month,88,false,NVSS final,D157,2026-09-26 16:26:29
2022,2022-11-01,Connecticut,state,month,110,false,NVSS final,D157,2026-09-26 16:26:29
2022,2022-11-01,Delaware,state,month,35,false,NVSS final,D157,2026-09-26 16:26:29
2022,2022-11-01,District of Columbia,state,month,27,false,NVSS final,D157,2026-09-26 16:26:29
2022,2022-11-01,Florida,state,month,375,false,NVSS final,D157,2026-09-26 16:26:29
2022,2022-11-01,Georgia,state,month,162,false,NVSS final,D157,2026-09-26 16:26:29
2022,2022-11-01,Idaho,state,month,15,false,NVSS final,D157,2026-09-26 16:26:29
2022,2022-11-01,Illinois,state,month,281,false,NVSS final,D157,2026-09-26 16:26:29
2022,2022-11-01,Indiana,state,month,137,false,NVSS final,D157,2026-09-26 16:26:29
2022,2022-11-01,Iowa,state,month,20,false,NVSS final,D157,2026-09-26 16:26:29
2022,2022-11-01,Kansas,state,month,45,false,NVSS final,D157,2026-09-26 16:26:29
2022,2022-11-01,Kentucky,state,month,162,false,NVSS final,D157,2026-09-26 16:26:29
2022,2022-11-01,Louisiana,state,month,90,false,NVSS final,D157,2026-09-26 16:26:29
2022,2022-11-01,Maine,state,month,56,false,NVSS final,D157,2026-09-26 16:26:29
2022,2022-11-01,Maryland,state,month,201,false,NVSS final,D157,2026-09-26 16:26:29
2022,2022-11-01,Massachusetts,state,month,164,false,NVSS final,D157,2026-09-26 16:26:29
2022,2022-11-01,Michigan,state,month,200,false,NVSS final,D157,2026-09-26 16:26:29
2022,2022-11-01,Minnesota,state,month,81,false,NVSS final,D157,2026-09-26 16:26:29
2022,2022-11-01,Mississippi,state,month,28,false,NVSS final,D157,2026-09-26 16:26:29
2022,2022-11-01,Missouri,state,month,119,false,NVSS final,D157,2026-09-26 16:26:29
2022,2022-11-01,Montana,state,month,10,false,NVSS final,D157,2026-09-26 16:26:29
2022,2022-11-01,Nevada,state,month,45,false,NVSS final,D157,2026-09-26 16:26:29
2022,2022-11-01,New Hampshire,state,month,39,false,NVSS final,D157,2026-09-26 16:26:29
2022,2022-11-01,New Jersey,state,month,188,false,NVSS final,D157,2026-09-26 16:26:29
2022,2022-11-01,New Mexico,state,month,56,false,NVSS final,D157,2026-09-26 16:26:29
2022,2022-11-01,New York,state,month,451,false,NVSS final,D157,2026-09-26 16:26:29
2022,2022-11-01,North Carolina,state,month,278,false,NVSS final,D157,2026-09-26 16:26:29
2022,2022-11-01,Ohio,state,month,340,false,NVSS final,D157,2026-09-26 16:26:29
2022,2022-11-01,Oklahoma,state,month,58,false,NVSS final,D157,2026-09-26 16:26:29
2022,2022-11-01,Oregon,state,month,90,false,NVSS final,D157,2026-09-26 16:26:29
2022,2022-11-01,Pennsylvania,state,month,288,false,NVSS final,D157,2026-09-26 16:26:29
2022,2022-11-01,Rhode Island,state,month,25,false,NVSS final,D157,2026-09-26 16:26:29
2022,2022-11-01,South Carolina,state,month,138,false,NVSS final,D157,2026-09-26 16:26:29
2022,2022-11-01,Tennessee,state,month,239,false,NVSS final,D157,2026-09-26 16:26:29
2022,2022-11-01,Texas,state,month,189,false,NVSS final,D157,2026-09-26 16:26:29
2022,2022-11-01,United States,nation,month,6189,false,NVSS final,D157,2026-09-26 16:26:29
2022,2022-11-01,Utah,state,month,20,false,NVSS final,D157,2026-09-26 16:26:29
2022,2022-11-01,Vermont,state,month,18,false,NVSS final,D157,2026-09-26 16:26:29
2022,2022-11-01,Virginia,state,month,151,false,NVSS final,D157,2026-09-26 16:26:29
2022,2022-11-01,Washington,state,month,186,false,NVSS final,D157,2026-09-26 16:26:29
2022,2022-11-01,West Virginia,state,month,84,false,NVSS final,D157,2026-09-26 16:26:29
2022,2022-11-01,Wisconsin,state,month,88,false,NVSS final,D157,2026-09-26 16:26:29
2022,2022-12-01,Alabama,state,month,69,false,NVSS final,D157,2026-09-26 16:26:29
2022,2022-12-01,Alaska,state,month,23,false,NVSS final,D157,2026-09-26 16:26:29
2022,2022-12-01,Arizona,state,month,142,false,NVSS final,D157,2026-09-26 16:26:29
2022,2022-12-01,Arkansas,state,month,23,false,NVSS final,D157,2026-09-26 16:26:29
2022,2022-12-01,California,state,month,585,false,NVSS final,D157,2026-09-26 16:26:29
2022,2022-12-01,Colorado,state,month,98,false,NVSS final,D157,2026-09-26 16:26:29
2022,2022-12-01,Connecticut,state,month,100,false,NVSS final,D157,2026-09-26 16:26:29
2022,2022-12-01,Delaware,state,month,43,false,NVSS final,D157,2026-09-26 16:26:29
2022,2022-12-01,District of Columbia,state,month,28,false,NVSS final,D157,2026-09-26 16:26:29
2022,2022-12-01,Florida,state,month,405,false,NVSS final,D157,2026-09-26 16:26:29
2022,2022-12-01,Georgia,state,month,143,false,NVSS final,D157,2026-09-26 16:26:29
2022,2022-12-01,Hawaii,state,month,10,false,NVSS final,D157,2026-09-26 16:26:29
2022,2022-12-01,Idaho,state,month,25,false,NVSS final,D157,2026-09-26 16:26:29
2022,2022-12-01,Illinois,state,month,256,false,NVSS final,D157,2026-09-26 16:26:29
2022,2022-12-01,Indiana,state,month,159,false,NVSS final,D157,2026-09-26 16:26:29
2022,2022-12-01,Kansas,state,month,44,false,NVSS final,D157,2026-09-26 16:26:29
2022,2022-12-01,Kentucky,state,month,120,false,NVSS final,D157,2026-09-26 16:26:29
2022,2022-12-01,Louisiana,state,month,108,false,NVSS final,D157,2026-09-26 16:26:29
2022,2022-12-01,Maine,state,month,55,false,NVSS final,D157,2026-09-26 16:26:29
2022,2022-12-01,Maryland,state,month,201,false,NVSS final,D157,2026-09-26 16:26:29
2022,2022-12-01,Massachusetts,state,month,189,false,NVSS final,D157,2026-09-26 16:26:29
2022,2022-12-01,Michigan,state,month,192,false,NVSS final,D157,2026-09-26 16:26:29
2022,2022-12-01,Minnesota,state,month,98,false,NVSS final,D157,2026-09-26 16:26:29
2022,2022-12-01,Mississippi,state,month,38,false,NVSS final,D157,2026-09-26 16:26:29
2022,2022-12-01,Missouri,state,month,127,false,NVSS final,D157,2026-09-26 16:26:29
2022,2022-12-01,Nebraska,state,month,10,false,NVSS final,D157,2026-09-26 16:26:29
2022,2022-12-01,Nevada,state,month,36,false,NVSS final,D157,2026-09-26 16:26:29
2022,2022-12-01,New Hampshire,state,month,33,false,NVSS final,D157,2026-09-26 16:26:29
2022,2022-12-01,New Jersey,state,month,200,false,NVSS final,D157,2026-09-26 16:26:29
2022,2022-12-01,New Mexico,state,month,54,false,NVSS final,D157,2026-09-26 16:26:29
2022,2022-12-01,New York,state,month,438,false,NVSS final,D157,2026-09-26 16:26:29
2022,2022-12-01,North Carolina,state,month,287,false,NVSS final,D157,2026-09-26 16:26:29
2022,2022-12-01,North Dakota,state,month,11,false,NVSS final,D157,2026-09-26 16:26:29
2022,2022-12-01,Ohio,state,month,352,false,NVSS final,D157,2026-09-26 16:26:29
2022,2022-12-01,Oklahoma,state,month,70,false,NVSS final,D157,2026-09-26 16:26:29
2022,2022-12-01,Oregon,state,month,118,false,NVSS final,D157,2026-09-26 16:26:29
2022,2022-12-01,Pennsylvania,state,month,331,false,NVSS final,D157,2026-09-26 16:26:29
2022,2022-12-01,Rhode Island,state,month,25,false,NVSS final,D157,2026-09-26 16:26:29
2022,2022-12-01,South Carolina,state,month,161,false,NVSS final,D157,2026-09-26 16:26:29
2022,2022-12-01,Tennessee,state,month,271,false,NVSS final,D157,2026-09-26 16:26:29
2022,2022-12-01,Texas,state,month,223,false,NVSS final,D157,2026-09-26 16:26:29
2022,2022-12-01,United States,nation,month,6596,false,NVSS final,D157,2026-09-26 16:26:29
2022,2022-12-01,Utah,state,month,22,false,NVSS final,D157,2026-09-26 16:26:29
2022,2022-12-01,Vermont,state,month,26,false,NVSS final,D157,2026-09-26 16:26:29
2022,2022-12-01,Virginia,state,month,170,false,NVSS final,D157,2026-09-26 16:26:29
2022,2022-12-01,Washington,state,month,244,false,NVSS final,D157,2026-09-26 16:26:29
2022,2022-12-01,West Virginia,state,month,103,false,NVSS final,D157,2026-09-26 16:26:29
2022,2022-12-01,Wisconsin,state,month,100,false,NVSS final,D157,2026-09-26 16:26:29
2022,2022-12-01,Wyoming,state,month,10,false,NVSS final,D157,2026-09-26 16:26:29
2023,2023-01-01,Alabama,state,month,97,false,NVSS final,D157,2026-09-26 16:26:29
2023,2023-01-01,Alaska,state,month,19,false,NVSS final,D157,2026-09-26 16:26:29
2023,2023-01-01,Arizona,state,month,155,false,NVSS final,D157,2026-09-26 16:26:29
2023,2023-01-01,Arkansas,state,month,15,false,NVSS final,D157,2026-09-26 16:26:29
2023,2023-01-01,California,state,month,633,false,NVSS final,D157,2026-09-26 16:26:29
2023,2023-01-01,Colorado,state,month,91,false,NVSS final,D157,2026-09-26 16:26:29
2023,2023-01-01,Connecticut,state,month,93,false,NVSS final,D157,2026-09-26 16:26:29
2023,2023-01-01,Delaware,state,month,49,false,NVSS final,D157,2026-09-26 16:26:29
2023,2023-01-01,District of Columbia,state,month,29,false,NVSS final,D157,2026-09-26 16:26:29
2023,2023-01-01,Florida,state,month,398,false,NVSS final,D157,2026-09-26 16:26:29
2023,2023-01-01,Georgia,state,month,151,false,NVSS final,D157,2026-09-26 16:26:29
2023,2023-01-01,Idaho,state,month,21,false,NVSS final,D157,2026-09-26 16:26:29
2023,2023-01-01,Illinois,state,month,219,false,NVSS final,D157,2026-09-26 16:26:29
2023,2023-01-01,Indiana,state,month,154,false,NVSS final,D157,2026-09-26 16:26:29
2023,2023-01-01,Iowa,state,month,21,false,NVSS final,D157,2026-09-26 16:26:29
2023,2023-01-01,Kansas,state,month,39,false,NVSS final,D157,2026-09-26 16:26:29
2023,2023-01-01,Kentucky,state,month,140,false,NVSS final,D157,2026-09-26 16:26:29
2023,2023-01-01,Louisiana,state,month,81,false,NVSS final,D157,2026-09-26 16:26:29
2023,2023-01-01,Maine,state,month,48,false,NVSS final,D157,2026-09-26 16:26:29
2023,2023-01-01,Maryland,state,month,175,false,NVSS final,D157,2026-09-26 16:26:29
2023,2023-01-01,Massachusetts,state,month,191,false,NVSS final,D157,2026-09-26 16:26:29
2023,2023-01-01,Michigan,state,month,210,false,NVSS final,D157,2026-09-26 16:26:29
2023,2023-01-01,Minnesota,state,month,85,false,NVSS final,D157,2026-09-26 16:26:29
2023,2023-01-01,Mississippi,state,month,41,false,NVSS final,D157,2026-09-26 16:26:29
2023,2023-01-01,Missouri,state,month,127,false,NVSS final,D157,2026-09-26 16:26:29
2023,2023-01-01,Montana,state,month,13,false,NVSS final,D157,2026-09-26 16:26:29
2023,2023-01-01,Nevada,state,month,41,false,NVSS final,D157,2026-09-26 16:26:29
2023,2023-01-01,New Hampshire,state,month,35,false,NVSS final,D157,2026-09-26 16:26:29
2023,2023-01-01,New Jersey,state,month,181,false,NVSS final,D157,2026-09-26 16:26:29
2023,2023-01-01,New Mexico,state,month,52,false,NVSS final,D157,2026-09-26 16:26:29
2023,2023-01-01,New York,state,month,448,false,NVSS final,D157,2026-09-26 16:26:29
2023,2023-01-01,North Carolina,state,month,287,false,NVSS final,D157,2026-09-26 16:26:29
2023,2023-01-01,North Dakota,state,month,10,false,NVSS final,D157,2026-09-26 16:26:29
2023,2023-01-01,Ohio,state,month,336,false,NVSS final,D157,2026-09-26 16:26:29
2023,2023-01-01,Oklahoma,state,month,66,false,NVSS final,D157,2026-09-26 16:26:29
2023,2023-01-01,Oregon,state,month,96,false,NVSS final,D157,2026-09-26 16:26:29
2023,2023-01-01,Pennsylvania,state,month,328,false,NVSS final,D157,2026-09-26 16:26:29
2023,2023-01-01,Rhode Island,state,month,32,false,NVSS final,D157,2026-09-26 16:26:29
2023,2023-01-01,South Carolina,state,month,130,false,NVSS final,D157,2026-09-26 16:26:29
2023,2023-01-01,Tennessee,state,month,228,false,NVSS final,D157,2026-09-26 16:26:29
2023,2023-01-01,Texas,state,month,216,false,NVSS final,D157,2026-09-26 16:26:29
2023,2023-01-01,United States,nation,month,6474,false,NVSS final,D157,2026-09-26 16:26:29
2023,2023-01-01,Utah,state,month,32,false,NVSS final,D157,2026-09-26 16:26:29
2023,2023-01-01,Vermont,state,month,17,false,NVSS final,D157,2026-09-26 16:26:29
2023,2023-01-01,Virginia,state,month,179,false,NVSS final,D157,2026-09-26 16:26:29
2023,2023-01-01,Washington,state,month,233,false,NVSS final,D157,2026-09-26 16:26:29
2023,2023-01-01,West Virginia,state,month,85,false,NVSS final,D157,2026-09-26 16:26:29
2023,2023-01-01,Wisconsin,state,month,123,false,NVSS final,D157,2026-09-26 16:26:29
2023,2023-02-01,Alabama,state,month,92,false,NVSS final,D157,2026-09-26 16:26:29
2023,2023-02-01,Alaska,state,month,19,false,NVSS final,D157,2026-09-26 16:26:29
2023,2023-02-01,Arizona,state,month,123,false,NVSS final,D157,2026-09-26 16:26:29
2023,2023-02-01,Arkansas,state,month,24,false,NVSS final,D157,2026-09-26 16:26:29
2023,2023-02-01,California,state,month,552,false,NVSS final,D157,2026-09-26 16:26:29
2023,2023-02-01,Colorado,state,month,94,false,NVSS final,D157,2026-09-26 16:26:29
2023,2023-02-01,Connecticut,state,month,100,false,NVSS final,D157,2026-09-26 16:26:29
2023,2023-02-01,Delaware,state,month,36,false,NVSS final,D157,2026-09-26 16:26:29
2023,2023-02-01,District of Columbia,state,month,26,false,NVSS final,D157,2026-09-26 16:26:29
2023,2023-02-01,Florida,state,month,398,false,NVSS final,D157,2026-09-26 16:26:29
2023,2023-02-01,Georgia,state,month,138,false,NVSS final,D157,2026-09-26 16:26:29
2023,2023-02-01,Idaho,state,month,25,false,NVSS final,D157,2026-09-26 16:26:29
2023,2023-02-01,Illinois,state,month,232,false,NVSS final,D157,2026-09-26 16:26:29
2023,2023-02-01,Indiana,state,month,133,false,NVSS final,D157,2026-09-26 16:26:29
2023,2023-02-01,Iowa,state,month,12,false,NVSS final,D157,2026-09-26 16:26:29
2023,2023-02-01,Kansas,state,month,33,false,NVSS final,D157,2026-09-26 16:26:29
2023,2023-02-01,Kentucky,state,month,148,false,NVSS final,D157,2026-09-26 16:26:29
2023,2023-02-01,Louisiana,state,month,93,false,NVSS final,D157,2026-09-26 16:26:29
2023,2023-02-01,Maine,state,month,40,false,NVSS final,D157,2026-09-26 16:26:29
2023,2023-02-01,Maryland,state,month,160,false,NVSS final,D157,2026-09-26 16:26:29
2023,2023-02-01,Massachusetts,state,month,156,false,NVSS final,D157,2026-09-26 16:26:29
2023,2023-02-01,Michigan,state,month,192,false,NVSS final,D157,2026-09-26 16:26:29
2023,2023-02-01,Minnesota,state,month,71,false,NVSS final,D157,2026-09-26 16:26:29
2023,2023-02-01,Mississippi,state,month,32,false,NVSS final,D157,2026-09-26 16:26:29
2023,2023-02-01,Missouri,state,month,114,false,NVSS final,D157,2026-09-26 16:26:29
2023,2023-02-01,Nevada,state,month,38,false,NVSS final,D157,2026-09-26 16:26:29
2023,2023-02-01,New Hampshire,state,month,39,false,NVSS final,D157,2026-09-26 16:26:29
2023,2023-02-01,New Jersey,state,month,189,false,NVSS final,D157,2026-09-26 16:26:29
2023,2023-02-01,New Mexico,state,month,38,false,NVSS final,D157,2026-09-26 16:26:29
2023,2023-02-01,New York,state,month,375,false,NVSS final,D157,2026-09-26 16:26:29
2023,2023-02-01,North Carolina,state,month,273,false,NVSS final,D157,2026-09-26 16:26:29
2023,2023-02-01,Ohio,state,month,320,false,NVSS final,D157,2026-09-26 16:26:29
2023,2023-02-01,Oklahoma,state,month,72,false,NVSS final,D157,2026-09-26 16:26:29
2023,2023-02-01,Oregon,state,month,82,false,NVSS final,D157,2026-09-26 16:26:29
2023,2023-02-01,Pennsylvania,state,month,273,false,NVSS final,D157,2026-09-26 16:26:29
2023,2023-02-01,Rhode Island,state,month,25,false,NVSS final,D157,2026-09-26 16:26:29
2023,2023-02-01,South Carolina,state,month,132,false,NVSS final,D157,2026-09-26 16:26:29
2023,2023-02-01,Tennessee,state,month,226,false,NVSS final,D157,2026-09-26 16:26:29
2023,2023-02-01,Texas,state,month,212,false,NVSS final,D157,2026-09-26 16:26:29
2023,2023-02-01,United States,nation,month,5937,false,NVSS final,D157,2026-09-26 16:26:29
2023,2023-02-01,Utah,state,month,23,false,NVSS final,D157,2026-09-26 16:26:29
2023,2023-02-01,Vermont,state,month,22,false,NVSS final,D157,2026-09-26 16:26:29
2023,2023-02-01,Virginia,state,month,161,false,NVSS final,D157,2026-09-26 16:26:29
2023,2023-02-01,Washington,state,month,171,false,NVSS final,D157,2026-09-26 16:26:29
2023,2023-02-01,West Virginia,state,month,89,false,NVSS final,D157,2026-09-26 16:26:29
2023,2023-02-01,Wisconsin,state,month,95,false,NVSS final,D157,2026-09-26 16:26:29
2023,2023-03-01,Alabama,state,month,100,false,NVSS final,D157,2026-09-26 16:26:29
2023,2023-03-01,Alaska,state,month,14,false,NVSS final,D157,2026-09-26 16:26:29
2023,2023-03-01,Arizona,state,month,154,false,NVSS final,D157,2026-09-26 16:26:29
2023,2023-03-01,Arkansas,state,month,18,false,NVSS final,D157,2026-09-26 16:26:29
2023,2023-03-01,California,state,month,635,false,NVSS final,D157,2026-09-26 16:26:29
2023,2023-03-01,Colorado,state,month,87,false,NVSS final,D157,2026-09-26 16:26:29
2023,2023-03-01,Connecticut,state,month,89,false,NVSS final,D157,2026-09-26 16:26:29
2023,2023-03-01,Delaware,state,month,42,false,NVSS final,D157,2026-09-26 16:26:29
2023,2023-03-01,District of Columbia,state,month,36,false,NVSS final,D157,2026-09-26 16:26:29
2023,2023-03-01,Florida,state,month,378,false,NVSS final,D157,2026-09-26 16:26:29
2023,2023-03-01,Georgia,state,month,168,false,NVSS final,D157,2026-09-26 16:26:29
2023,2023-03-01,Idaho,state,month,20,false,NVSS final,D157,2026-09-26 16:26:29
2023,2023-03-01,Illinois,state,month,255,false,NVSS final,D157,2026-09-26 16:26:29
2023,2023-03-01,Indiana,state,month,146,false,NVSS final,D157,2026-09-26 16:26:29
2023,2023-03-01,Iowa,state,month,21,false,NVSS final,D157,2026-09-26 16:26:29
2023,2023-03-01,Kansas,state,month,38,false,NVSS final,D157,2026-09-26 16:26:29
2023,2023-03-01,Kentucky,state,month,140,false,NVSS final,D157,2026-09-26 16:26:29
2023,2023-03-01,Louisiana,state,month,102,false,NVSS final,D157,2026-09-26 16:26:29
2023,2023-03-01,Maine,state,month,37,false,NVSS final,D157,2026-09-26 16:26:29
2023,2023-03-01,Maryland,state,month,175,false,NVSS final,D157,2026-09-26 16:26:29
2023,2023-03-01,Massachusetts,state,month,180,false,NVSS final,D157,2026-09-26 16:26:29
2023,2023-03-01,Michigan,state,month,205,false,NVSS final,D157,2026-09-26 16:26:29
2023,2023-03-01,Minnesota,state,month,91,false,NVSS final,D157,2026-09-26 16:26:29
2023,2023-03-01,Mississippi,state,month,36,false,NVSS final,D157,2026-09-26 16:26:29
2023,2023-03-01,Missouri,state,month,161,false,NVSS final,D157,2026-09-26 16:26:29
2023,2023-03-01,Nevada,state,month,80,false,NVSS final,D157,2026-09-26 16:26:29
2023,2023-03-01,New Hampshire,state,month,44,false,NVSS final,D157,2026-09-26 16:26:29
2023,2023-03-01,New Jersey,state,month,187,false,NVSS final,D157,2026-09-26 16:26:29
2023,2023-03-01,New Mexico,state,month,59,false,NVSS final,D157,2026-09-26 16:26:29
2023,2023-03-01,New York,state,month,403,false,NVSS final,D157,2026-09-26 16:26:29
2023,2023-03-01,North Carolina,state,month,301,false,NVSS final,D157,2026-09-26 16:26:29
2023,2023-03-01,Ohio,state,month,313,false,NVSS final,D157,2026-09-26 16:26:29
2023,2023-03-01,Oklahoma,state,month,76,false,NVSS final,D157,2026-09-26 16:26:29
2023,2023-03-01,Oregon,state,month,113,false,NVSS final,D157,2026-09-26 16:26:29
2023,2023-03-01,Pennsylvania,state,month,329,false,NVSS final,D157,2026-09-26 16:26:29
2023,2023-03-01,Rhode Island,state,month,27,false,NVSS final,D157,2026-09-26 16:26:29
2023,2023-03-01,South Carolina,state,month,160,false,NVSS final,D157,2026-09-26 16:26:29
2023,2023-03-01,Tennessee,state,month,270,false,NVSS final,D157,2026-09-26 16:26:29
2023,2023-03-01,Texas,state,month,234,false,NVSS final,D157,2026-09-26 16:26:29
2023,2023-03-01,United States,nation,month,6669,false,NVSS final,D157,2026-09-26 16:26:29
2023,2023-03-01,Utah,state,month,31,false,NVSS final,D157,2026-09-26 16:26:29
2023,2023-03-01,Vermont,state,month,17,false,NVSS final,D157,2026-09-26 16:26:29
2023,2023-03-01,Virginia,state,month,194,false,NVSS final,D157,2026-09-26 16:26:29
2023,2023-03-01,Washington,state,month,238,false,NVSS final,D157,2026-09-26 16:26:29
2023,2023-03-01,West Virginia,state,month,108,false,NVSS final,D157,2026-09-26 16:26:29
2023,2023-03-01,Wisconsin,state,month,131,false,NVSS final,D157,2026-09-26 16:26:29
2023,2023-04-01,Alabama,state,month,83,false,NVSS final,D157,2026-09-26 16:26:29
2023,2023-04-01,Alaska,state,month,21,false,NVSS final,D157,2026-09-26 16:26:29
2023,2023-04-01,Arizona,state,month,143,false,NVSS final,D157,2026-09-26 16:26:29
2023,2023-04-01,Arkansas,state,month,32,false,NVSS final,D157,2026-09-26 16:26:29
2023,2023-04-01,California,state,month,640,false,NVSS final,D157,2026-09-26 16:26:29
2023,2023-04-01,Colorado,state,month,104,false,NVSS final,D157,2026-09-26 16:26:29
2023,2023-04-01,Connecticut,state,month,96,false,NVSS final,D157,2026-09-26 16:26:29
2023,2023-04-01,Delaware,state,month,41,false,NVSS final,D157,2026-09-26 16:26:29
2023,2023-04-01,District of Columbia,state,month,24,false,NVSS final,D157,2026-09-26 16:26:29
2023,2023-04-01,Florida,state,month,409,false,NVSS final,D157,2026-09-26 16:26:29
2023,2023-04-01,Georgia,state,month,151,false,NVSS final,D157,2026-09-26 16:26:29
2023,2023-04-01,Hawaii,state,month,11,false,NVSS final,D157,2026-09-26 16:26:29
2023,2023-04-01,Idaho,state,month,20,false,NVSS final,D157,2026-09-26 16:26:29
2023,2023-04-01,Illinois,state,month,231,false,NVSS final,D157,2026-09-26 16:26:29
2023,2023-04-01,Indiana,state,month,141,false,NVSS final,D157,2026-09-26 16:26:29
2023,2023-04-01,Iowa,state,month,17,false,NVSS final,D157,2026-09-26 16:26:29
2023,2023-04-01,Kansas,state,month,29,false,NVSS final,D157,2026-09-26 16:26:29
2023,2023-04-01,Kentucky,state,month,129,false,NVSS final,D157,2026-09-26 16:26:29
2023,2023-04-01,Louisiana,state,month,103,false,NVSS final,D157,2026-09-26 16:26:29
2023,2023-04-01,Maine,state,month,52,false,NVSS final,D157,2026-09-26 16:26:29
2023,2023-04-01,Maryland,state,month,180,false,NVSS final,D157,2026-09-26 16:26:29
2023,2023-04-01,Massachusetts,state,month,159,false,NVSS final,D157,2026-09-26 16:26:29
2023,2023-04-01,Michigan,state,month,194,false,NVSS final,D157,2026-09-26 16:26:29
2023,2023-04-01,Minnesota,state,month,84,false,NVSS final,D157,2026-09-26 16:26:29
2023,2023-04-01,Mississippi,state,month,40,false,NVSS final,D157,2026-09-26 16:26:29
2023,2023-04-01,Missouri,state,month,126,false,NVSS final,D157,2026-09-26 16:26:29
2023,2023-04-01,Nevada,state,month,58,false,NVSS final,D157,2026-09-26 16:26:29
2023,2023-04-01,New Hampshire,state,month,30,false,NVSS final,D157,2026-09-26 16:26:29
2023,2023-04-01,New Jersey,state,month,209,false,NVSS final,D157,2026-09-26 16:26:29
2023,2023-04-01,New Mexico,state,month,62,false,NVSS final,D157,2026-09-26 16:26:29
2023,2023-04-01,New York,state,month,461,false,NVSS final,D157,2026-09-26 16:26:29
2023,2023-04-01,North Carolina,state,month,296,false,NVSS final,D157,2026-09-26 16:26:29
2023,2023-04-01,Ohio,state,month,337,false,NVSS final,D157,2026-09-26 16:26:29
2023,2023-04-01,Oklahoma,state,month,63,false,NVSS final,D157,2026-09-26 16:26:29
2023,2023-04-01,Oregon,state,month,101,false,NVSS final,D157,2026-09-26 16:26:29
2023,2023-04-01,Pennsylvania,state,month,292,false,NVSS final,D157,2026-09-26 16:26:29
2023,2023-04-01,Rhode Island,state,month,26,false,NVSS final,D157,2026-09-26 16:26:29
2023,2023-04-01,South Carolina,state,month,141,false,NVSS final,D157,2026-09-26 16:26:29
2023,2023-04-01,Tennessee,state,month,257,false,NVSS final,D157,2026-09-26 16:26:29
2023,2023-04-01,Texas,state,month,229,false,NVSS final,D157,2026-09-26 16:26:29
2023,2023-04-01,United States,nation,month,6544,false,NVSS final,D157,2026-09-26 16:26:29
2023,2023-04-01,Utah,state,month,27,false,NVSS final,D157,2026-09-26 16:26:29
2023,2023-04-01,Vermont,state,month,26,false,NVSS final,D157,2026-09-26 16:26:29
2023,2023-04-01,Virginia,state,month,172,false,NVSS final,D157,2026-09-26 16:26:29
2023,2023-04-01,Washington,state,month,246,false,NVSS final,D157,2026-09-26 16:26:29
2023,2023-04-01,West Virginia,state,month,103,false,NVSS final,D157,2026-09-26 16:26:29
2023,2023-04-01,Wisconsin,state,month,119,false,NVSS final,D157,2026-09-26 16:26:29
2023,2023-05-01,Alabama,state,month,111,false,NVSS final,D157,2026-09-26 16:26:29
2023,2023-05-01,Alaska,state,month,25,false,NVSS final,D157,2026-09-26 16:26:29
2023,2023-05-01,Arizona,state,month,154,false,NVSS final,D157,2026-09-26 16:26:29
2023,2023-05-01,Arkansas,state,month,26,false,NVSS final,D157,2026-09-26 16:26:29
2023,2023-05-01,California,state,month,675,false,NVSS final,D157,2026-09-26 16:26:29
2023,2023-05-01,Colorado,state,month,113,false,NVSS final,D157,2026-09-26 16:26:29
2023,2023-05-01,Connecticut,state,month,106,false,NVSS final,D157,2026-09-26 16:26:29
2023,2023-05-01,Delaware,state,month,35,false,NVSS final,D157,2026-09-26 16:26:29
2023,2023-05-01,District of Columbia,state,month,25,false,NVSS final,D157,2026-09-26 16:26:29
2023,2023-05-01,Florida,state,month,406,false,NVSS final,D157,2026-09-26 16:26:29
2023,2023-05-01,Georgia,state,month,159,false,NVSS final,D157,2026-09-26 16:26:29
2023,2023-05-01,Hawaii,state,month,15,false,NVSS final,D157,2026-09-26 16:26:29
2023,2023-05-01,Idaho,state,month,18,false,NVSS final,D157,2026-09-26 16:26:29
2023,2023-05-01,Illinois,state,month,239,false,NVSS final,D157,2026-09-26 16:26:29
2023,2023-05-01,Indiana,state,month,138,false,NVSS final,D157,2026-09-26 16:26:29
2023,2023-05-01,Iowa,state,month,21,false,NVSS final,D157,2026-09-26 16:26:29
2023,2023-05-01,Kansas,state,month,27,false,NVSS final,D157,2026-09-26 16:26:29
2023,2023-05-01,Kentucky,state,month,140,false,NVSS final,D157,2026-09-26 16:26:29
2023,2023-05-01,Louisiana,state,month,88,false,NVSS final,D157,2026-09-26 16:26:29
2023,2023-05-01,Maine,state,month,41,false,NVSS final,D157,2026-09-26 16:26:29
2023,2023-05-01,Maryland,state,month,163,false,NVSS final,D157,2026-09-26 16:26:29
2023,2023-05-01,Massachusetts,state,month,208,false,NVSS final,D157,2026-09-26 16:26:29
2023,2023-05-01,Michigan,state,month,182,false,NVSS final,D157,2026-09-26 16:26:29
2023,2023-05-01,Minnesota,state,month,86,false,NVSS final,D157,2026-09-26 16:26:29
2023,2023-05-01,Mississippi,state,month,37,false,NVSS final,D157,2026-09-26 16:26:29
2023,2023-05-01,Missouri,state,month,114,false,NVSS final,D157,2026-09-26 16:26:29
2023,2023-05-01,Nevada,state,month,49,false,NVSS final,D157,2026-09-26 16:26:29
2023,2023-05-01,New Hampshire,state,month,32,false,NVSS final,D157,2026-09-26 16:26:29
2023,2023-05-01,New Jersey,state,month,218,false,NVSS final,D157,2026-09-26 16:26:29
2023,2023-05-01,New Mexico,state,month,49,false,NVSS final,D157,2026-09-26 16:26:29
2023,2023-05-01,New York,state,month,429,false,NVSS final,D157,2026-09-26 16:26:29
2023,2023-05-01,North Carolina,state,month,329,false,NVSS final,D157,2026-09-26 16:26:29
2023,2023-05-01,Ohio,state,month,330,false,NVSS final,D157,2026-09-26 16:26:29
2023,2023-05-01,Oklahoma,state,month,72,false,NVSS final,D157,2026-09-26 16:26:29
2023,2023-05-01,Oregon,state,month,91,false,NVSS final,D157,2026-09-26 16:26:29
2023,2023-05-01,Pennsylvania,state,month,349,false,NVSS final,D157,2026-09-26 16:26:29
2023,2023-05-01,Rhode Island,state,month,25,false,NVSS final,D157,2026-09-26 16:26:29
2023,2023-05-01,South Carolina,state,month,146,false,NVSS final,D157,2026-09-26 16:26:29
2023,2023-05-01,Tennessee,state,month,246,false,NVSS final,D157,2026-09-26 16:26:29
2023,2023-05-01,Texas,state,month,237,false,NVSS final,D157,2026-09-26 16:26:29
2023,2023-05-01,United States,nation,month,6681,false,NVSS final,D157,2026-09-26 16:26:29
2023,2023-05-01,Utah,state,month,27,false,NVSS final,D157,2026-09-26 16:26:29
2023,2023-05-01,Vermont,state,month,13,false,NVSS final,D157,2026-09-26 16:26:29
2023,2023-05-01,Virginia,state,month,189,false,NVSS final,D157,2026-09-26 16:26:29
2023,2023-05-01,Washington,state,month,231,false,NVSS final,D157,2026-09-26 16:26:29
2023,2023-05-01,West Virginia,state,month,101,false,NVSS final,D157,2026-09-26 16:26:29
2023,2023-05-01,Wisconsin,state,month,131,false,NVSS final,D157,2026-09-26 16:26:29
2023,2023-06-01,Alabama,state,month,97,false,NVSS final,D157,2026-09-26 16:26:29
2023,2023-06-01,Alaska,state,month,19,false,NVSS final,D157,2026-09-26 16:26:29
2023,2023-06-01,Arizona,state,month,139,false,NVSS final,D157,2026-09-26 16:26:29
2023,2023-06-01,Arkansas,state,month,26,false,NVSS final,D157,2026-09-26 16:26:29
2023,2023-06-01,California,state,month,615,false,NVSS final,D157,2026-09-26 16:26:29
2023,2023-06-01,Colorado,state,month,98,false,NVSS final,D157,2026-09-26 16:26:29
2023,2023-06-01,Connecticut,state,month,89,false,NVSS final,D157,2026-09-26 16:26:29
2023,2023-06-01,Delaware,state,month,33,false,NVSS final,D157,2026-09-26 16:26:29
2023,2023-06-01,District of Columbia,state,month,29,false,NVSS final,D157,2026-09-26 16:26:29
2023,2023-06-01,Florida,state,month,391,false,NVSS final,D157,2026-09-26 16:26:29
2023,2023-06-01,Georgia,state,month,137,false,NVSS final,D157,2026-09-26 16:26:29
2023,2023-06-01,Hawaii,state,month,19,false,NVSS final,D157,2026-09-26 16:26:29
2023,2023-06-01,Idaho,state,month,18,false,NVSS final,D157,2026-09-26 16:26:29
2023,2023-06-01,Illinois,state,month,223,false,NVSS final,D157,2026-09-26 16:26:29
2023,2023-06-01,Indiana,state,month,115,false,NVSS final,D157,2026-09-26 16:26:29
2023,2023-06-01,Iowa,state,month,16,false,NVSS final,D157,2026-09-26 16:26:29
2023,2023-06-01,Kansas,state,month,38,false,NVSS final,D157,2026-09-26 16:26:29
2023,2023-06-01,Kentucky,state,month,118,false,NVSS final,D157,2026-09-26 16:26:29
2023,2023-06-01,Louisiana,state,month,90,false,NVSS final,D157,2026-09-26 16:26:29
2023,2023-06-01,Maine,state,month,45,false,NVSS final,D157,2026-09-26 16:26:29
2023,2023-06-01,Maryland,state,month,189,false,NVSS final,D157,2026-09-26 16:26:29
2023,2023-06-01,Massachusetts,state,month,168,false,NVSS final,D157,2026-09-26 16:26:29
2023,2023-06-01,Michigan,state,month,169,false,NVSS final,D157,2026-09-26 16:26:29
2023,2023-06-01,Minnesota,state,month,86,false,NVSS final,D157,2026-09-26 16:26:29
2023,2023-06-01,Mississippi,state,month,32,false,NVSS final,D157,2026-09-26 16:26:29
2023,2023-06-01,Missouri,state,month,103,false,NVSS final,D157,2026-09-26 16:26:29
2023,2023-06-01,Montana,state,month,12,false,NVSS final,D157,2026-09-26 16:26:29
2023,2023-06-01,Nevada,state,month,56,false,NVSS final,D157,2026-09-26 16:26:29
2023,2023-06-01,New Hampshire,state,month,31,false,NVSS final,D157,2026-09-26 16:26:29
2023,2023-06-01,New Jersey,state,month,193,false,NVSS final,D157,2026-09-26 16:26:29
2023,2023-06-01,New Mexico,state,month,72,false,NVSS final,D157,2026-09-26 16:26:29
2023,2023-06-01,New York,state,month,450,false,NVSS final,D157,2026-09-26 16:26:29
2023,2023-06-01,North Carolina,state,month,266,false,NVSS final,D157,2026-09-26 16:26:29
2023,2023-06-01,Ohio,state,month,301,false,NVSS final,D157,2026-09-26 16:26:29
2023,2023-06-01,Oklahoma,state,month,49,false,NVSS final,D157,2026-09-26 16:26:29
2023,2023-06-01,Oregon,state,month,117,false,NVSS final,D157,2026-09-26 16:26:29
2023,2023-06-01,Pennsylvania,state,month,276,false,NVSS final,D157,2026-09-26 16:26:29
2023,2023-06-01,Rhode Island,state,month,29,false,NVSS final,D157,2026-09-26 16:26:29
2023,2023-06-01,South Carolina,state,month,154,false,NVSS final,D157,2026-09-26 16:26:29
2023,2023-06-01,Tennessee,state,month,228,false,NVSS final,D157,2026-09-26 16:26:29
2023,2023-06-01,Texas,state,month,226,false,NVSS final,D157,2026-09-26 16:26:29
2023,2023-06-01,United States,nation,month,6246,false,NVSS final,D157,2026-09-26 16:26:29
2023,2023-06-01,Utah,state,month,38,false,NVSS final,D157,2026-09-26 16:26:29
2023,2023-06-01,Vermont,state,month,15,false,NVSS final,D157,2026-09-26 16:26:29
2023,2023-06-01,Virginia,state,month,192,false,NVSS final,D157,2026-09-26 16:26:29
2023,2023-06-01,Washington,state,month,211,false,NVSS final,D157,2026-09-26 16:26:29
2023,2023-06-01,West Virginia,state,month,91,false,NVSS final,D157,2026-09-26 16:26:29
2023,2023-06-01,Wisconsin,state,month,118,false,NVSS final,D157,2026-09-26 16:26:29
2023,2023-07-01,Alabama,state,month,103,false,NVSS final,D157,2026-09-26 16:26:29
2023,2023-07-01,Alaska,state,month,18,false,NVSS final,D157,2026-09-26 16:26:29
2023,2023-07-01,Arizona,state,month,216,false,NVSS final,D157,2026-09-26 16:26:29
2023,2023-07-01,Arkansas,state,month,24,false,NVSS final,D157,2026-09-26 16:26:29
2023,2023-07-01,California,state,month,699,false,NVSS final,D157,2026-09-26 16:26:29
2023,2023-07-01,Colorado,state,month,99,false,NVSS final,D157,2026-09-26 16:26:29
2023,2023-07-01,Connecticut,state,month,104,false,NVSS final,D157,2026-09-26 16:26:29
2023,2023-07-01,Delaware,state,month,48,false,NVSS final,D157,2026-09-26 16:26:29
2023,2023-07-01,District of Columbia,state,month,24,false,NVSS final,D157,2026-09-26 16:26:29
2023,2023-07-01,Florida,state,month,412,false,NVSS final,D157,2026-09-26 16:26:29
2023,2023-07-01,Georgia,state,month,130,false,NVSS final,D157,2026-09-26 16:26:29
2023,2023-07-01,Hawaii,state,month,12,false,NVSS final,D157,2026-09-26 16:26:29
2023,2023-07-01,Idaho,state,month,19,false,NVSS final,D157,2026-09-26 16:26:29
2023,2023-07-01,Illinois,state,month,190,false,NVSS final,D157,2026-09-26 16:26:29
2023,2023-07-01,Indiana,state,month,140,false,NVSS final,D157,2026-09-26 16:26:29
2023,2023-07-01,Iowa,state,month,24,false,NVSS final,D157,2026-09-26 16:26:29
2023,2023-07-01,Kansas,state,month,22,false,NVSS final,D157,2026-09-26 16:26:29
2023,2023-07-01,Kentucky,state,month,108,false,NVSS final,D157,2026-09-26 16:26:29
2023,2023-07-01,Louisiana,state,month,76,false,NVSS final,D157,2026-09-26 16:26:29
2023,2023-07-01,Maine,state,month,40,false,NVSS final,D157,2026-09-26 16:26:29
2023,2023-07-01,Maryland,state,month,181,false,NVSS final,D157,2026-09-26 16:26:29
2023,2023-07-01,Massachusetts,state,month,170,false,NVSS final,D157,2026-09-26 16:26:29
2023,2023-07-01,Michigan,state,month,186,false,NVSS final,D157,2026-09-26 16:26:29
2023,2023-07-01,Minnesota,state,month,76,false,NVSS final,D157,2026-09-26 16:26:29
2023,2023-07-01,Mississippi,state,month,27,false,NVSS final,D157,2026-09-26 16:26:29
2023,2023-07-01,Missouri,state,month,101,false,NVSS final,D157,2026-09-26 16:26:29
2023,2023-07-01,Nevada,state,month,59,false,NVSS final,D157,2026-09-26 16:26:29
2023,2023-07-01,New Hampshire,state,month,35,false,NVSS final,D157,2026-09-26 16:26:29
2023,2023-07-01,New Jersey,state,month,194,false,NVSS final,D157,2026-09-26 16:26:29
2023,2023-07-01,New Mexico,state,month,62,false,NVSS final,D157,2026-09-26 16:26:29
2023,2023-07-01,New York,state,month,401,false,NVSS final,D157,2026-09-26 16:26:29
2023,2023-07-01,North Carolina,state,month,213,false,NVSS final,D157,2026-09-26 16:26:29
2023,2023-07-01,Ohio,state,month,346,false,NVSS final,D157,2026-09-26 16:26:29
2023,2023-07-01,Oklahoma,state,month,61,false,NVSS final,D157,2026-09-26 16:26:29
2023,2023-07-01,Oregon,state,month,141,false,NVSS final,D157,2026-09-26 16:26:29
2023,2023-07-01,Pennsylvania,state,month,302,false,NVSS final,D157,2026-09-26 16:26:29
2023,2023-07-01,Rhode Island,state,month,28,false,NVSS final,D157,2026-09-26 16:26:29
2023,2023-07-01,South Carolina,state,month,122,false,NVSS final,D157,2026-09-26 16:26:29
2023,2023-07-01,Tennessee,state,month,190,false,NVSS final,D157,2026-09-26 16:26:29
2023,2023-07-01,Texas,state,month,227,false,NVSS final,D157,2026-09-26 16:26:29
2023,2023-07-01,United States,nation,month,6334,false,NVSS final,D157,2026-09-26 16:26:29
2023,2023-07-01,Utah,state,month,20,false,NVSS final,D157,2026-09-26 16:26:29
2023,2023-07-01,Vermont,state,month,25,false,NVSS final,D157,2026-09-26 16:26:29
2023,2023-07-01,Virginia,state,month,170,false,NVSS final,D157,2026-09-26 16:26:29
2023,2023-07-01,Washington,state,month,249,false,NVSS final,D157,2026-09-26 16:26:29
2023,2023-07-01,West Virginia,state,month,99,false,NVSS final,D157,2026-09-26 16:26:29
2023,2023-07-01,Wisconsin,state,month,114,false,NVSS final,D157,2026-09-26 16:26:29
2023,2023-08-01,Alabama,state,month,75,false,NVSS final,D157,2026-09-26 16:26:29
2023,2023-08-01,Alaska,state,month,19,false,NVSS final,D157,2026-09-26 16:26:29
2023,2023-08-01,Arizona,state,month,170,false,NVSS final,D157,2026-09-26 16:26:29
2023,2023-08-01,Arkansas,state,month,25,false,NVSS final,D157,2026-09-26 16:26:29
2023,2023-08-01,California,state,month,624,false,NVSS final,D157,2026-09-26 16:26:29
2023,2023-08-01,Colorado,state,month,94,false,NVSS final,D157,2026-09-26 16:26:29
2023,2023-08-01,Connecticut,state,month,87,false,NVSS final,D157,2026-09-26 16:26:29
2023,2023-08-01,Delaware,state,month,33,false,NVSS final,D157,2026-09-26 16:26:29
2023,2023-08-01,District of Columbia,state,month,38,false,NVSS final,D157,2026-09-26 16:26:29
2023,2023-08-01,Florida,state,month,387,false,NVSS final,D157,2026-09-26 16:26:29
2023,2023-08-01,Georgia,state,month,156,false,NVSS final,D157,2026-09-26 16:26:29
2023,2023-08-01,Hawaii,state,month,11,false,NVSS final,D157,2026-09-26 16:26:29
2023,2023-08-01,Idaho,state,month,17,false,NVSS final,D157,2026-09-26 16:26:29
2023,2023-08-01,Illinois,state,month,227,false,NVSS final,D157,2026-09-26 16:26:29
2023,2023-08-01,Indiana,state,month,148,false,NVSS final,D157,2026-09-26 16:26:29
2023,2023-08-01,Iowa,state,month,22,false,NVSS final,D157,2026-09-26 16:26:29
2023,2023-08-01,Kansas,state,month,29,false,NVSS final,D157,2026-09-26 16:26:29
2023,2023-08-01,Kentucky,state,month,134,false,NVSS final,D157,2026-09-26 16:26:29
2023,2023-08-01,Louisiana,state,month,78,false,NVSS final,D157,2026-09-26 16:26:29
2023,2023-08-01,Maine,state,month,29,false,NVSS final,D157,2026-09-26 16:26:29
2023,2023-08-01,Maryland,state,month,151,false,NVSS final,D157,2026-09-26 16:26:29
2023,2023-08-01,Massachusetts,state,month,177,false,NVSS final,D157,2026-09-26 16:26:29
2023,2023-08-01,Michigan,state,month,181,false,NVSS final,D157,2026-09-26 16:26:29
2023,2023-08-01,Minnesota,state,month,82,false,NVSS final,D157,2026-09-26 16:26:29
2023,2023-08-01,Mississippi,state,month,41,false,NVSS final,D157,2026-09-26 16:26:29
2023,2023-08-01,Missouri,state,month,115,false,NVSS final,D157,2026-09-26 16:26:29
2023,2023-08-01,Nevada,state,month,79,false,NVSS final,D157,2026-09-26 16:26:29
2023,2023-08-01,New Hampshire,state,month,32,false,NVSS final,D157,2026-09-26 16:26:29
2023,2023-08-01,New Jersey,state,month,195,false,NVSS final,D157,2026-09-26 16:26:29
2023,2023-08-01,New Mexico,state,month,58,false,NVSS final,D157,2026-09-26 16:26:29
2023,2023-08-01,New York,state,month,443,false,NVSS final,D157,2026-09-26 16:26:29
2023,2023-08-01,North Carolina,state,month,217,false,NVSS final,D157,2026-09-26 16:26:29
2023,2023-08-01,Ohio,state,month,317,false,NVSS final,D157,2026-09-26 16:26:29
2023,2023-08-01,Oklahoma,state,month,58,false,NVSS final,D157,2026-09-26 16:26:29
2023,2023-08-01,Oregon,state,month,121,false,NVSS final,D157,2026-09-26 16:26:29
2023,2023-08-01,Pennsylvania,state,month,252,false,NVSS final,D157,2026-09-26 16:26:29
2023,2023-08-01,Rhode Island,state,month,21,false,NVSS final,D157,2026-09-26 16:26:29
2023,2023-08-01,South Carolina,state,month,111,false,NVSS final,D157,2026-09-26 16:26:29
2023,2023-08-01,Tennessee,state,month,256,false,NVSS final,D157,2026-09-26 16:26:29
2023,2023-08-01,Texas,state,month,234,false,NVSS final,D157,2026-09-26 16:26:29
2023,2023-08-01,United States,nation,month,6185,false,NVSS final,D157,2026-09-26 16:26:29
2023,2023-08-01,Utah,state,month,26,false,NVSS final,D157,2026-09-26 16:26:29
2023,2023-08-01,Vermont,state,month,22,false,NVSS final,D157,2026-09-26 16:26:29
2023,2023-08-01,Virginia,state,month,162,false,NVSS final,D157,2026-09-26 16:26:29
2023,2023-08-01,Washington,state,month,203,false,NVSS final,D157,2026-09-26 16:26:29
2023,2023-08-01,West Virginia,state,month,98,false,NVSS final,D157,2026-09-26 16:26:29
2023,2023-08-01,Wisconsin,state,month,103,false,NVSS final,D157,2026-09-26 16:26:29
2023,2023-09-01,Alabama,state,month,85,false,NVSS final,D157,2026-09-26 16:26:29
2023,2023-09-01,Alaska,state,month,30,false,NVSS final,D157,2026-09-26 16:26:29
2023,2023-09-01,Arizona,state,month,133,false,NVSS final,D157,2026-09-26 16:26:29
2023,2023-09-01,Arkansas,state,month,21,false,NVSS final,D157,2026-09-26 16:26:29
2023,2023-09-01,California,state,month,569,false,NVSS final,D157,2026-09-26 16:26:29
2023,2023-09-01,Colorado,state,month,92,false,NVSS final,D157,2026-09-26 16:26:29
2023,2023-09-01,Connecticut,state,month,99,false,NVSS final,D157,2026-09-26 16:26:29
2023,2023-09-01,Delaware,state,month,26,false,NVSS final,D157,2026-09-26 16:26:29
2023,2023-09-01,District of Columbia,state,month,30,false,NVSS final,D157,2026-09-26 16:26:29
2023,2023-09-01,Florida,state,month,379,false,NVSS final,D157,2026-09-26 16:26:29
2023,2023-09-01,Georgia,state,month,119,false,NVSS final,D157,2026-09-26 16:26:29
2023,2023-09-01,Idaho,state,month,18,false,NVSS final,D157,2026-09-26 16:26:29
2023,2023-09-01,Illinois,state,month,217,false,NVSS final,D157,2026-09-26 16:26:29
2023,2023-09-01,Indiana,state,month,127,false,NVSS final,D157,2026-09-26 16:26:29
2023,2023-09-01,Iowa,state,month,15,false,NVSS final,D157,2026-09-26 16:26:29
2023,2023-09-01,Kansas,state,month,20,false,NVSS final,D157,2026-09-26 16:26:29
2023,2023-09-01,Kentucky,state,month,102,false,NVSS final,D157,2026-09-26 16:26:29
2023,2023-09-01,Louisiana,state,month,76,false,NVSS final,D157,2026-09-26 16:26:29
2023,2023-09-01,Maine,state,month,43,false,NVSS final,D157,2026-09-26 16:26:29
2023,2023-09-01,Maryland,state,month,153,false,NVSS final,D157,2026-09-26 16:26:29
2023,2023-09-01,Massachusetts,state,month,160,false,NVSS final,D157,2026-09-26 16:26:29
2023,2023-09-01,Michigan,state,month,172,false,NVSS final,D157,2026-09-26 16:26:29
2023,2023-09-01,Minnesota,state,month,68,false,NVSS final,D157,2026-09-26 16:26:29
2023,2023-09-01,Mississippi,state,month,37,false,NVSS final,D157,2026-09-26 16:26:29
2023,2023-09-01,Missouri,state,month,104,false,NVSS final,D157,2026-09-26 16:26:29
2023,2023-09-01,Nevada,state,month,59,false,NVSS final,D157,2026-09-26 16:26:29
2023,2023-09-01,New Hampshire,state,month,33,false,NVSS final,D157,2026-09-26 16:26:29
2023,2023-09-01,New Jersey,state,month,151,false,NVSS final,D157,2026-09-26 16:26:29
2023,2023-09-01,New Mexico,state,month,51,false,NVSS final,D157,2026-09-26 16:26:29
2023,2023-09-01,New York,state,month,361,false,NVSS final,D157,2026-09-26 16:26:29
2023,2023-09-01,North Carolina,state,month,178,false,NVSS final,D157,2026-09-26 16:26:29
2023,2023-09-01,Ohio,state,month,263,false,NVSS final,D157,2026-09-26 16:26:29
2023,2023-09-01,Oklahoma,state,month,63,false,NVSS final,D157,2026-09-26 16:26:29
2023,2023-09-01,Oregon,state,month,118,false,NVSS final,D157,2026-09-26 16:26:29
2023,2023-09-01,Pennsylvania,state,month,229,false,NVSS final,D157,2026-09-26 16:26:29
2023,2023-09-01,Rhode Island,state,month,26,false,NVSS final,D157,2026-09-26 16:26:29
2023,2023-09-01,South Carolina,state,month,120,false,NVSS final,D157,2026-09-26 16:26:29
2023,2023-09-01,Tennessee,state,month,245,false,NVSS final,D157,2026-09-26 16:26:29
2023,2023-09-01,Texas,state,month,202,false,NVSS final,D157,2026-09-26 16:26:29
2023,2023-09-01,United States,nation,month,5618,false,NVSS final,D157,2026-09-26 16:26:29
2023,2023-09-01,Utah,state,month,25,false,NVSS final,D157,2026-09-26 16:26:29
2023,2023-09-01,Vermont,state,month,16,false,NVSS final,D157,2026-09-26 16:26:29
2023,2023-09-01,Virginia,state,month,136,false,NVSS final,D157,2026-09-26 16:26:29
2023,2023-09-01,Washington,state,month,223,false,NVSS final,D157,2026-09-26 16:26:29
2023,2023-09-01,West Virginia,state,month,87,false,NVSS final,D157,2026-09-26 16:26:29
2023,2023-09-01,Wisconsin,state,month,108,false,NVSS final,D157,2026-09-26 16:26:29
2023,2023-10-01,Alabama,state,month,83,false,NVSS final,D157,2026-09-26 16:26:29
2023,2023-10-01,Alaska,state,month,22,false,NVSS final,D157,2026-09-26 16:26:29
2023,2023-10-01,Arizona,state,month,143,false,NVSS final,D157,2026-09-26 16:26:29
2023,2023-10-01,Arkansas,state,month,20,false,NVSS final,D157,2026-09-26 16:26:29
2023,2023-10-01,California,state,month,554,false,NVSS final,D157,2026-09-26 16:26:29
2023,2023-10-01,Colorado,state,month,87,false,NVSS final,D157,2026-09-26 16:26:29
2023,2023-10-01,Connecticut,state,month,74,false,NVSS final,D157,2026-09-26 16:26:29
2023,2023-10-01,Delaware,state,month,26,false,NVSS final,D157,2026-09-26 16:26:29
2023,2023-10-01,District of Columbia,state,month,25,false,NVSS final,D157,2026-09-26 16:26:29
2023,2023-10-01,Florida,state,month,372,false,NVSS final,D157,2026-09-26 16:26:29
2023,2023-10-01,Georgia,state,month,120,false,NVSS final,D157,2026-09-26 16:26:29
2023,2023-10-01,Idaho,state,month,15,false,NVSS final,D157,2026-09-26 16:26:29
2023,2023-10-01,Illinois,state,month,218,false,NVSS final,D157,2026-09-26 16:26:29
2023,2023-10-01,Indiana,state,month,124,false,NVSS final,D157,2026-09-26 16:26:29
2023,2023-10-01,Kansas,state,month,29,false,NVSS final,D157,2026-09-26 16:26:29
2023,2023-10-01,Kentucky,state,month,95,false,NVSS final,D157,2026-09-26 16:26:29
2023,2023-10-01,Louisiana,state,month,78,false,NVSS final,D157,2026-09-26 16:26:29
2023,2023-10-01,Maine,state,month,38,false,NVSS final,D157,2026-09-26 16:26:29
2023,2023-10-01,Maryland,state,month,190,false,NVSS final,D157,2026-09-26 16:26:29
2023,2023-10-01,Massachusetts,state,month,148,false,NVSS final,D157,2026-09-26 16:26:29
2023,2023-10-01,Michigan,state,month,165,false,NVSS final,D157,2026-09-26 16:26:29
2023,2023-10-01,Minnesota,state,month,63,false,NVSS final,D157,2026-09-26 16:26:29
2023,2023-10-01,Mississippi,state,month,31,false,NVSS final,D157,2026-09-26 16:26:29
2023,2023-10-01,Missouri,state,month,120,false,NVSS final,D157,2026-09-26 16:26:29
2023,2023-10-01,Nevada,state,month,63,false,NVSS final,D157,2026-09-26 16:26:29
2023,2023-10-01,New Hampshire,state,month,22,false,NVSS final,D157,2026-09-26 16:26:29
2023,2023-10-01,New Jersey,state,month,183,false,NVSS final,D157,2026-09-26 16:26:29
2023,2023-10-01,New Mexico,state,month,48,false,NVSS final,D157,2026-09-26 16:26:29
2023,2023-10-01,New York,state,month,403,false,NVSS final,D157,2026-09-26 16:26:29
2023,2023-10-01,North Carolina,state,month,143,false,NVSS final,D157,2026-09-26 16:26:29
2023,2023-10-01,Ohio,state,month,255,false,NVSS final,D157,2026-09-26 16:26:29
2023,2023-10-01,Oklahoma,state,month,65,false,NVSS final,D157,2026-09-26 16:26:29
2023,2023-10-01,Oregon,state,month,117,false,NVSS final,D157,2026-09-26 16:26:29
2023,2023-10-01,Pennsylvania,state,month,285,false,NVSS final,D157,2026-09-26 16:26:29
2023,2023-10-01,Rhode Island,state,month,23,false,NVSS final,D157,2026-09-26 16:26:29
2023,2023-10-01,South Carolina,state,month,133,false,NVSS final,D157,2026-09-26 16:26:29
2023,2023-10-01,Tennessee,state,month,220,false,NVSS final,D157,2026-09-26 16:26:29
2023,2023-10-01,Texas,state,month,199,false,NVSS final,D157,2026-09-26 16:26:29
2023,2023-10-01,United States,nation,month,5595,false,NVSS final,D157,2026-09-26 16:26:29
2023,2023-10-01,Utah,state,month,20,false,NVSS final,D157,2026-09-26 16:26:29
2023,2023-10-01,Vermont,state,month,19,false,NVSS final,D157,2026-09-26 16:26:29
2023,2023-10-01,Virginia,state,month,137,false,NVSS final,D157,2026-09-26 16:26:29
2023,2023-10-01,Washington,state,month,205,false,NVSS final,D157,2026-09-26 16:26:29
2023,2023-10-01,West Virginia,state,month,83,false,NVSS final,D157,2026-09-26 16:26:29
2023,2023-10-01,Wisconsin,state,month,93,false,NVSS final,D157,2026-09-26 16:26:29
2023,2023-11-01,Alabama,state,month,88,false,NVSS final,D157,2026-09-26 16:26:29
2023,2023-11-01,Alaska,state,month,26,false,NVSS final,D157,2026-09-26 16:26:29
2023,2023-11-01,Arizona,state,month,128,false,NVSS final,D157,2026-09-26 16:26:29
2023,2023-11-01,Arkansas,state,month,21,false,NVSS final,D157,2026-09-26 16:26:29
2023,2023-11-01,California,state,month,490,false,NVSS final,D157,2026-09-26 16:26:29
2023,2023-11-01,Colorado,state,month,114,false,NVSS final,D157,2026-09-26 16:26:29
2023,2023-11-01,Connecticut,state,month,89,false,NVSS final,D157,2026-09-26 16:26:29
2023,2023-11-01,Delaware,state,month,35,false,NVSS final,D157,2026-09-26 16:26:29
2023,2023-11-01,District of Columbia,state,month,25,false,NVSS final,D157,2026-09-26 16:26:29
2023,2023-11-01,Florida,state,month,315,false,NVSS final,D157,2026-09-26 16:26:29
2023,2023-11-01,Georgia,state,month,141,false,NVSS final,D157,2026-09-26 16:26:29
2023,2023-11-01,Idaho,state,month,15,false,NVSS final,D157,2026-09-26 16:26:29
2023,2023-11-01,Illinois,state,month,197,false,NVSS final,D157,2026-09-26 16:26:29
2023,2023-11-01,Indiana,state,month,110,false,NVSS final,D157,2026-09-26 16:26:29
2023,2023-11-01,Iowa,state,month,15,false,NVSS final,D157,2026-09-26 16:26:29
2023,2023-11-01,Kansas,state,month,28,false,NVSS final,D157,2026-09-26 16:26:29
2023,2023-11-01,Kentucky,state,month,95,false,NVSS final,D157,2026-09-26 16:26:29
2023,2023-11-01,Louisiana,state,month,76,false,NVSS final,D157,2026-09-26 16:26:29
2023,2023-11-01,Maine,state,month,41,false,NVSS final,D157,2026-09-26 16:26:29
2023,2023-11-01,Maryland,state,month,170,false,NVSS final,D157,2026-09-26 16:26:29
2023,2023-11-01,Massachusetts,state,month,142,false,NVSS final,D157,2026-09-26 16:26:29
2023,2023-11-01,Michigan,state,month,131,false,NVSS final,D157,2026-09-26 16:26:29
2023,2023-11-01,Minnesota,state,month,72,false,NVSS final,D157,2026-09-26 16:26:29
2023,2023-11-01,Mississippi,state,month,50,false,NVSS final,D157,2026-09-26 16:26:29
2023,2023-11-01,Missouri,state,month,91,false,NVSS final,D157,2026-09-26 16:26:29
2023,2023-11-01,Nevada,state,month,59,false,NVSS final,D157,2026-09-26 16:26:29
2023,2023-11-01,New Hampshire,state,month,23,false,NVSS final,D157,2026-09-26 16:26:29
2023,2023-11-01,New Jersey,state,month,152,false,NVSS final,D157,2026-09-26 16:26:29
2023,2023-11-01,New Mexico,state,month,47,false,NVSS final,D157,2026-09-26 16:26:29
2023,2023-11-01,New York,state,month,354,false,NVSS final,D157,2026-09-26 16:26:29
2023,2023-11-01,North Carolina,state,month,122,false,NVSS final,D157,2026-09-26 16:26:29
2023,2023-11-01,Ohio,state,month,230,false,NVSS final,D157,2026-09-26 16:26:29
2023,2023-11-01,Oklahoma,state,month,56,false,NVSS final,D157,2026-09-26 16:26:29
2023,2023-11-01,Oregon,state,month,77,false,NVSS final,D157,2026-09-26 16:26:29
2023,2023-11-01,Pennsylvania,state,month,208,false,NVSS final,D157,2026-09-26 16:26:29
2023,2023-11-01,Rhode Island,state,month,27,false,NVSS final,D157,2026-09-26 16:26:29
2023,2023-11-01,South Carolina,state,month,100,false,NVSS final,D157,2026-09-26 16:26:29
2023,2023-11-01,Tennessee,state,month,196,false,NVSS final,D157,2026-09-26 16:26:29
2023,2023-11-01,Texas,state,month,211,false,NVSS final,D157,2026-09-26 16:26:29
2023,2023-11-01,United States,nation,month,5173,false,NVSS final,D157,2026-09-26 16:26:29
2023,2023-11-01,Utah,state,month,37,false,NVSS final,D157,2026-09-26 16:26:29
2023,2023-11-01,Vermont,state,month,10,false,NVSS final,D157,2026-09-26 16:26:29
2023,2023-11-01,Virginia,state,month,128,false,NVSS final,D157,2026-09-26 16:26:29
2023,2023-11-01,Washington,state,month,218,false,NVSS final,D157,2026-09-26 16:26:29
2023,2023-11-01,West Virginia,state,month,90,false,NVSS final,D157,2026-09-26 16:26:29
2023,2023-11-01,Wisconsin,state,month,100,false,NVSS final,D157,2026-09-26 16:26:29
2023,2023-12-01,Alabama,state,month,86,false,NVSS final,D157,2026-09-26 16:26:29
2023,2023-12-01,Alaska,state,month,42,false,NVSS final,D157,2026-09-26 16:26:29
2023,2023-12-01,Arizona,state,month,116,false,NVSS final,D157,2026-09-26 16:26:29
2023,2023-12-01,Arkansas,state,month,16,false,NVSS final,D157,2026-09-26 16:26:29
2023,2023-12-01,California,state,month,517,false,NVSS final,D157,2026-09-26 16:26:29
2023,2023-12-01,Colorado,state,month,73,false,NVSS final,D157,2026-09-26 16:26:29
2023,2023-12-01,Connecticut,state,month,82,false,NVSS final,D157,2026-09-26 16:26:29
2023,2023-12-01,Delaware,state,month,27,false,NVSS final,D157,2026-09-26 16:26:29
2023,2023-12-01,District of Columbia,state,month,32,false,NVSS final,D157,2026-09-26 16:26:29
2023,2023-12-01,Florida,state,month,348,false,NVSS final,D157,2026-09-26 16:26:29
2023,2023-12-01,Georgia,state,month,108,false,NVSS final,D157,2026-09-26 16:26:29
2023,2023-12-01,Illinois,state,month,203,false,NVSS final,D157,2026-09-26 16:26:29
2023,2023-12-01,Indiana,state,month,111,false,NVSS final,D157,2026-09-26 16:26:29
2023,2023-12-01,Iowa,state,month,16,false,NVSS final,D157,2026-09-26 16:26:29
2023,2023-12-01,Kansas,state,month,23,false,NVSS final,D157,2026-09-26 16:26:29
2023,2023-12-01,Kentucky,state,month,126,false,NVSS final,D157,2026-09-26 16:26:29
2023,2023-12-01,Louisiana,state,month,85,false,NVSS final,D157,2026-09-26 16:26:29
2023,2023-12-01,Maine,state,month,35,false,NVSS final,D157,2026-09-26 16:26:29
2023,2023-12-01,Maryland,state,month,173,false,NVSS final,D157,2026-09-26 16:26:29
2023,2023-12-01,Massachusetts,state,month,153,false,NVSS final,D157,2026-09-26 16:26:29
2023,2023-12-01,Michigan,state,month,158,false,NVSS final,D157,2026-09-26 16:26:29
2023,2023-12-01,Minnesota,state,month,71,false,NVSS final,D157,2026-09-26 16:26:29
2023,2023-12-01,Mississippi,state,month,45,false,NVSS final,D157,2026-09-26 16:26:29
2023,2023-12-01,Missouri,state,month,82,false,NVSS final,D157,2026-09-26 16:26:29
2023,2023-12-01,Montana,state,month,11,false,NVSS final,D157,2026-09-26 16:26:29
2023,2023-12-01,Nevada,state,month,69,false,NVSS final,D157,2026-09-26 16:26:29
2023,2023-12-01,New Hampshire,state,month,24,false,NVSS final,D157,2026-09-26 16:26:29
2023,2023-12-01,New Jersey,state,month,144,false,NVSS final,D157,2026-09-26 16:26:29
2023,2023-12-01,New Mexico,state,month,53,false,NVSS final,D157,2026-09-26 16:26:29
2023,2023-12-01,New York,state,month,408,false,NVSS final,D157,2026-09-26 16:26:29
2023,2023-12-01,North Carolina,state,month,120,false,NVSS final,D157,2026-09-26 16:26:29
2023,2023-12-01,Ohio,state,month,242,false,NVSS final,D157,2026-09-26 16:26:29
2023,2023-12-01,Oklahoma,state,month,52,false,NVSS final,D157,2026-09-26 16:26:29
2023,2023-12-01,Oregon,state,month,98,false,NVSS final,D157,2026-09-26 16:26:29
2023,2023-12-01,Pennsylvania,state,month,213,false,NVSS final,D157,2026-09-26 16:26:29
2023,2023-12-01,Rhode Island,state,month,28,false,NVSS final,D157,2026-09-26 16:26:29
2023,2023-12-01,South Carolina,state,month,114,false,NVSS final,D157,2026-09-26 16:26:29
2023,2023-12-01,Tennessee,state,month,209,false,NVSS final,D157,2026-09-26 16:26:29
2023,2023-12-01,Texas,state,month,186,false,NVSS final,D157,2026-09-26 16:26:29
2023,2023-12-01,United States,nation,month,5320,false,NVSS final,D157,2026-09-26 16:26:29
2023,2023-12-01,Utah,state,month,31,false,NVSS final,D157,2026-09-26 16:26:29
2023,2023-12-01,Vermont,state,month,18,false,NVSS final,D157,2026-09-26 16:26:29
2023,2023-12-01,Virginia,state,month,134,false,NVSS final,D157,2026-09-26 16:26:29
2023,2023-12-01,Washington,state,month,227,false,NVSS final,D157,2026-09-26 16:26:29
2023,2023-12-01,West Virginia,state,month,103,false,NVSS final,D157,2026-09-26 16:26:29
2023,2023-12-01,Wisconsin,state,month,74,false,NVSS final,D157,2026-09-26 16:26:29
2024,2024-01-01,Alabama,state,month,77,false,NVSS final,D157,2026-09-26 16:26:29
2024,2024-01-01,Alaska,state,month,31,false,NVSS final,D157,2026-09-26 16:26:29
2024,2024-01-01,Arizona,state,month,117,false,NVSS final,D157,2026-09-26 16:26:29
2024,2024-01-01,Arkansas,state,month,14,false,NVSS final,D157,2026-09-26 16:26:29
2024,2024-01-01,California,state,month,512,false,NVSS final,D157,2026-09-26 16:26:29
2024,2024-01-01,Colorado,state,month,68,false,NVSS final,D157,2026-09-26 16:26:29
2024,2024-01-01,Connecticut,state,month,85,false,NVSS final,D157,2026-09-26 16:26:29
2024,2024-01-01,Delaware,state,month,29,false,NVSS final,D157,2026-09-26 16:26:29
2024,2024-01-01,District of Columbia,state,month,16,false,NVSS final,D157,2026-09-26 16:26:29
2024,2024-01-01,Florida,state,month,326,false,NVSS final,D157,2026-09-26 16:26:29
2024,2024-01-01,Georgia,state,month,118,false,NVSS final,D157,2026-09-26 16:26:29
2024,2024-01-01,Hawaii,state,month,12,false,NVSS final,D157,2026-09-26 16:26:29
2024,2024-01-01,Idaho,state,month,10,false,NVSS final,D157,2026-09-26 16:26:29
2024,2024-01-01,Illinois,state,month,155,false,NVSS final,D157,2026-09-26 16:26:29
2024,2024-01-01,Indiana,state,month,102,false,NVSS final,D157,2026-09-26 16:26:29
2024,2024-01-01,Iowa,state,month,11,false,NVSS final,D157,2026-09-26 16:26:29
2024,2024-01-01,Kansas,state,month,25,false,NVSS final,D157,2026-09-26 16:26:29
2024,2024-01-01,Kentucky,state,month,100,false,NVSS final,D157,2026-09-26 16:26:29
2024,2024-01-01,Louisiana,state,month,71,false,NVSS final,D157,2026-09-26 16:26:29
2024,2024-01-01,Maine,state,month,40,false,NVSS final,D157,2026-09-26 16:26:29
2024,2024-01-01,Maryland,state,month,141,false,NVSS final,D157,2026-09-26 16:26:29
2024,2024-01-01,Massachusetts,state,month,136,false,NVSS final,D157,2026-09-26 16:26:29
2024,2024-01-01,Michigan,state,month,149,false,NVSS final,D157,2026-09-26 16:26:29
2024,2024-01-01,Minnesota,state,month,76,false,NVSS final,D157,2026-09-26 16:26:29
2024,2024-01-01,Mississippi,state,month,26,false,NVSS final,D157,2026-09-26 16:26:29
2024,2024-01-01,Missouri,state,month,97,false,NVSS final,D157,2026-09-26 16:26:29
2024,2024-01-01,Nevada,state,month,69,false,NVSS final,D157,2026-09-26 16:26:29
2024,2024-01-01,New Hampshire,state,month,27,false,NVSS final,D157,2026-09-26 16:26:29
2024,2024-01-01,New Jersey,state,month,168,false,NVSS final,D157,2026-09-26 16:26:29
2024,2024-01-01,New Mexico,state,month,38,false,NVSS final,D157,2026-09-26 16:26:29
2024,2024-01-01,New York,state,month,343,false,NVSS final,D157,2026-09-26 16:26:29
2024,2024-01-01,North Carolina,state,month,227,false,NVSS final,D157,2026-09-26 16:26:29
2024,2024-01-01,Ohio,state,month,206,false,NVSS final,D157,2026-09-26 16:26:29
2024,2024-01-01,Oklahoma,state,month,71,false,NVSS final,D157,2026-09-26 16:26:29
2024,2024-01-01,Oregon,state,month,121,false,NVSS final,D157,2026-09-26 16:26:29
2024,2024-01-01,Pennsylvania,state,month,207,false,NVSS final,D157,2026-09-26 16:26:29
2024,2024-01-01,Rhode Island,state,month,25,false,NVSS final,D157,2026-09-26 16:26:29
2024,2024-01-01,South Carolina,state,month,122,false,NVSS final,D157,2026-09-26 16:26:29
2024,2024-01-01,Tennessee,state,month,189,false,NVSS final,D157,2026-09-26 16:26:29
2024,2024-01-01,Texas,state,month,204,false,NVSS final,D157,2026-09-26 16:26:29
2024,2024-01-01,United States,nation,month,5115,false,NVSS final,D157,2026-09-26 16:26:29
2024,2024-01-01,Utah,state,month,29,false,NVSS final,D157,2026-09-26 16:26:29
2024,2024-01-01,Vermont,state,month,15,false,NVSS final,D157,2026-09-26 16:26:29
2024,2024-01-01,Virginia,state,month,111,false,NVSS final,D157,2026-09-26 16:26:29
2024,2024-01-01,Washington,state,month,229,false,NVSS final,D157,2026-09-26 16:26:29
2024,2024-01-01,West Virginia,state,month,68,false,NVSS final,D157,2026-09-26 16:26:29
2024,2024-01-01,Wisconsin,state,month,78,false,NVSS final,D157,2026-09-26 16:26:29
2024,2024-02-01,Alabama,state,month,77,false,NVSS final,D157,2026-09-26 16:26:29
2024,2024-02-01,Alaska,state,month,34,false,NVSS final,D157,2026-09-26 16:26:29
2024,2024-02-01,Arizona,state,month,94,false,NVSS final,D157,2026-09-26 16:26:29
2024,2024-02-01,Arkansas,state,month,13,false,NVSS final,D157,2026-09-26 16:26:29
2024,2024-02-01,California,state,month,467,false,NVSS final,D157,2026-09-26 16:26:29
2024,2024-02-01,Colorado,state,month,67,false,NVSS final,D157,2026-09-26 16:26:29
2024,2024-02-01,Connecticut,state,month,75,false,NVSS final,D157,2026-09-26 16:26:29
2024,2024-02-01,Delaware,state,month,26,false,NVSS final,D157,2026-09-26 16:26:29
2024,2024-02-01,District of Columbia,state,month,20,false,NVSS final,D157,2026-09-26 16:26:29
2024,2024-02-01,Florida,state,month,319,false,NVSS final,D157,2026-09-26 16:26:29
2024,2024-02-01,Georgia,state,month,97,false,NVSS final,D157,2026-09-26 16:26:29
2024,2024-02-01,Idaho,state,month,15,false,NVSS final,D157,2026-09-26 16:26:29
2024,2024-02-01,Illinois,state,month,150,false,NVSS final,D157,2026-09-26 16:26:29
2024,2024-02-01,Indiana,state,month,110,false,NVSS final,D157,2026-09-26 16:26:29
2024,2024-02-01,Iowa,state,month,10,false,NVSS final,D157,2026-09-26 16:26:29
2024,2024-02-01,Kansas,state,month,26,false,NVSS final,D157,2026-09-26 16:26:29
2024,2024-02-01,Kentucky,state,month,97,false,NVSS final,D157,2026-09-26 16:26:29
2024,2024-02-01,Louisiana,state,month,65,false,NVSS final,D157,2026-09-26 16:26:29
2024,2024-02-01,Maine,state,month,33,false,NVSS final,D157,2026-09-26 16:26:29
2024,2024-02-01,Maryland,state,month,134,false,NVSS final,D157,2026-09-26 16:26:29
2024,2024-02-01,Massachusetts,state,month,108,false,NVSS final,D157,2026-09-26 16:26:29
2024,2024-02-01,Michigan,state,month,120,false,NVSS final,D157,2026-09-26 16:26:29
2024,2024-02-01,Minnesota,state,month,50,false,NVSS final,D157,2026-09-26 16:26:29
2024,2024-02-01,Mississippi,state,month,34,false,NVSS final,D157,2026-09-26 16:26:29
2024,2024-02-01,Missouri,state,month,95,false,NVSS final,D157,2026-09-26 16:26:29
2024,2024-02-01,Nevada,state,month,59,false,NVSS final,D157,2026-09-26 16:26:29
2024,2024-02-01,New Hampshire,state,month,29,false,NVSS final,D157,2026-09-26 16:26:29
2024,2024-02-01,New Jersey,state,month,158,false,NVSS final,D157,2026-09-26 16:26:29
2024,2024-02-01,New Mexico,state,month,34,false,NVSS final,D157,2026-09-26 16:26:29
2024,2024-02-01,New York,state,month,320,false,NVSS final,D157,2026-09-26 16:26:29
2024,2024-02-01,North Carolina,state,month,206,false,NVSS final,D157,2026-09-26 16:26:29
2024,2024-02-01,Ohio,state,month,192,false,NVSS final,D157,2026-09-26 16:26:29
2024,2024-02-01,Oklahoma,state,month,60,false,NVSS final,D157,2026-09-26 16:26:29
2024,2024-02-01,Oregon,state,month,86,false,NVSS final,D157,2026-09-26 16:26:29
2024,2024-02-01,Pennsylvania,state,month,210,false,NVSS final,D157,2026-09-26 16:26:29
2024,2024-02-01,Rhode Island,state,month,18,false,NVSS final,D157,2026-09-26 16:26:29
2024,2024-02-01,South Carolina,state,month,92,false,NVSS final,D157,2026-09-26 16:26:29
2024,2024-02-01,Tennessee,state,month,180,false,NVSS final,D157,2026-09-26 16:26:29
2024,2024-02-01,Texas,state,month,201,false,NVSS final,D157,2026-09-26 16:26:29
2024,2024-02-01,United States,nation,month,4741,false,NVSS final,D157,2026-09-26 16:26:29
2024,2024-02-01,Utah,state,month,29,false,NVSS final,D157,2026-09-26 16:26:29
2024,2024-02-01,Vermont,state,month,15,false,NVSS final,D157,2026-09-26 16:26:29
2024,2024-02-01,Virginia,state,month,121,false,NVSS final,D157,2026-09-26 16:26:29
2024,2024-02-01,Washington,state,month,230,false,NVSS final,D157,2026-09-26 16:26:29
2024,2024-02-01,West Virginia,state,month,59,false,NVSS final,D157,2026-09-26 16:26:29
2024,2024-02-01,Wisconsin,state,month,79,false,NVSS final,D157,2026-09-26 16:26:29
2024,2024-03-01,Alabama,state,month,77,false,NVSS final,D157,2026-09-26 16:26:29
2024,2024-03-01,Alaska,state,month,25,false,NVSS final,D157,2026-09-26 16:26:29
2024,2024-03-01,Arizona,state,month,130,false,NVSS final,D157,2026-09-26 16:26:29
2024,2024-03-01,Arkansas,state,month,16,false,NVSS final,D157,2026-09-26 16:26:29
2024,2024-03-01,California,state,month,514,false,NVSS final,D157,2026-09-26 16:26:29
2024,2024-03-01,Colorado,state,month,89,false,NVSS final,D157,2026-09-26 16:26:29
2024,2024-03-01,Connecticut,state,month,85,false,NVSS final,D157,2026-09-26 16:26:29
2024,2024-03-01,Delaware,state,month,26,false,NVSS final,D157,2026-09-26 16:26:29
2024,2024-03-01,District of Columbia,state,month,20,false,NVSS final,D157,2026-09-26 16:26:29
2024,2024-03-01,Florida,state,month,318,false,NVSS final,D157,2026-09-26 16:26:29
2024,2024-03-01,Georgia,state,month,106,false,NVSS final,D157,2026-09-26 16:26:29
2024,2024-03-01,Idaho,state,month,21,false,NVSS final,D157,2026-09-26 16:26:29
2024,2024-03-01,Illinois,state,month,166,false,NVSS final,D157,2026-09-26 16:26:29
2024,2024-03-01,Indiana,state,month,112,false,NVSS final,D157,2026-09-26 16:26:29
2024,2024-03-01,Iowa,state,month,12,false,NVSS final,D157,2026-09-26 16:26:29
2024,2024-03-01,Kansas,state,month,35,false,NVSS final,D157,2026-09-26 16:26:29
2024,2024-03-01,Kentucky,state,month,90,false,NVSS final,D157,2026-09-26 16:26:29
2024,2024-03-01,Louisiana,state,month,69,false,NVSS final,D157,2026-09-26 16:26:29
2024,2024-03-01,Maine,state,month,46,false,NVSS final,D157,2026-09-26 16:26:29
2024,2024-03-01,Maryland,state,month,122,false,NVSS final,D157,2026-09-26 16:26:29
2024,2024-03-01,Massachusetts,state,month,140,false,NVSS final,D157,2026-09-26 16:26:29
2024,2024-03-01,Michigan,state,month,120,false,NVSS final,D157,2026-09-26 16:26:29
2024,2024-03-01,Minnesota,state,month,58,false,NVSS final,D157,2026-09-26 16:26:29
2024,2024-03-01,Mississippi,state,month,25,false,NVSS final,D157,2026-09-26 16:26:29
2024,2024-03-01,Missouri,state,month,82,false,NVSS final,D157,2026-09-26 16:26:29
2024,2024-03-01,Montana,state,month,11,false,NVSS final,D157,2026-09-26 16:26:29
2024,2024-03-01,Nevada,state,month,51,false,NVSS final,D157,2026-09-26 16:26:29
2024,2024-03-01,New Hampshire,state,month,24,false,NVSS final,D157,2026-09-26 16:26:29
2024,2024-03-01,New Jersey,state,month,137,false,NVSS final,D157,2026-09-26 16:26:29
2024,2024-03-01,New Mexico,state,month,40,false,NVSS final,D157,2026-09-26 16:26:29
2024,2024-03-01,New York,state,month,314,false,NVSS final,D157,2026-09-26 16:26:29
2024,2024-03-01,North Carolina,state,month,214,false,NVSS final,D157,2026-09-26 16:26:29
2024,2024-03-01,Ohio,state,month,215,false,NVSS final,D157,2026-09-26 16:26:29
2024,2024-03-01,Oklahoma,state,month,44,false,NVSS final,D157,2026-09-26 16:26:29
2024,2024-03-01,Oregon,state,month,110,false,NVSS final,D157,2026-09-26 16:26:29
2024,2024-03-01,Pennsylvania,state,month,185,false,NVSS final,D157,2026-09-26 16:26:29
2024,2024-03-01,Rhode Island,state,month,21,false,NVSS final,D157,2026-09-26 16:26:29
2024,2024-03-01,South Carolina,state,month,87,false,NVSS final,D157,2026-09-26 16:26:29
2024,2024-03-01,Tennessee,state,month,154,false,NVSS final,D157,2026-09-26 16:26:29
2024,2024-03-01,Texas,state,month,191,false,NVSS final,D157,2026-09-26 16:26:29
2024,2024-03-01,United States,nation,month,4816,false,NVSS final,D157,2026-09-26 16:26:29
2024,2024-03-01,Utah,state,month,33,false,NVSS final,D157,2026-09-26 16:26:29
2024,2024-03-01,Vermont,state,month,13,false,NVSS final,D157,2026-09-26 16:26:29
2024,2024-03-01,Virginia,state,month,95,false,NVSS final,D157,2026-09-26 16:26:29
2024,2024-03-01,Washington,state,month,212,false,NVSS final,D157,2026-09-26 16:26:29
2024,2024-03-01,West Virginia,state,month,75,false,NVSS final,D157,2026-09-26 16:26:29
2024,2024-03-01,Wisconsin,state,month,69,false,NVSS final,D157,2026-09-26 16:26:29
2024,2024-04-01,Alabama,state,month,62,false,NVSS final,D157,2026-09-26 16:26:29
2024,2024-04-01,Alaska,state,month,23,false,NVSS final,D157,2026-09-26 16:26:29
2024,2024-04-01,Arizona,state,month,121,false,NVSS final,D157,2026-09-26 16:26:29
2024,2024-04-01,Arkansas,state,month,15,false,NVSS final,D157,2026-09-26 16:26:29
2024,2024-04-01,California,state,month,440,false,NVSS final,D157,2026-09-26 16:26:29
2024,2024-04-01,Colorado,state,month,73,false,NVSS final,D157,2026-09-26 16:26:29
2024,2024-04-01,Connecticut,state,month,66,false,NVSS final,D157,2026-09-26 16:26:29
2024,2024-04-01,Delaware,state,month,23,false,NVSS final,D157,2026-09-26 16:26:29
2024,2024-04-01,District of Columbia,state,month,23,false,NVSS final,D157,2026-09-26 16:26:29
2024,2024-04-01,Florida,state,month,285,false,NVSS final,D157,2026-09-26 16:26:29
2024,2024-04-01,Georgia,state,month,98,false,NVSS final,D157,2026-09-26 16:26:29
2024,2024-04-01,Illinois,state,month,164,false,NVSS final,D157,2026-09-26 16:26:29
2024,2024-04-01,Indiana,state,month,101,false,NVSS final,D157,2026-09-26 16:26:29
2024,2024-04-01,Iowa,state,month,13,false,NVSS final,D157,2026-09-26 16:26:29
2024,2024-04-01,Kansas,state,month,28,false,NVSS final,D157,2026-09-26 16:26:29
2024,2024-04-01,Kentucky,state,month,81,false,NVSS final,D157,2026-09-26 16:26:29
2024,2024-04-01,Louisiana,state,month,65,false,NVSS final,D157,2026-09-26 16:26:29
2024,2024-04-01,Maine,state,month,30,false,NVSS final,D157,2026-09-26 16:26:29
2024,2024-04-01,Maryland,state,month,121,false,NVSS final,D157,2026-09-26 16:26:29
2024,2024-04-01,Massachusetts,state,month,115,false,NVSS final,D157,2026-09-26 16:26:29
2024,2024-04-01,Michigan,state,month,120,false,NVSS final,D157,2026-09-26 16:26:29
2024,2024-04-01,Minnesota,state,month,58,false,NVSS final,D157,2026-09-26 16:26:29
2024,2024-04-01,Mississippi,state,month,22,false,NVSS final,D157,2026-09-26 16:26:29
2024,2024-04-01,Missouri,state,month,79,false,NVSS final,D157,2026-09-26 16:26:29
2024,2024-04-01,Nevada,state,month,68,false,NVSS final,D157,2026-09-26 16:26:29
2024,2024-04-01,New Hampshire,state,month,23,false,NVSS final,D157,2026-09-26 16:26:29
2024,2024-04-01,New Jersey,state,month,144,false,NVSS final,D157,2026-09-26 16:26:29
2024,2024-04-01,New Mexico,state,month,42,false,NVSS final,D157,2026-09-26 16:26:29
2024,2024-04-01,New York,state,month,312,false,NVSS final,D157,2026-09-26 16:26:29
2024,2024-04-01,North Carolina,state,month,196,false,NVSS final,D157,2026-09-26 16:26:29
2024,2024-04-01,Ohio,state,month,203,false,NVSS final,D157,2026-09-26 16:26:29
2024,2024-04-01,Oklahoma,state,month,40,false,NVSS final,D157,2026-09-26 16:26:29
2024,2024-04-01,Oregon,state,month,99,false,NVSS final,D157,2026-09-26 16:26:29
2024,2024-04-01,Pennsylvania,state,month,187,false,NVSS final,D157,2026-09-26 16:26:29
2024,2024-04-01,Rhode Island,state,month,15,false,NVSS final,D157,2026-09-26 16:26:29
2024,2024-04-01,South Carolina,state,month,98,false,NVSS final,D157,2026-09-26 16:26:29
2024,2024-04-01,Tennessee,state,month,158,false,NVSS final,D157,2026-09-26 16:26:29
2024,2024-04-01,Texas,state,month,205,false,NVSS final,D157,2026-09-26 16:26:29
2024,2024-04-01,United States,nation,month,4546,false,NVSS final,D157,2026-09-26 16:26:29
2024,2024-04-01,Utah,state,month,29,false,NVSS final,D157,2026-09-26 16:26:29
2024,2024-04-01,Virginia,state,month,113,false,NVSS final,D157,2026-09-26 16:26:29
2024,2024-04-01,Washington,state,month,213,false,NVSS final,D157,2026-09-26 16:26:29
2024,2024-04-01,West Virginia,state,month,56,false,NVSS final,D157,2026-09-26 16:26:29
2024,2024-04-01,Wisconsin,state,month,70,false,NVSS final,D157,2026-09-26 16:26:29
2024,2024-05-01,Alabama,state,month,64,false,NVSS final,D157,2026-09-26 16:26:29
2024,2024-05-01,Alaska,state,month,25,false,NVSS final,D157,2026-09-26 16:26:29
2024,2024-05-01,Arizona,state,month,112,false,NVSS final,D157,2026-09-26 16:26:29
2024,2024-05-01,Arkansas,state,month,10,false,NVSS final,D157,2026-09-26 16:26:29
2024,2024-05-01,California,state,month,454,false,NVSS final,D157,2026-09-26 16:26:29
2024,2024-05-01,Colorado,state,month,81,false,NVSS final,D157,2026-09-26 16:26:29
2024,2024-05-01,Connecticut,state,month,58,false,NVSS final,D157,2026-09-26 16:26:29
2024,2024-05-01,Delaware,state,month,24,false,NVSS final,D157,2026-09-26 16:26:29
2024,2024-05-01,District of Columbia,state,month,29,false,NVSS final,D157,2026-09-26 16:26:29
2024,2024-05-01,Florida,state,month,300,false,NVSS final,D157,2026-09-26 16:26:29
2024,2024-05-01,Georgia,state,month,83,false,NVSS final,D157,2026-09-26 16:26:29
2024,2024-05-01,Hawaii,state,month,14,false,NVSS final,D157,2026-09-26 16:26:29
2024,2024-05-01,Idaho,state,month,16,false,NVSS final,D157,2026-09-26 16:26:29
2024,2024-05-01,Illinois,state,month,150,false,NVSS final,D157,2026-09-26 16:26:29
2024,2024-05-01,Indiana,state,month,81,false,NVSS final,D157,2026-09-26 16:26:29
2024,2024-05-01,Iowa,state,month,14,false,NVSS final,D157,2026-09-26 16:26:29
2024,2024-05-01,Kansas,state,month,21,false,NVSS final,D157,2026-09-26 16:26:29
2024,2024-05-01,Kentucky,state,month,85,false,NVSS final,D157,2026-09-26 16:26:29
2024,2024-05-01,Louisiana,state,month,56,false,NVSS final,D157,2026-09-26 16:26:29
2024,2024-05-01,Maine,state,month,29,false,NVSS final,D157,2026-09-26 16:26:29
2024,2024-05-01,Maryland,state,month,112,false,NVSS final,D157,2026-09-26 16:26:29
2024,2024-05-01,Massachusetts,state,month,118,false,NVSS final,D157,2026-09-26 16:26:29
2024,2024-05-01,Michigan,state,month,128,false,NVSS final,D157,2026-09-26 16:26:29
2024,2024-05-01,Minnesota,state,month,51,false,NVSS final,D157,2026-09-26 16:26:29
2024,2024-05-01,Mississippi,state,month,23,false,NVSS final,D157,2026-09-26 16:26:29
2024,2024-05-01,Missouri,state,month,74,false,NVSS final,D157,2026-09-26 16:26:29
2024,2024-05-01,Nevada,state,month,61,false,NVSS final,D157,2026-09-26 16:26:29
2024,2024-05-01,New Hampshire,state,month,15,false,NVSS final,D157,2026-09-26 16:26:29
2024,2024-05-01,New Jersey,state,month,122,false,NVSS final,D157,2026-09-26 16:26:29
2024,2024-05-01,New Mexico,state,month,41,false,NVSS final,D157,2026-09-26 16:26:29
2024,2024-05-01,New York,state,month,291,false,NVSS final,D157,2026-09-26 16:26:29
2024,2024-05-01,North Carolina,state,month,191,false,NVSS final,D157,2026-09-26 16:26:29
2024,2024-05-01,Ohio,state,month,197,false,NVSS final,D157,2026-09-26 16:26:29
2024,2024-05-01,Oklahoma,state,month,38,false,NVSS final,D157,2026-09-26 16:26:29
2024,2024-05-01,Oregon,state,month,104,false,NVSS final,D157,2026-09-26 16:26:29
2024,2024-05-01,Pennsylvania,state,month,190,false,NVSS final,D157,2026-09-26 16:26:29
2024,2024-05-01,Rhode Island,state,month,27,false,NVSS final,D157,2026-09-26 16:26:29
2024,2024-05-01,South Carolina,state,month,85,false,NVSS final,D157,2026-09-26 16:26:29
2024,2024-05-01,Tennessee,state,month,158,false,NVSS final,D157,2026-09-26 16:26:29
2024,2024-05-01,Texas,state,month,192,false,NVSS final,D157,2026-09-26 16:26:29
2024,2024-05-01,United States,nation,month,4449,false,NVSS final,D157,2026-09-26 16:26:29
2024,2024-05-01,Utah,state,month,28,false,NVSS final,D157,2026-09-26 16:26:29
2024,2024-05-01,Vermont,state,month,14,false,NVSS final,D157,2026-09-26 16:26:29
2024,2024-05-01,Virginia,state,month,120,false,NVSS final,D157,2026-09-26 16:26:29
2024,2024-05-01,Washington,state,month,222,false,NVSS final,D157,2026-09-26 16:26:29
2024,2024-05-01,West Virginia,state,month,45,false,NVSS final,D157,2026-09-26 16:26:29
2024,2024-05-01,Wisconsin,state,month,69,false,NVSS final,D157,2026-09-26 16:26:29
2024,2024-06-01,Alabama,state,month,70,false,NVSS final,D157,2026-09-26 16:26:29
2024,2024-06-01,Alaska,state,month,28,false,NVSS final,D157,2026-09-26 16:26:29
2024,2024-06-01,Arizona,state,month,125,false,NVSS final,D157,2026-09-26 16:26:29
2024,2024-06-01,Arkansas,state,month,11,false,NVSS final,D157,2026-09-26 16:26:29
2024,2024-06-01,California,state,month,463,false,NVSS final,D157,2026-09-26 16:26:29
2024,2024-06-01,Colorado,state,month,73,false,NVSS final,D157,2026-09-26 16:26:29
2024,2024-06-01,Connecticut,state,month,76,false,NVSS final,D157,2026-09-26 16:26:29
2024,2024-06-01,Delaware,state,month,29,false,NVSS final,D157,2026-09-26 16:26:29
2024,2024-06-01,District of Columbia,state,month,20,false,NVSS final,D157,2026-09-26 16:26:29
2024,2024-06-01,Florida,state,month,259,false,NVSS final,D157,2026-09-26 16:26:29
2024,2024-06-01,Georgia,state,month,124,false,NVSS final,D157,2026-09-26 16:26:29
2024,2024-06-01,Hawaii,state,month,14,false,NVSS final,D157,2026-09-26 16:26:29
2024,2024-06-01,Idaho,state,month,13,false,NVSS final,D157,2026-09-26 16:26:29
2024,2024-06-01,Illinois,state,month,126,false,NVSS final,D157,2026-09-26 16:26:29
2024,2024-06-01,Indiana,state,month,90,false,NVSS final,D157,2026-09-26 16:26:29
2024,2024-06-01,Iowa,state,month,12,false,NVSS final,D157,2026-09-26 16:26:29
2024,2024-06-01,Kansas,state,month,26,false,NVSS final,D157,2026-09-26 16:26:29
2024,2024-06-01,Kentucky,state,month,92,false,NVSS final,D157,2026-09-26 16:26:29
2024,2024-06-01,Louisiana,state,month,58,false,NVSS final,D157,2026-09-26 16:26:29
2024,2024-06-01,Maine,state,month,26,false,NVSS final,D157,2026-09-26 16:26:29
2024,2024-06-01,Maryland,state,month,128,false,NVSS final,D157,2026-09-26 16:26:29
2024,2024-06-01,Massachusetts,state,month,106,false,NVSS final,D157,2026-09-26 16:26:29
2024,2024-06-01,Michigan,state,month,109,false,NVSS final,D157,2026-09-26 16:26:29
2024,2024-06-01,Minnesota,state,month,52,false,NVSS final,D157,2026-09-26 16:26:29
2024,2024-06-01,Mississippi,state,month,19,false,NVSS final,D157,2026-09-26 16:26:29
2024,2024-06-01,Missouri,state,month,71,false,NVSS final,D157,2026-09-26 16:26:29
2024,2024-06-01,Nevada,state,month,75,false,NVSS final,D157,2026-09-26 16:26:29
2024,2024-06-01,New Hampshire,state,month,21,false,NVSS final,D157,2026-09-26 16:26:29
2024,2024-06-01,New Jersey,state,month,114,false,NVSS final,D157,2026-09-26 16:26:29
2024,2024-06-01,New Mexico,state,month,32,false,NVSS final,D157,2026-09-26 16:26:29
2024,2024-06-01,New York,state,month,258,false,NVSS final,D157,2026-09-26 16:26:29
2024,2024-06-01,North Carolina,state,month,171,false,NVSS final,D157,2026-09-26 16:26:29
2024,2024-06-01,Ohio,state,month,187,false,NVSS final,D157,2026-09-26 16:26:29
2024,2024-06-01,Oklahoma,state,month,51,false,NVSS final,D157,2026-09-26 16:26:29
2024,2024-06-01,Oregon,state,month,74,false,NVSS final,D157,2026-09-26 16:26:29
2024,2024-06-01,Pennsylvania,state,month,180,false,NVSS final,D157,2026-09-26 16:26:29
2024,2024-06-01,Rhode Island,state,month,20,false,NVSS final,D157,2026-09-26 16:26:29
2024,2024-06-01,South Carolina,state,month,64,false,NVSS final,D157,2026-09-26 16:26:29
2024,2024-06-01,Tennessee,state,month,130,false,NVSS final,D157,2026-09-26 16:26:29
2024,2024-06-01,Texas,state,month,181,false,NVSS final,D157,2026-09-26 16:26:29
2024,2024-06-01,United States,nation,month,4221,false,NVSS final,D157,2026-09-26 16:26:29
2024,2024-06-01,Utah,state,month,27,false,NVSS final,D157,2026-09-26 16:26:29
2024,2024-06-01,Vermont,state,month,26,false,NVSS final,D157,2026-09-26 16:26:29
2024,2024-06-01,Virginia,state,month,88,false,NVSS final,D157,2026-09-26 16:26:29
2024,2024-06-01,Washington,state,month,180,false,NVSS final,D157,2026-09-26 16:26:29
2024,2024-06-01,West Virginia,state,month,49,false,NVSS final,D157,2026-09-26 16:26:29
2024,2024-06-01,Wisconsin,state,month,51,false,NVSS final,D157,2026-09-26 16:26:29
2024,2024-07-01,Alabama,state,month,43,false,NVSS final,D157,2026-09-26 16:26:29
2024,2024-07-01,Alaska,state,month,19,false,NVSS final,D157,2026-09-26 16:26:29
2024,2024-07-01,Arizona,state,month,170,false,NVSS final,D157,2026-09-26 16:26:29
2024,2024-07-01,Arkansas,state,month,14,false,NVSS final,D157,2026-09-26 16:26:29
2024,2024-07-01,California,state,month,341,false,NVSS final,D157,2026-09-26 16:26:29
2024,2024-07-01,Colorado,state,month,61,false,NVSS final,D157,2026-09-26 16:26:29
2024,2024-07-01,Connecticut,state,month,53,false,NVSS final,D157,2026-09-26 16:26:29
2024,2024-07-01,Delaware,state,month,17,false,NVSS final,D157,2026-09-26 16:26:29
2024,2024-07-01,District of Columbia,state,month,27,false,NVSS final,D157,2026-09-26 16:26:29
2024,2024-07-01,Florida,state,month,211,false,NVSS final,D157,2026-09-26 16:26:29
2024,2024-07-01,Georgia,state,month,92,false,NVSS final,D157,2026-09-26 16:26:29
2024,2024-07-01,Hawaii,state,month,11,false,NVSS final,D157,2026-09-26 16:26:29
2024,2024-07-01,Idaho,state,month,13,false,NVSS final,D157,2026-09-26 16:26:29
2024,2024-07-01,Illinois,state,month,159,false,NVSS final,D157,2026-09-26 16:26:29
2024,2024-07-01,Indiana,state,month,92,false,NVSS final,D157,2026-09-26 16:26:29
2024,2024-07-01,Kansas,state,month,15,false,NVSS final,D157,2026-09-26 16:26:29
2024,2024-07-01,Kentucky,state,month,65,false,NVSS final,D157,2026-09-26 16:26:29
2024,2024-07-01,Louisiana,state,month,53,false,NVSS final,D157,2026-09-26 16:26:29
2024,2024-07-01,Maine,state,month,29,false,NVSS final,D157,2026-09-26 16:26:29
2024,2024-07-01,Maryland,state,month,112,false,NVSS final,D157,2026-09-26 16:26:29
2024,2024-07-01,Massachusetts,state,month,111,false,NVSS final,D157,2026-09-26 16:26:29
2024,2024-07-01,Michigan,state,month,79,false,NVSS final,D157,2026-09-26 16:26:29
2024,2024-07-01,Minnesota,state,month,61,false,NVSS final,D157,2026-09-26 16:26:29
2024,2024-07-01,Mississippi,state,month,13,false,NVSS final,D157,2026-09-26 16:26:29
2024,2024-07-01,Missouri,state,month,65,false,NVSS final,D157,2026-09-26 16:26:29
2024,2024-07-01,Nevada,state,month,69,false,NVSS final,D157,2026-09-26 16:26:29
2024,2024-07-01,New Hampshire,state,month,20,false,NVSS final,D157,2026-09-26 16:26:29
2024,2024-07-01,New Jersey,state,month,115,false,NVSS final,D157,2026-09-26 16:26:29
2024,2024-07-01,New Mexico,state,month,33,false,NVSS final,D157,2026-09-26 16:26:29
2024,2024-07-01,New York,state,month,253,false,NVSS final,D157,2026-09-26 16:26:29
2024,2024-07-01,North Carolina,state,month,164,false,NVSS final,D157,2026-09-26 16:26:29
2024,2024-07-01,Ohio,state,month,177,false,NVSS final,D157,2026-09-26 16:26:29
2024,2024-07-01,Oklahoma,state,month,43,false,NVSS final,D157,2026-09-26 16:26:29
2024,2024-07-01,Oregon,state,month,49,false,NVSS final,D157,2026-09-26 16:26:29
2024,2024-07-01,Pennsylvania,state,month,190,false,NVSS final,D157,2026-09-26 16:26:29
2024,2024-07-01,Rhode Island,state,month,19,false,NVSS final,D157,2026-09-26 16:26:29
2024,2024-07-01,South Carolina,state,month,70,false,NVSS final,D157,2026-09-26 16:26:29
2024,2024-07-01,Tennessee,state,month,139,false,NVSS final,D157,2026-09-26 16:26:29
2024,2024-07-01,Texas,state,month,142,false,NVSS final,D157,2026-09-26 16:26:29
2024,2024-07-01,United States,nation,month,3821,false,NVSS final,D157,2026-09-26 16:26:29
2024,2024-07-01,Utah,state,month,32,false,NVSS final,D157,2026-09-26 16:26:29
2024,2024-07-01,Vermont,state,month,22,false,NVSS final,D157,2026-09-26 16:26:29
2024,2024-07-01,Virginia,state,month,70,false,NVSS final,D157,2026-09-26 16:26:29
2024,2024-07-01,Washington,state,month,160,false,NVSS final,D157,2026-09-26 16:26:29
2024,2024-07-01,West Virginia,state,month,40,false,NVSS final,D157,2026-09-26 16:26:29
2024,2024-07-01,Wisconsin,state,month,56,false,NVSS final,D157,2026-09-26 16:26:29
2024,2024-08-01,Alabama,state,month,62,false,NVSS final,D157,2026-09-26 16:26:29
2024,2024-08-01,Alaska,state,month,16,false,NVSS final,D157,2026-09-26 16:26:29
2024,2024-08-01,Arizona,state,month,126,false,NVSS final,D157,2026-09-26 16:26:29
2024,2024-08-01,California,state,month,335,false,NVSS final,D157,2026-09-26 16:26:29
2024,2024-08-01,Colorado,state,month,43,false,NVSS final,D157,2026-09-26 16:26:29
2024,2024-08-01,Connecticut,state,month,60,false,NVSS final,D157,2026-09-26 16:26:29
2024,2024-08-01,Delaware,state,month,18,false,NVSS final,D157,2026-09-26 16:26:29
2024,2024-08-01,District of Columbia,state,month,19,false,NVSS final,D157,2026-09-26 16:26:29
2024,2024-08-01,Florida,state,month,200,false,NVSS final,D157,2026-09-26 16:26:29
2024,2024-08-01,Georgia,state,month,85,false,NVSS final,D157,2026-09-26 16:26:29
2024,2024-08-01,Illinois,state,month,154,false,NVSS final,D157,2026-09-26 16:26:29
2024,2024-08-01,Indiana,state,month,79,false,NVSS final,D157,2026-09-26 16:26:29
2024,2024-08-01,Kansas,state,month,22,false,NVSS final,D157,2026-09-26 16:26:29
2024,2024-08-01,Kentucky,state,month,61,false,NVSS final,D157,2026-09-26 16:26:29
2024,2024-08-01,Louisiana,state,month,48,false,NVSS final,D157,2026-09-26 16:26:29
2024,2024-08-01,Maine,state,month,16,false,NVSS final,D157,2026-09-26 16:26:29
2024,2024-08-01,Maryland,state,month,101,false,NVSS final,D157,2026-09-26 16:26:29
2024,2024-08-01,Massachusetts,state,month,102,false,NVSS final,D157,2026-09-26 16:26:29
2024,2024-08-01,Michigan,state,month,79,false,NVSS final,D157,2026-09-26 16:26:29
2024,2024-08-01,Minnesota,state,month,42,false,NVSS final,D157,2026-09-26 16:26:29
2024,2024-08-01,Mississippi,state,month,19,false,NVSS final,D157,2026-09-26 16:26:29
2024,2024-08-01,Missouri,state,month,57,false,NVSS final,D157,2026-09-26 16:26:29
2024,2024-08-01,Nevada,state,month,54,false,NVSS final,D157,2026-09-26 16:26:29
2024,2024-08-01,New Hampshire,state,month,16,false,NVSS final,D157,2026-09-26 16:26:29
2024,2024-08-01,New Jersey,state,month,133,false,NVSS final,D157,2026-09-26 16:26:29
2024,2024-08-01,New Mexico,state,month,36,false,NVSS final,D157,2026-09-26 16:26:29
2024,2024-08-01,New York,state,month,238,false,NVSS final,D157,2026-09-26 16:26:29
2024,2024-08-01,North Carolina,state,month,120,false,NVSS final,D157,2026-09-26 16:26:29
2024,2024-08-01,Ohio,state,month,211,false,NVSS final,D157,2026-09-26 16:26:29
2024,2024-08-01,Oklahoma,state,month,40,false,NVSS final,D157,2026-09-26 16:26:29
2024,2024-08-01,Oregon,state,month,49,false,NVSS final,D157,2026-09-26 16:26:29
2024,2024-08-01,Pennsylvania,state,month,156,false,NVSS final,D157,2026-09-26 16:26:29
2024,2024-08-01,Rhode Island,state,month,11,false,NVSS final,D157,2026-09-26 16:26:29
2024,2024-08-01,South Carolina,state,month,67,false,NVSS final,D157,2026-09-26 16:26:29
2024,2024-08-01,Tennessee,state,month,124,false,NVSS final,D157,2026-09-26 16:26:29
2024,2024-08-01,Texas,state,month,137,false,NVSS final,D157,2026-09-26 16:26:29
2024,2024-08-01,United States,nation,month,3506,false,NVSS final,D157,2026-09-26 16:26:29
2024,2024-08-01,Utah,state,month,19,false,NVSS final,D157,2026-09-26 16:26:29
2024,2024-08-01,Vermont,state,month,13,false,NVSS final,D157,2026-09-26 16:26:29
2024,2024-08-01,Virginia,state,month,83,false,NVSS final,D157,2026-09-26 16:26:29
2024,2024-08-01,Washington,state,month,118,false,NVSS final,D157,2026-09-26 16:26:29
2024,2024-08-01,West Virginia,state,month,42,false,NVSS final,D157,2026-09-26 16:26:29
2024,2024-08-01,Wisconsin,state,month,51,false,NVSS final,D157,2026-09-26 16:26:29
2024,2024-09-01,Alabama,state,month,46,false,NVSS final,D157,2026-09-26 16:26:29
2024,2024-09-01,Arizona,state,month,98,false,NVSS final,D157,2026-09-26 16:26:29
2024,2024-09-01,Arkansas,state,month,13,false,NVSS final,D157,2026-09-26 16:26:29
2024,2024-09-01,California,state,month,290,false,NVSS final,D157,2026-09-26 16:26:29
2024,2024-09-01,Colorado,state,month,42,false,NVSS final,D157,2026-09-26 16:26:29
2024,2024-09-01,Connecticut,state,month,50,false,NVSS final,D157,2026-09-26 16:26:29
2024,2024-09-01,Delaware,state,month,13,false,NVSS final,D157,2026-09-26 16:26:29
2024,2024-09-01,District of Columbia,state,month,17,false,NVSS final,D157,2026-09-26 16:26:29
2024,2024-09-01,Florida,state,month,182,false,NVSS final,D157,2026-09-26 16:26:29
2024,2024-09-01,Georgia,state,month,67,false,NVSS final,D157,2026-09-26 16:26:29
2024,2024-09-01,Idaho,state,month,10,false,NVSS final,D157,2026-09-26 16:26:29
2024,2024-09-01,Illinois,state,month,116,false,NVSS final,D157,2026-09-26 16:26:29
2024,2024-09-01,Indiana,state,month,74,false,NVSS final,D157,2026-09-26 16:26:29
2024,2024-09-01,Kansas,state,month,20,false,NVSS final,D157,2026-09-26 16:26:29
2024,2024-09-01,Kentucky,state,month,47,false,NVSS final,D157,2026-09-26 16:26:29
2024,2024-09-01,Louisiana,state,month,47,false,NVSS final,D157,2026-09-26 16:26:29
2024,2024-09-01,Maine,state,month,21,false,NVSS final,D157,2026-09-26 16:26:29
2024,2024-09-01,Maryland,state,month,95,false,NVSS final,D157,2026-09-26 16:26:29
2024,2024-09-01,Massachusetts,state,month,61,false,NVSS final,D157,2026-09-26 16:26:29
2024,2024-09-01,Michigan,state,month,77,false,NVSS final,D157,2026-09-26 16:26:29
2024,2024-09-01,Minnesota,state,month,41,false,NVSS final,D157,2026-09-26 16:26:29
2024,2024-09-01,Mississippi,state,month,20,false,NVSS final,D157,2026-09-26 16:26:29
2024,2024-09-01,Missouri,state,month,45,false,NVSS final,D157,2026-09-26 16:26:29
2024,2024-09-01,Nevada,state,month,31,false,NVSS final,D157,2026-09-26 16:26:29
2024,2024-09-01,New Hampshire,state,month,17,false,NVSS final,D157,2026-09-26 16:26:29
2024,2024-09-01,New Jersey,state,month,108,false,NVSS final,D157,2026-09-26 16:26:29
2024,2024-09-01,New Mexico,state,month,28,false,NVSS final,D157,2026-09-26 16:26:29
2024,2024-09-01,New York,state,month,189,false,NVSS final,D157,2026-09-26 16:26:29
2024,2024-09-01,North Carolina,state,month,125,false,NVSS final,D157,2026-09-26 16:26:29
2024,2024-09-01,Ohio,state,month,131,false,NVSS final,D157,2026-09-26 16:26:29
2024,2024-09-01,Oklahoma,state,month,25,false,NVSS final,D157,2026-09-26 16:26:29
2024,2024-09-01,Oregon,state,month,57,false,NVSS final,D157,2026-09-26 16:26:29
2024,2024-09-01,Pennsylvania,state,month,143,false,NVSS final,D157,2026-09-26 16:26:29
2024,2024-09-01,Rhode Island,state,month,14,false,NVSS final,D157,2026-09-26 16:26:29
2024,2024-09-01,South Carolina,state,month,57,false,NVSS final,D157,2026-09-26 16:26:29
2024,2024-09-01,Tennessee,state,month,116,false,NVSS final,D157,2026-09-26 16:26:29
2024,2024-09-01,Texas,state,month,116,false,NVSS final,D157,2026-09-26 16:26:29
2024,2024-09-01,United States,nation,month,3010,false,NVSS final,D157,2026-09-26 16:26:29
2024,2024-09-01,Utah,state,month,17,false,NVSS final,D157,2026-09-26 16:26:29
2024,2024-09-01,Vermont,state,month,11,false,NVSS final,D157,2026-09-26 16:26:29
2024,2024-09-01,Virginia,state,month,65,false,NVSS final,D157,2026-09-26 16:26:29
2024,2024-09-01,Washington,state,month,135,false,NVSS final,D157,2026-09-26 16:26:29
2024,2024-09-01,West Virginia,state,month,41,false,NVSS final,D157,2026-09-26 16:26:29
2024,2024-09-01,Wisconsin,state,month,59,false,NVSS final,D157,2026-09-26 16:26:29
2024,2024-10-01,Alabama,state,month,59,false,NVSS final,D157,2026-09-26 16:26:29
2024,2024-10-01,Alaska,state,month,15,false,NVSS final,D157,2026-09-26 16:26:29
2024,2024-10-01,Arizona,state,month,93,false,NVSS final,D157,2026-09-26 16:26:29
2024,2024-10-01,Arkansas,state,month,12,false,NVSS final,D157,2026-09-26 16:26:29
2024,2024-10-01,California,state,month,324,false,NVSS final,D157,2026-09-26 16:26:29
2024,2024-10-01,Colorado,state,month,55,false,NVSS final,D157,2026-09-26 16:26:29
2024,2024-10-01,Connecticut,state,month,58,false,NVSS final,D157,2026-09-26 16:26:29
2024,2024-10-01,Delaware,state,month,13,false,NVSS final,D157,2026-09-26 16:26:29
2024,2024-10-01,District of Columbia,state,month,17,false,NVSS final,D157,2026-09-26 16:26:29
2024,2024-10-01,Florida,state,month,161,false,NVSS final,D157,2026-09-26 16:26:29
2024,2024-10-01,Georgia,state,month,80,false,NVSS final,D157,2026-09-26 16:26:29
2024,2024-10-01,Illinois,state,month,116,false,NVSS final,D157,2026-09-26 16:26:29
2024,2024-10-01,Indiana,state,month,83,false,NVSS final,D157,2026-09-26 16:26:29
2024,2024-10-01,Iowa,state,month,11,false,NVSS final,D157,2026-09-26 16:26:29
2024,2024-10-01,Kansas,state,month,14,false,NVSS final,D157,2026-09-26 16:26:29
2024,2024-10-01,Kentucky,state,month,59,false,NVSS final,D157,2026-09-26 16:26:29
2024,2024-10-01,Louisiana,state,month,46,false,NVSS final,D157,2026-09-26 16:26:29
2024,2024-10-01,Maine,state,month,26,false,NVSS final,D157,2026-09-26 16:26:29
2024,2024-10-01,Maryland,state,month,84,false,NVSS final,D157,2026-09-26 16:26:29
2024,2024-10-01,Massachusetts,state,month,96,false,NVSS final,D157,2026-09-26 16:26:29
2024,2024-10-01,Michigan,state,month,65,false,NVSS final,D157,2026-09-26 16:26:29
2024,2024-10-01,Minnesota,state,month,35,false,NVSS final,D157,2026-09-26 16:26:29
2024,2024-10-01,Mississippi,state,month,19,false,NVSS final,D157,2026-09-26 16:26:29
2024,2024-10-01,Missouri,state,month,47,false,NVSS final,D157,2026-09-26 16:26:29
2024,2024-10-01,Nevada,state,month,57,false,NVSS final,D157,2026-09-26 16:26:29
2024,2024-10-01,New Hampshire,state,month,10,false,NVSS final,D157,2026-09-26 16:26:29
2024,2024-10-01,New Jersey,state,month,104,false,NVSS final,D157,2026-09-26 16:26:29
2024,2024-10-01,New Mexico,state,month,23,false,NVSS final,D157,2026-09-26 16:26:29
2024,2024-10-01,New York,state,month,190,false,NVSS final,D157,2026-09-26 16:26:29
2024,2024-10-01,North Carolina,state,month,105,false,NVSS final,D157,2026-09-26 16:26:29
2024,2024-10-01,Ohio,state,month,135,false,NVSS final,D157,2026-09-26 16:26:29
2024,2024-10-01,Oklahoma,state,month,34,false,NVSS final,D157,2026-09-26 16:26:29
2024,2024-10-01,Oregon,state,month,70,false,NVSS final,D157,2026-09-26 16:26:29
2024,2024-10-01,Pennsylvania,state,month,158,false,NVSS final,D157,2026-09-26 16:26:29
2024,2024-10-01,South Carolina,state,month,58,false,NVSS final,D157,2026-09-26 16:26:29
2024,2024-10-01,Tennessee,state,month,108,false,NVSS final,D157,2026-09-26 16:26:29
2024,2024-10-01,Texas,state,month,117,false,NVSS final,D157,2026-09-26 16:26:29
2024,2024-10-01,United States,nation,month,3130,false,NVSS final,D157,2026-09-26 16:26:29
2024,2024-10-01,Utah,state,month,22,false,NVSS final,D157,2026-09-26 16:26:29
2024,2024-10-01,Vermont,state,month,18,false,NVSS final,D157,2026-09-26 16:26:29
2024,2024-10-01,Virginia,state,month,55,false,NVSS final,D157,2026-09-26 16:26:29
2024,2024-10-01,Washington,state,month,148,false,NVSS final,D157,2026-09-26 16:26:29
2024,2024-10-01,West Virginia,state,month,44,false,NVSS final,D157,2026-09-26 16:26:29
2024,2024-10-01,Wisconsin,state,month,47,false,NVSS final,D157,2026-09-26 16:26:29
2024,2024-11-01,Alabama,state,month,44,false,NVSS final,D157,2026-09-26 16:26:29
2024,2024-11-01,Alaska,state,month,21,false,NVSS final,D157,2026-09-26 16:26:29
2024,2024-11-01,Arizona,state,month,130,false,NVSS final,D157,2026-09-26 16:26:29
2024,2024-11-01,California,state,month,333,false,NVSS final,D157,2026-09-26 16:26:29
2024,2024-11-01,Colorado,state,month,60,false,NVSS final,D157,2026-09-26 16:26:29
2024,2024-11-01,Connecticut,state,month,42,false,NVSS final,D157,2026-09-26 16:26:29
2024,2024-11-01,Delaware,state,month,22,false,NVSS final,D157,2026-09-26 16:26:29
2024,2024-11-01,District of Columbia,state,month,14,false,NVSS final,D157,2026-09-26 16:26:29
2024,2024-11-01,Florida,state,month,158,false,NVSS final,D157,2026-09-26 16:26:29
2024,2024-11-01,Georgia,state,month,75,false,NVSS final,D157,2026-09-26 16:26:29
2024,2024-11-01,Idaho,state,month,11,false,NVSS final,D157,2026-09-26 16:26:29
2024,2024-11-01,Illinois,state,month,109,false,NVSS final,D157,2026-09-26 16:26:29
2024,2024-11-01,Indiana,state,month,68,false,NVSS final,D157,2026-09-26 16:26:29
2024,2024-11-01,Kansas,state,month,26,false,NVSS final,D157,2026-09-26 16:26:29
2024,2024-11-01,Kentucky,state,month,65,false,NVSS final,D157,2026-09-26 16:26:29
2024,2024-11-01,Louisiana,state,month,29,false,NVSS final,D157,2026-09-26 16:26:29
2024,2024-11-01,Maine,state,month,28,false,NVSS final,D157,2026-09-26 16:26:29
2024,2024-11-01,Maryland,state,month,75,false,NVSS final,D157,2026-09-26 16:26:29
2024,2024-11-01,Massachusetts,state,month,90,false,NVSS final,D157,2026-09-26 16:26:29
2024,2024-11-01,Michigan,state,month,64,false,NVSS final,D157,2026-09-26 16:26:29
2024,2024-11-01,Minnesota,state,month,34,false,NVSS final,D157,2026-09-26 16:26:29
2024,2024-11-01,Mississippi,state,month,21,false,NVSS final,D157,2026-09-26 16:26:29
2024,2024-11-01,Missouri,state,month,55,false,NVSS final,D157,2026-09-26 16:26:29
2024,2024-11-01,Nevada,state,month,27,false,NVSS final,D157,2026-09-26 16:26:29
2024,2024-11-01,New Hampshire,state,month,12,false,NVSS final,D157,2026-09-26 16:26:29
2024,2024-11-01,New Jersey,state,month,101,false,NVSS final,D157,2026-09-26 16:26:29
2024,2024-11-01,New Mexico,state,month,31,false,NVSS final,D157,2026-09-26 16:26:29
2024,2024-11-01,New York,state,month,169,false,NVSS final,D157,2026-09-26 16:26:29
2024,2024-11-01,North Carolina,state,month,118,false,NVSS final,D157,2026-09-26 16:26:29
2024,2024-11-01,Ohio,state,month,119,false,NVSS final,D157,2026-09-26 16:26:29
2024,2024-11-01,Oklahoma,state,month,28,false,NVSS final,D157,2026-09-26 16:26:29
2024,2024-11-01,Oregon,state,month,80,false,NVSS final,D157,2026-09-26 16:26:29
2024,2024-11-01,Pennsylvania,state,month,126,false,NVSS final,D157,2026-09-26 16:26:29
2024,2024-11-01,South Carolina,state,month,61,false,NVSS final,D157,2026-09-26 16:26:29
2024,2024-11-01,Tennessee,state,month,91,false,NVSS final,D157,2026-09-26 16:26:29
2024,2024-11-01,Texas,state,month,109,false,NVSS final,D157,2026-09-26 16:26:29
2024,2024-11-01,United States,nation,month,3073,false,NVSS final,D157,2026-09-26 16:26:29
2024,2024-11-01,Utah,state,month,16,false,NVSS final,D157,2026-09-26 16:26:29
2024,2024-11-01,Virginia,state,month,66,false,NVSS final,D157,2026-09-26 16:26:29
2024,2024-11-01,Washington,state,month,221,false,NVSS final,D157,2026-09-26 16:26:29
2024,2024-11-01,West Virginia,state,month,33,false,NVSS final,D157,2026-09-26 16:26:29
2024,2024-11-01,Wisconsin,state,month,37,false,NVSS final,D157,2026-09-26 16:26:29
2024,2024-12-01,Alabama,state,month,56,false,NVSS final,D157,2026-09-26 16:26:29
2024,2024-12-01,Alaska,state,month,10,false,NVSS final,D157,2026-09-26 16:26:29
2024,2024-12-01,Arizona,state,month,166,false,NVSS final,D157,2026-09-26 16:26:29
2024,2024-12-01,California,state,month,364,false,NVSS final,D157,2026-09-26 16:26:29
2024,2024-12-01,Colorado,state,month,85,false,NVSS final,D157,2026-09-26 16:26:29
2024,2024-12-01,Connecticut,state,month,57,false,NVSS final,D157,2026-09-26 16:26:29
2024,2024-12-01,Delaware,state,month,22,false,NVSS final,D157,2026-09-26 16:26:29
2024,2024-12-01,District of Columbia,state,month,17,false,NVSS final,D157,2026-09-26 16:26:29
2024,2024-12-01,Florida,state,month,156,false,NVSS final,D157,2026-09-26 16:26:29
2024,2024-12-01,Georgia,state,month,71,false,NVSS final,D157,2026-09-26 16:26:29
2024,2024-12-01,Illinois,state,month,105,false,NVSS final,D157,2026-09-26 16:26:29
2024,2024-12-01,Indiana,state,month,69,false,NVSS final,D157,2026-09-26 16:26:29
2024,2024-12-01,Iowa,state,month,11,false,NVSS final,D157,2026-09-26 16:26:29
2024,2024-12-01,Kansas,state,month,35,false,NVSS final,D157,2026-09-26 16:26:29
2024,2024-12-01,Kentucky,state,month,49,false,NVSS final,D157,2026-09-26 16:26:29
2024,2024-12-01,Louisiana,state,month,35,false,NVSS final,D157,2026-09-26 16:26:29
2024,2024-12-01,Maine,state,month,25,false,NVSS final,D157,2026-09-26 16:26:29
2024,2024-12-01,Maryland,state,month,96,false,NVSS final,D157,2026-09-26 16:26:29
2024,2024-12-01,Massachusetts,state,month,68,false,NVSS final,D157,2026-09-26 16:26:29
2024,2024-12-01,Michigan,state,month,65,false,NVSS final,D157,2026-09-26 16:26:29
2024,2024-12-01,Minnesota,state,month,48,false,NVSS final,D157,2026-09-26 16:26:29
2024,2024-12-01,Mississippi,state,month,20,false,NVSS final,D157,2026-09-26 16:26:29
2024,2024-12-01,Missouri,state,month,56,false,NVSS final,D157,2026-09-26 16:26:29
2024,2024-12-01,Nevada,state,month,54,false,NVSS final,D157,2026-09-26 16:26:29
2024,2024-12-01,New Hampshire,state,month,14,false,NVSS final,D157,2026-09-26 16:26:29
2024,2024-12-01,New Jersey,state,month,97,false,NVSS final,D157,2026-09-26 16:26:29
2024,2024-12-01,New Mexico,state,month,42,false,NVSS final,D157,2026-09-26 16:26:29
2024,2024-12-01,New York,state,month,172,false,NVSS final,D157,2026-09-26 16:26:29
2024,2024-12-01,North Carolina,state,month,124,false,NVSS final,D157,2026-09-26 16:26:29
2024,2024-12-01,Ohio,state,month,121,false,NVSS final,D157,2026-09-26 16:26:29
2024,2024-12-01,Oklahoma,state,month,42,false,NVSS final,D157,2026-09-26 16:26:29
2024,2024-12-01,Oregon,state,month,76,false,NVSS final,D157,2026-09-26 16:26:29
2024,2024-12-01,Pennsylvania,state,month,134,false,NVSS final,D157,2026-09-26 16:26:29
2024,2024-12-01,South Carolina,state,month,69,false,NVSS final,D157,2026-09-26 16:26:29
2024,2024-12-01,Tennessee,state,month,119,false,NVSS final,D157,2026-09-26 16:26:29
2024,2024-12-01,Texas,state,month,107,false,NVSS final,D157,2026-09-26 16:26:29
2024,2024-12-01,United States,nation,month,3307,false,NVSS final,D157,2026-09-26 16:26:29
2024,2024-12-01,Utah,state,month,23,false,NVSS final,D157,2026-09-26 16:26:29
2024,2024-12-01,Virginia,state,month,72,false,NVSS final,D157,2026-09-26 16:26:29
2024,2024-12-01,Washington,state,month,228,false,NVSS final,D157,2026-09-26 16:26:29
2024,2024-12-01,West Virginia,state,month,35,false,NVSS final,D157,2026-09-26 16:26:29
2024,2024-12-01,Wisconsin,state,month,45,false,NVSS final,D157,2026-09-26 16:26:29
1999,,Alabama,state,year,10,false,NVSS final,D77,2026-09-26 16:26:29
1999,,Arizona,state,year,22,false,NVSS final,D77,2026-09-26 16:26:29
1999,,California,state,year,87,false,NVSS final,D77,2026-09-26 16:26:29
1999,,Colorado,state,year,21,false,NVSS final,D77,2026-09-26 16:26:29
1999,,Florida,state,year,59,false,NVSS final,D77,2026-09-26 16:26:29
1999,,Georgia,state,year,11,false,NVSS final,D77,2026-09-26 16:26:29
1999,,Illinois,state,year,25,false,NVSS final,D77,2026-09-26 16:26:29
1999,,Kentucky,state,year,10,false,NVSS final,D77,2026-09-26 16:26:29
1999,,Massachusetts,state,year,10,false,NVSS final,D77,2026-09-26 16:26:29
1999,,Michigan,state,year,20,false,NVSS final,D77,2026-09-26 16:26:29
1999,,Missouri,state,year,18,false,NVSS final,D77,2026-09-26 16:26:29
1999,,Nevada,state,year,21,false,NVSS final,D77,2026-09-26 16:26:29
1999,,New Jersey,state,year,23,false,NVSS final,D77,2026-09-26 16:26:29
1999,,New Mexico,state,year,26,false,NVSS final,D77,2026-09-26 16:26:29
1999,,New York,state,year,18,false,NVSS final,D77,2026-09-26 16:26:29
1999,,North Carolina,state,year,27,false,NVSS final,D77,2026-09-26 16:26:29
1999,,Ohio,state,year,24,false,NVSS final,D77,2026-09-26 16:26:29
1999,,Oklahoma,state,year,24,false,NVSS final,D77,2026-09-26 16:26:29
1999,,Pennsylvania,state,year,24,false,NVSS final,D77,2026-09-26 16:26:29
1999,,Tennessee,state,year,17,false,NVSS final,D77,2026-09-26 16:26:29
1999,,Texas,state,year,49,false,NVSS final,D77,2026-09-26 16:26:29
1999,,United States,nation,year,730,false,NVSS final,D77,2026-09-26 16:26:29
1999,,Virginia,state,year,21,false,NVSS final,D77,2026-09-26 16:26:29
1999,,Washington,state,year,23,false,NVSS final,D77,2026-09-26 16:26:29
1999,,West Virginia,state,year,12,false,NVSS final,D77,2026-09-26 16:26:29
1999,,Wisconsin,state,year,16,false,NVSS final,D77,2026-09-26 16:26:29
2000,,Alabama,state,year,11,false,NVSS final,D77,2026-09-26 16:26:29
2000,,Arizona,state,year,17,false,NVSS final,D77,2026-09-26 16:26:29
2000,,California,state,year,68,false,NVSS final,D77,2026-09-26 16:26:29
2000,,Colorado,state,year,25,false,NVSS final,D77,2026-09-26 16:26:29
2000,,Florida,state,year,84,false,NVSS final,D77,2026-09-26 16:26:29
2000,,Georgia,state,year,12,false,NVSS final,D77,2026-09-26 16:26:29
2000,,Illinois,state,year,24,false,NVSS final,D77,2026-09-26 16:26:29
2000,,Indiana,state,year,12,false,NVSS final,D77,2026-09-26 16:26:29
2000,,Massachusetts,state,year,16,false,NVSS final,D77,2026-09-26 16:26:29
2000,,Michigan,state,year,17,false,NVSS final,D77,2026-09-26 16:26:29
2000,,Missouri,state,year,27,false,NVSS final,D77,2026-09-26 16:26:29
2000,,Nevada,state,year,15,false,NVSS final,D77,2026-09-26 16:26:29
2000,,New Jersey,state,year,19,false,NVSS final,D77,2026-09-26 16:26:29
2000,,New Mexico,state,year,20,false,NVSS final,D77,2026-09-26 16:26:29
2000,,New York,state,year,16,false,NVSS final,D77,2026-09-26 16:26:29
2000,,North Carolina,state,year,49,false,NVSS final,D77,2026-09-26 16:26:29
2000,,Ohio,state,year,33,false,NVSS final,D77,2026-09-26 16:26:29
2000,,Oklahoma,state,year,26,false,NVSS final,D77,2026-09-26 16:26:29
2000,,Pennsylvania,state,year,32,false,NVSS final,D77,2026-09-26 16:26:29
2000,,South Carolina,state,year,19,false,NVSS final,D77,2026-09-26 16:26:29
2000,,Tennessee,state,year,16,false,NVSS final,D77,2026-09-26 16:26:29
2000,,Texas,state,year,46,false,NVSS final,D77,2026-09-26 16:26:29
2000,,United States,nation,year,782,false,NVSS final,D77,2026-09-26 16:26:29
2000,,Utah,state,year,11,false,NVSS final,D77,2026-09-26 16:26:29
2000,,Virginia,state,year,26,false,NVSS final,D77,2026-09-26 16:26:29
2000,,Washington,state,year,23,false,NVSS final,D77,2026-09-26 16:26:29
2000,,Wisconsin,state,year,23,false,NVSS final,D77,2026-09-26 16:26:29
2001,,Arizona,state,year,20,false,NVSS final,D77,2026-09-26 16:26:29
2001,,California,state,year,31,false,NVSS final,D77,2026-09-26 16:26:29
2001,,Colorado,state,year,19,false,NVSS final,D77,2026-09-26 16:26:29
2001,,Florida,state,year,117,false,NVSS final,D77,2026-09-26 16:26:29
2001,,Georgia,state,year,27,false,NVSS final,D77,2026-09-26 16:26:29
2001,,Illinois,state,year,34,false,NVSS final,D77,2026-09-26 16:26:29
2001,,Indiana,state,year,12,false,NVSS final,D77,2026-09-26 16:26:29
2001,,Kansas,state,year,11,false,NVSS final,D77,2026-09-26 16:26:29
2001,,Kentucky,state,year,19,false,NVSS final,D77,2026-09-26 16:26:29
2001,,Massachusetts,state,year,11,false,NVSS final,D77,2026-09-26 16:26:29
2001,,Michigan,state,year,17,false,NVSS final,D77,2026-09-26 16:26:29
2001,,Minnesota,state,year,12,false,NVSS final,D77,2026-09-26 16:26:29
2001,,Missouri,state,year,36,false,NVSS final,D77,2026-09-26 16:26:29
2001,,Nebraska,state,year,10,false,NVSS final,D77,2026-09-26 16:26:29
2001,,Nevada,state,year,20,false,NVSS final,D77,2026-09-26 16:26:29
2001,,New Jersey,state,year,33,false,NVSS final,D77,2026-09-26 16:26:29
2001,,New Mexico,state,year,16,false,NVSS final,D77,2026-09-26 16:26:29
2001,,New York,state,year,31,false,NVSS final,D77,2026-09-26 16:26:29
2001,,North Carolina,state,year,58,false,NVSS final,D77,2026-09-26 16:26:29
2001,,Ohio,state,year,55,false,NVSS final,D77,2026-09-26 16:26:29
2001,,Oklahoma,state,year,20,false,NVSS final,D77,2026-09-26 16:26:29
2001,,Oregon,state,year,15,false,NVSS final,D77,2026-09-26 16:26:29
2001,,Pennsylvania,state,year,28,false,NVSS final,D77,2026-09-26 16:26:29
2001,,Tennessee,state,year,10,false,NVSS final,D77,2026-09-26 16:26:29
2001,,Texas,state,year,77,false,NVSS final,D77,2026-09-26 16:26:29
2001,,United States,nation,year,957,false,NVSS final,D77,2026-09-26 16:26:29
2001,,Virginia,state,year,31,false,NVSS final,D77,2026-09-26 16:26:29
2001,,Washington,state,year,27,false,NVSS final,D77,2026-09-26 16:26:29
2001,,West Virginia,state,year,37,false,NVSS final,D77,2026-09-26 16:26:29
2001,,Wisconsin,state,year,24,false,NVSS final,D77,2026-09-26 16:26:29
2002,,Arizona,state,year,21,false,NVSS final,D77,2026-09-26 16:26:29
2002,,Arkansas,state,year,24,false,NVSS final,D77,2026-09-26 16:26:29
2002,,California,state,year,117,false,NVSS final,D77,2026-09-26 16:26:29
2002,,Colorado,state,year,30,false,NVSS final,D77,2026-09-26 16:26:29
2002,,Florida,state,year,136,false,NVSS final,D77,2026-09-26 16:26:29
2002,,Georgia,state,year,36,false,NVSS final,D77,2026-09-26 16:26:29
2002,,Illinois,state,year,40,false,NVSS final,D77,2026-09-26 16:26:29
2002,,Iowa,state,year,10,false,NVSS final,D77,2026-09-26 16:26:29
2002,,Kansas,state,year,18,false,NVSS final,D77,2026-09-26 16:26:29
2002,,Kentucky,state,year,30,false,NVSS final,D77,2026-09-26 16:26:29
2002,,Maine,state,year,12,false,NVSS final,D77,2026-09-26 16:26:29
2002,,Massachusetts,state,year,21,false,NVSS final,D77,2026-09-26 16:26:29
2002,,Michigan,state,year,41,false,NVSS final,D77,2026-09-26 16:26:29
2002,,Missouri,state,year,30,false,NVSS final,D77,2026-09-26 16:26:29
2002,,Nevada,state,year,23,false,NVSS final,D77,2026-09-26 16:26:29
2002,,New Jersey,state,year,29,false,NVSS final,D77,2026-09-26 16:26:29
2002,,New Mexico,state,year,17,false,NVSS final,D77,2026-09-26 16:26:29
2002,,New York,state,year,27,false,NVSS final,D77,2026-09-26 16:26:29
2002,,North Carolina,state,year,50,false,NVSS final,D77,2026-09-26 16:26:29
2002,,Ohio,state,year,58,false,NVSS final,D77,2026-09-26 16:26:29
2002,,Oklahoma,state,year,23,false,NVSS final,D77,2026-09-26 16:26:29
2002,,Oregon,state,year,11,false,NVSS final,D77,2026-09-26 16:26:29
2002,,Pennsylvania,state,year,42,false,NVSS final,D77,2026-09-26 16:26:29
2002,,South Carolina,state,year,22,false,NVSS final,D77,2026-09-26 16:26:29
2002,,Tennessee,state,year,21,false,NVSS final,D77,2026-09-26 16:26:29
2002,,Texas,state,year,117,false,NVSS final,D77,2026-09-26 16:26:29
2002,,United States,nation,year,1295,false,NVSS final,D77,2026-09-26 16:26:29
2002,,Utah,state,year,13,false,NVSS final,D77,2026-09-26 16:26:29
2002,,Virginia,state,year,49,false,NVSS final,D77,2026-09-26 16:26:29
2002,,Washington,state,year,47,false,NVSS final,D77,2026-09-26 16:26:29
2002,,West Virginia,state,year,39,false,NVSS final,D77,2026-09-26 16:26:29
2002,,Wisconsin,state,year,26,false,NVSS final,D77,2026-09-26 16:26:29
2003,,Arizona,state,year,22,false,NVSS final,D77,2026-09-26 16:26:29
2003,,Arkansas,state,year,26,false,NVSS final,D77,2026-09-26 16:26:29
2003,,California,state,year,119,false,NVSS final,D77,2026-09-26 16:26:29
2003,,Colorado,state,year,22,false,NVSS final,D77,2026-09-26 16:26:29
2003,,Florida,state,year,175,false,NVSS final,D77,2026-09-26 16:26:29
2003,,Georgia,state,year,36,false,NVSS final,D77,2026-09-26 16:26:29
2003,,Illinois,state,year,32,false,NVSS final,D77,2026-09-26 16:26:29
2003,,Indiana,state,year,26,false,NVSS final,D77,2026-09-26 16:26:29
2003,,Iowa,state,year,12,false,NVSS final,D77,2026-09-26 16:26:29
2003,,Kentucky,state,year,27,false,NVSS final,D77,2026-09-26 16:26:29
2003,,Maine,state,year,11,false,NVSS final,D77,2026-09-26 16:26:29
2003,,Maryland,state,year,11,false,NVSS final,D77,2026-09-26 16:26:29
2003,,Massachusetts,state,year,26,false,NVSS final,D77,2026-09-26 16:26:29
2003,,Michigan,state,year,34,false,NVSS final,D77,2026-09-26 16:26:29
2003,,Minnesota,state,year,16,false,NVSS final,D77,2026-09-26 16:26:29
2003,,Missouri,state,year,33,false,NVSS final,D77,2026-09-26 16:26:29
2003,,Nevada,state,year,17,false,NVSS final,D77,2026-09-26 16:26:29
2003,,New Hampshire,state,year,11,false,NVSS final,D77,2026-09-26 16:26:29
2003,,New Jersey,state,year,29,false,NVSS final,D77,2026-09-26 16:26:29
2003,,New Mexico,state,year,23,false,NVSS final,D77,2026-09-26 16:26:29
2003,,New York,state,year,29,false,NVSS final,D77,2026-09-26 16:26:29
2003,,North Carolina,state,year,71,false,NVSS final,D77,2026-09-26 16:26:29
2003,,Ohio,state,year,43,false,NVSS final,D77,2026-09-26 16:26:29
2003,,Oklahoma,state,year,44,false,NVSS final,D77,2026-09-26 16:26:29
2003,,Oregon,state,year,11,false,NVSS final,D77,2026-09-26 16:26:29
2003,,Pennsylvania,state,year,68,false,NVSS final,D77,2026-09-26 16:26:29
2003,,South Carolina,state,year,19,false,NVSS final,D77,2026-09-26 16:26:29
2003,,Tennessee,state,year,64,false,NVSS final,D77,2026-09-26 16:26:29
2003,,Texas,state,year,76,false,NVSS final,D77,2026-09-26 16:26:29
2003,,United States,nation,year,1400,false,NVSS final,D77,2026-09-26 16:26:29
2003,,Utah,state,year,23,false,NVSS final,D77,2026-09-26 16:26:29
2003,,Vermont,state,year,10,false,NVSS final,D77,2026-09-26 16:26:29
2003,,Virginia,state,year,44,false,NVSS final,D77,2026-09-26 16:26:29
2003,,Washington,state,year,33,false,NVSS final,D77,2026-09-26 16:26:29
2003,,West Virginia,state,year,43,false,NVSS final,D77,2026-09-26 16:26:29
2003,,Wisconsin,state,year,42,false,NVSS final,D77,2026-09-26 16:26:29
2004,,Alabama,state,year,12,false,NVSS final,D77,2026-09-26 16:26:29
2004,,Arizona,state,year,28,false,NVSS final,D77,2026-09-26 16:26:29
2004,,Arkansas,state,year,30,false,NVSS final,D77,2026-09-26 16:26:29
2004,,California,state,year,140,false,NVSS final,D77,2026-09-26 16:26:29
2004,,Colorado,state,year,22,false,NVSS final,D77,2026-09-26 16:26:29
2004,,Connecticut,state,year,10,false,NVSS final,D77,2026-09-26 16:26:29
2004,,Florida,state,year,160,false,NVSS final,D77,2026-09-26 16:26:29
2004,,Georgia,state,year,35,false,NVSS final,D77,2026-09-26 16:26:29
2004,,Illinois,state,year,38,false,NVSS final,D77,2026-09-26 16:26:29
2004,,Indiana,state,year,25,false,NVSS final,D77,2026-09-26 16:26:29
2004,,Iowa,state,year,13,false,NVSS final,D77,2026-09-26 16:26:29
2004,,Kansas,state,year,22,false,NVSS final,D77,2026-09-26 16:26:29
2004,,Kentucky,state,year,32,false,NVSS final,D77,2026-09-26 16:26:29
2004,,Louisiana,state,year,13,false,NVSS final,D77,2026-09-26 16:26:29
2004,,Maryland,state,year,16,false,NVSS final,D77,2026-09-26 16:26:29
2004,,Massachusetts,state,year,34,false,NVSS final,D77,2026-09-26 16:26:29
2004,,Michigan,state,year,48,false,NVSS final,D77,2026-09-26 16:26:29
2004,,Minnesota,state,year,17,false,NVSS final,D77,2026-09-26 16:26:29
2004,,Missouri,state,year,47,false,NVSS final,D77,2026-09-26 16:26:29
2004,,Nevada,state,year,23,false,NVSS final,D77,2026-09-26 16:26:29
2004,,New Jersey,state,year,23,false,NVSS final,D77,2026-09-26 16:26:29
2004,,New Mexico,state,year,15,false,NVSS final,D77,2026-09-26 16:26:29
2004,,New York,state,year,16,false,NVSS final,D77,2026-09-26 16:26:29
2004,,North Carolina,state,year,109,false,NVSS final,D77,2026-09-26 16:26:29
2004,,Ohio,state,year,78,false,NVSS final,D77,2026-09-26 16:26:29
2004,,Oklahoma,state,year,46,false,NVSS final,D77,2026-09-26 16:26:29
2004,,Oregon,state,year,13,false,NVSS final,D77,2026-09-26 16:26:29
2004,,Pennsylvania,state,year,86,false,NVSS final,D77,2026-09-26 16:26:29
2004,,Rhode Island,state,year,10,false,NVSS final,D77,2026-09-26 16:26:29
2004,,South Carolina,state,year,32,false,NVSS final,D77,2026-09-26 16:26:29
2004,,Tennessee,state,year,74,false,NVSS final,D77,2026-09-26 16:26:29
2004,,Texas,state,year,94,false,NVSS final,D77,2026-09-26 16:26:29
2004,,United States,nation,year,1664,false,NVSS final,D77,2026-09-26 16:26:29
2004,,Utah,state,year,13,false,NVSS final,D77,2026-09-26 16:26:29
2004,,Vermont,state,year,11,false,NVSS final,D77,2026-09-26 16:26:29
2004,,Virginia,state,year,62,false,NVSS final,D77,2026-09-26 16:26:29
2004,,Washington,state,year,42,false,NVSS final,D77,2026-09-26 16:26:29
2004,,West Virginia,state,year,67,false,NVSS final,D77,2026-09-26 16:26:29
2004,,Wisconsin,state,year,42,false,NVSS final,D77,2026-09-26 16:26:29
2005,,Alabama,state,year,11,false,NVSS final,D77,2026-09-26 16:26:29
2005,,Arizona,state,year,35,false,NVSS final,D77,2026-09-26 16:26:29
2005,,Arkansas,state,year,26,false,NVSS final,D77,2026-09-26 16:26:29
2005,,California,state,year,123,false,NVSS final,D77,2026-09-26 16:26:29
2005,,Colorado,state,year,35,false,NVSS final,D77,2026-09-26 16:26:29
2005,,Connecticut,state,year,10,false,NVSS final,D77,2026-09-26 16:26:29
2005,,Florida,state,year,144,false,NVSS final,D77,2026-09-26 16:26:29
2005,,Georgia,state,year,47,false,NVSS final,D77,2026-09-26 16:26:29
2005,,Illinois,state,year,59,false,NVSS final,D77,2026-09-26 16:26:29
2005,,Indiana,state,year,26,false,NVSS final,D77,2026-09-26 16:26:29
2005,,Kansas,state,year,17,false,NVSS final,D77,2026-09-26 16:26:29
2005,,Kentucky,state,year,31,false,NVSS final,D77,2026-09-26 16:26:29
2005,,Maryland,state,year,21,false,NVSS final,D77,2026-09-26 16:26:29
2005,,Massachusetts,state,year,38,false,NVSS final,D77,2026-09-26 16:26:29
2005,,Michigan,state,year,88,false,NVSS final,D77,2026-09-26 16:26:29
2005,,Minnesota,state,year,19,false,NVSS final,D77,2026-09-26 16:26:29
2005,,Missouri,state,year,47,false,NVSS final,D77,2026-09-26 16:26:29
2005,,Nevada,state,year,29,false,NVSS final,D77,2026-09-26 16:26:29
2005,,New Hampshire,state,year,11,false,NVSS final,D77,2026-09-26 16:26:29
2005,,New Jersey,state,year,25,false,NVSS final,D77,2026-09-26 16:26:29
2005,,New Mexico,state,year,12,false,NVSS final,D77,2026-09-26 16:26:29
2005,,New York,state,year,20,false,NVSS final,D77,2026-09-26 16:26:29
2005,,North Carolina,state,year,115,false,NVSS final,D77,2026-09-26 16:26:29
2005,,Ohio,state,year,102,false,NVSS final,D77,2026-09-26 16:26:29
2005,,Oklahoma,state,year,54,false,NVSS final,D77,2026-09-26 16:26:29
2005,,Oregon,state,year,22,false,NVSS final,D77,2026-09-26 16:26:29
2005,,Pennsylvania,state,year,72,false,NVSS final,D77,2026-09-26 16:26:29
2005,,Rhode Island,state,year,10,false,NVSS final,D77,2026-09-26 16:26:29
2005,,South Carolina,state,year,30,false,NVSS final,D77,2026-09-26 16:26:29
2005,,Tennessee,state,year,79,false,NVSS final,D77,2026-09-26 16:26:29
2005,,Texas,state,year,86,false,NVSS final,D77,2026-09-26 16:26:29
2005,,United States,nation,year,1742,false,NVSS final,D77,2026-09-26 16:26:29
2005,,Utah,state,year,38,false,NVSS final,D77,2026-09-26 16:26:29
2005,,Virginia,state,year,42,false,NVSS final,D77,2026-09-26 16:26:29
2005,,Washington,state,year,54,false,NVSS final,D77,2026-09-26 16:26:29
2005,,West Virginia,state,year,42,false,NVSS final,D77,2026-09-26 16:26:29
2005,,Wisconsin,state,year,53,false,NVSS final,D77,2026-09-26 16:26:29
2006,,Alabama,state,year,22,false,NVSS final,D77,2026-09-26 16:26:29
2006,,Arizona,state,year,54,false,NVSS final,D77,2026-09-26 16:26:29
2006,,Arkansas,state,year,31,false,NVSS final,D77,2026-09-26 16:26:29
2006,,California,state,year,154,false,NVSS final,D77,2026-09-26 16:26:29
2006,,Colorado,state,year,27,false,NVSS final,D77,2026-09-26 16:26:29
2006,,Connecticut,state,year,11,false,NVSS final,D77,2026-09-26 16:26:29
2006,,Delaware,state,year,12,false,NVSS final,D77,2026-09-26 16:26:29
2006,,Florida,state,year,131,false,NVSS final,D77,2026-09-26 16:26:29
2006,,Georgia,state,year,57,false,NVSS final,D77,2026-09-26 16:26:29
2006,,Illinois,state,year,375,false,NVSS final,D77,2026-09-26 16:26:29
2006,,Indiana,state,year,48,false,NVSS final,D77,2026-09-26 16:26:29
2006,,Iowa,state,year,16,false,NVSS final,D77,2026-09-26 16:26:29
2006,,Kansas,state,year,19,false,NVSS final,D77,2026-09-26 16:26:29
2006,,Kentucky,state,year,50,false,NVSS final,D77,2026-09-26 16:26:29
2006,,Louisiana,state,year,14,false,NVSS final,D77,2026-09-26 16:26:29
2006,,Maryland,state,year,53,false,NVSS final,D77,2026-09-26 16:26:29
2006,,Massachusetts,state,year,88,false,NVSS final,D77,2026-09-26 16:26:29
2006,,Michigan,state,year,199,false,NVSS final,D77,2026-09-26 16:26:29
2006,,Minnesota,state,year,28,false,NVSS final,D77,2026-09-26 16:26:29
2006,,Mississippi,state,year,11,false,NVSS final,D77,2026-09-26 16:26:29
2006,,Missouri,state,year,140,false,NVSS final,D77,2026-09-26 16:26:29
2006,,Nevada,state,year,27,false,NVSS final,D77,2026-09-26 16:26:29
2006,,New Hampshire,state,year,14,false,NVSS final,D77,2026-09-26 16:26:29
2006,,New Jersey,state,year,38,false,NVSS final,D77,2026-09-26 16:26:29
2006,,New Mexico,state,year,24,false,NVSS final,D77,2026-09-26 16:26:29
2006,,New York,state,year,137,false,NVSS final,D77,2026-09-26 16:26:29
2006,,North Carolina,state,year,105,false,NVSS final,D77,2026-09-26 16:26:29
2006,,Ohio,state,year,128,false,NVSS final,D77,2026-09-26 16:26:29
2006,,Oklahoma,state,year,45,false,NVSS final,D77,2026-09-26 16:26:29
2006,,Oregon,state,year,27,false,NVSS final,D77,2026-09-26 16:26:29
2006,,Pennsylvania,state,year,93,false,NVSS final,D77,2026-09-26 16:26:29
2006,,South Carolina,state,year,41,false,NVSS final,D77,2026-09-26 16:26:29
2006,,Tennessee,state,year,64,false,NVSS final,D77,2026-09-26 16:26:29
2006,,Texas,state,year,111,false,NVSS final,D77,2026-09-26 16:26:29
2006,,United States,nation,year,2707,false,NVSS final,D77,2026-09-26 16:26:29
2006,,Utah,state,year,38,false,NVSS final,D77,2026-09-26 16:26:29
2006,,Vermont,state,year,15,false,NVSS final,D77,2026-09-26 16:26:29
2006,,Virginia,state,year,63,false,NVSS final,D77,2026-09-26 16:26:29
2006,,Washington,state,year,51,false,NVSS final,D77,2026-09-26 16:26:29
2006,,West Virginia,state,year,50,false,NVSS final,D77,2026-09-26 16:26:29
2006,,Wisconsin,state,year,56,false,NVSS final,D77,2026-09-26 16:26:29
2007,,Alabama,state,year,21,false,NVSS final,D77,2026-09-26 16:26:29
2007,,Arizona,state,year,38,false,NVSS final,D77,2026-09-26 16:26:29
2007,,Arkansas,state,year,27,false,NVSS final,D77,2026-09-26 16:26:29
2007,,California,state,year,138,false,NVSS final,D77,2026-09-26 16:26:29
2007,,Colorado,state,year,44,false,NVSS final,D77,2026-09-26 16:26:29
2007,,Connecticut,state,year,22,false,NVSS final,D77,2026-09-26 16:26:29
2007,,Florida,state,year,137,false,NVSS final,D77,2026-09-26 16:26:29
2007,,Georgia,state,year,65,false,NVSS final,D77,2026-09-26 16:26:29
2007,,Idaho,state,year,10,false,NVSS final,D77,2026-09-26 16:26:29
2007,,Illinois,state,year,101,false,NVSS final,D77,2026-09-26 16:26:29
2007,,Indiana,state,year,51,false,NVSS final,D77,2026-09-26 16:26:29
2007,,Iowa,state,year,18,false,NVSS final,D77,2026-09-26 16:26:29
2007,,Kansas,state,year,19,false,NVSS final,D77,2026-09-26 16:26:29
2007,,Kentucky,state,year,37,false,NVSS final,D77,2026-09-26 16:26:29
2007,,Louisiana,state,year,21,false,NVSS final,D77,2026-09-26 16:26:29
2007,,Maryland,state,year,35,false,NVSS final,D77,2026-09-26 16:26:29
2007,,Massachusetts,state,year,74,false,NVSS final,D77,2026-09-26 16:26:29
2007,,Michigan,state,year,71,false,NVSS final,D77,2026-09-26 16:26:29
2007,,Minnesota,state,year,25,false,NVSS final,D77,2026-09-26 16:26:29
2007,,Mississippi,state,year,22,false,NVSS final,D77,2026-09-26 16:26:29
2007,,Missouri,state,year,70,false,NVSS final,D77,2026-09-26 16:26:29
2007,,Nevada,state,year,23,false,NVSS final,D77,2026-09-26 16:26:29
2007,,New Hampshire,state,year,16,false,NVSS final,D77,2026-09-26 16:26:29
2007,,New Jersey,state,year,33,false,NVSS final,D77,2026-09-26 16:26:29
2007,,New Mexico,state,year,19,false,NVSS final,D77,2026-09-26 16:26:29
2007,,New York,state,year,113,false,NVSS final,D77,2026-09-26 16:26:29
2007,,North Carolina,state,year,112,false,NVSS final,D77,2026-09-26 16:26:29
2007,,Ohio,state,year,109,false,NVSS final,D77,2026-09-26 16:26:29
2007,,Oklahoma,state,year,67,false,NVSS final,D77,2026-09-26 16:26:29
2007,,Oregon,state,year,18,false,NVSS final,D77,2026-09-26 16:26:29
2007,,Pennsylvania,state,year,83,false,NVSS final,D77,2026-09-26 16:26:29
2007,,South Carolina,state,year,35,false,NVSS final,D77,2026-09-26 16:26:29
2007,,Tennessee,state,year,84,false,NVSS final,D77,2026-09-26 16:26:29
2007,,Texas,state,year,118,false,NVSS final,D77,2026-09-26 16:26:29
2007,,United States,nation,year,2213,false,NVSS final,D77,2026-09-26 16:26:29
2007,,Utah,state,year,33,false,NVSS final,D77,2026-09-26 16:26:29
2007,,Vermont,state,year,15,false,NVSS final,D77,2026-09-26 16:26:29
2007,,Virginia,state,year,68,false,NVSS final,D77,2026-09-26 16:26:29
2007,,Washington,state,year,37,false,NVSS final,D77,2026-09-26 16:26:29
2007,,West Virginia,state,year,80,false,NVSS final,D77,2026-09-26 16:26:29
2007,,Wisconsin,state,year,55,false,NVSS final,D77,2026-09-26 16:26:29
2008,,Alabama,state,year,19,false,NVSS final,D77,2026-09-26 16:26:29
2008,,Alaska,state,year,13,false,NVSS final,D77,2026-09-26 16:26:29
2008,,Arizona,state,year,49,false,NVSS final,D77,2026-09-26 16:26:29
2008,,Arkansas,state,year,43,false,NVSS final,D77,2026-09-26 16:26:29
2008,,California,state,year,155,false,NVSS final,D77,2026-09-26 16:26:29
2008,,Colorado,state,year,39,false,NVSS final,D77,2026-09-26 16:26:29
2008,,Connecticut,state,year,16,false,NVSS final,D77,2026-09-26 16:26:29
2008,,Florida,state,year,132,false,NVSS final,D77,2026-09-26 16:26:29
2008,,Georgia,state,year,57,false,NVSS final,D77,2026-09-26 16:26:29
2008,,Illinois,state,year,83,false,NVSS final,D77,2026-09-26 16:26:29
2008,,Indiana,state,year,54,false,NVSS final,D77,2026-09-26 16:26:29
2008,,Iowa,state,year,25,false,NVSS final,D77,2026-09-26 16:26:29
2008,,Kansas,state,year,18,false,NVSS final,D77,2026-09-26 16:26:29
2008,,Kentucky,state,year,44,false,NVSS final,D77,2026-09-26 16:26:29
2008,,Louisiana,state,year,10,false,NVSS final,D77,2026-09-26 16:26:29
2008,,Maine,state,year,15,false,NVSS final,D77,2026-09-26 16:26:29
2008,,Maryland,state,year,35,false,NVSS final,D77,2026-09-26 16:26:29
2008,,Massachusetts,state,year,54,false,NVSS final,D77,2026-09-26 16:26:29
2008,,Michigan,state,year,73,false,NVSS final,D77,2026-09-26 16:26:29
2008,,Minnesota,state,year,32,false,NVSS final,D77,2026-09-26 16:26:29
2008,,Mississippi,state,year,34,false,NVSS final,D77,2026-09-26 16:26:29
2008,,Missouri,state,year,55,false,NVSS final,D77,2026-09-26 16:26:29
2008,,Montana,state,year,16,false,NVSS final,D77,2026-09-26 16:26:29
2008,,Nevada,state,year,27,false,NVSS final,D77,2026-09-26 16:26:29
2008,,New Hampshire,state,year,14,false,NVSS final,D77,2026-09-26 16:26:29
2008,,New Jersey,state,year,19,false,NVSS final,D77,2026-09-26 16:26:29
2008,,New Mexico,state,year,22,false,NVSS final,D77,2026-09-26 16:26:29
2008,,New York,state,year,121,false,NVSS final,D77,2026-09-26 16:26:29
2008,,North Carolina,state,year,127,false,NVSS final,D77,2026-09-26 16:26:29
2008,,Ohio,state,year,107,false,NVSS final,D77,2026-09-26 16:26:29
2008,,Oklahoma,state,year,70,false,NVSS final,D77,2026-09-26 16:26:29
2008,,Oregon,state,year,22,false,NVSS final,D77,2026-09-26 16:26:29
2008,,Pennsylvania,state,year,99,false,NVSS final,D77,2026-09-26 16:26:29
2008,,Rhode Island,state,year,13,false,NVSS final,D77,2026-09-26 16:26:29
2008,,South Carolina,state,year,41,false,NVSS final,D77,2026-09-26 16:26:29
2008,,Tennessee,state,year,98,false,NVSS final,D77,2026-09-26 16:26:29
2008,,Texas,state,year,86,false,NVSS final,D77,2026-09-26 16:26:29
2008,,United States,nation,year,2306,false,NVSS final,D77,2026-09-26 16:26:29
2008,,Utah,state,year,26,false,NVSS final,D77,2026-09-26 16:26:29
2008,,Vermont,state,year,14,false,NVSS final,D77,2026-09-26 16:26:29
2008,,Virginia,state,year,89,false,NVSS final,D77,2026-09-26 16:26:29
2008,,Washington,state,year,53,false,NVSS final,D77,2026-09-26 16:26:29
2008,,West Virginia,state,year,87,false,NVSS final,D77,2026-09-26 16:26:29
2008,,Wisconsin,state,year,53,false,NVSS final,D77,2026-09-26 16:26:29
2008,,Wyoming,state,year,11,false,NVSS final,D77,2026-09-26 16:26:29
2009,,Alabama,state,year,31,false,NVSS final,D77,2026-09-26 16:26:29
2009,,Alaska,state,year,22,false,NVSS final,D77,2026-09-26 16:26:29
2009,,Arizona,state,year,55,false,NVSS final,D77,2026-09-26 16:26:29
2009,,Arkansas,state,year,59,false,NVSS final,D77,2026-09-26 16:26:29
2009,,California,state,year,201,false,NVSS final,D77,2026-09-26 16:26:29
2009,,Colorado,state,year,68,false,NVSS final,D77,2026-09-26 16:26:29
2009,,Connecticut,state,year,20,false,NVSS final,D77,2026-09-26 16:26:29
2009,,Delaware,state,year,19,false,NVSS final,D77,2026-09-26 16:26:29
2009,,Florida,state,year,171,false,NVSS final,D77,2026-09-26 16:26:29
2009,,Georgia,state,year,83,false,NVSS final,D77,2026-09-26 16:26:29
2009,,Idaho,state,year,11,false,NVSS final,D77,2026-09-26 16:26:29
2009,,Illinois,state,year,111,false,NVSS final,D77,2026-09-26 16:26:29
2009,,Indiana,state,year,64,false,NVSS final,D77,2026-09-26 16:26:29
2009,,Iowa,state,year,35,false,NVSS final,D77,2026-09-26 16:26:29
2009,,Kansas,state,year,35,false,NVSS final,D77,2026-09-26 16:26:29
2009,,Kentucky,state,year,65,false,NVSS final,D77,2026-09-26 16:26:29
2009,,Louisiana,state,year,16,false,NVSS final,D77,2026-09-26 16:26:29
2009,,Maine,state,year,16,false,NVSS final,D77,2026-09-26 16:26:29
2009,,Maryland,state,year,52,false,NVSS final,D77,2026-09-26 16:26:29
2009,,Massachusetts,state,year,63,false,NVSS final,D77,2026-09-26 16:26:29
2009,,Michigan,state,year,93,false,NVSS final,D77,2026-09-26 16:26:29
2009,,Minnesota,state,year,39,false,NVSS final,D77,2026-09-26 16:26:29
2009,,Mississippi,state,year,31,false,NVSS final,D77,2026-09-26 16:26:29
2009,,Missouri,state,year,67,false,NVSS final,D77,2026-09-26 16:26:29
2009,,Montana,state,year,21,false,NVSS final,D77,2026-09-26 16:26:29
2009,,Nebraska,state,year,11,false,NVSS final,D77,2026-09-26 16:26:29
2009,,Nevada,state,year,42,false,NVSS final,D77,2026-09-26 16:26:29
2009,,New Hampshire,state,year,22,false,NVSS final,D77,2026-09-26 16:26:29
2009,,New Mexico,state,year,24,false,NVSS final,D77,2026-09-26 16:26:29
2009,,New York,state,year,177,false,NVSS final,D77,2026-09-26 16:26:29
2009,,North Carolina,state,year,169,false,NVSS final,D77,2026-09-26 16:26:29
2009,,Ohio,state,year,91,false,NVSS final,D77,2026-09-26 16:26:29
2009,,Oklahoma,state,year,160,false,NVSS final,D77,2026-09-26 16:26:29
2009,,Oregon,state,year,30,false,NVSS final,D77,2026-09-26 16:26:29
2009,,Pennsylvania,state,year,105,false,NVSS final,D77,2026-09-26 16:26:29
2009,,Rhode Island,state,year,11,false,NVSS final,D77,2026-09-26 16:26:29
2009,,South Carolina,state,year,56,false,NVSS final,D77,2026-09-26 16:26:29
2009,,South Dakota,state,year,12,false,NVSS final,D77,2026-09-26 16:26:29
2009,,Tennessee,state,year,75,false,NVSS final,D77,2026-09-26 16:26:29
2009,,Texas,state,year,166,false,NVSS final,D77,2026-09-26 16:26:29
2009,,United States,nation,year,2946,false,NVSS final,D77,2026-09-26 16:26:29
2009,,Utah,state,year,59,false,NVSS final,D77,2026-09-26 16:26:29
2009,,Virginia,state,year,80,false,NVSS final,D77,2026-09-26 16:26:29
2009,,Washington,state,year,71,false,NVSS final,D77,2026-09-26 16:26:29
2009,,West Virginia,state,year,42,false,NVSS final,D77,2026-09-26 16:26:29
2009,,Wisconsin,state,year,76,false,NVSS final,D77,2026-09-26 16:26:29
2010,,Alabama,state,year,34,false,NVSS final,D77,2026-09-26 16:26:29
2010,,Alaska,state,year,10,false,NVSS final,D77,2026-09-26 16:26:29
2010,,Arizona,state,year,68,false,NVSS final,D77,2026-09-26 16:26:29
2010,,Arkansas,state,year,57,false,NVSS final,D77,2026-09-26 16:26:29
2010,,California,state,year,205,false,NVSS final,D77,2026-09-26 16:26:29
2010,,Colorado,state,year,58,false,NVSS final,D77,2026-09-26 16:26:29
2010,,Connecticut,state,year,22,false,NVSS final,D77,2026-09-26 16:26:29
2010,,Delaware,state,year,14,false,NVSS final,D77,2026-09-26 16:26:29
2010,,Florida,state,year,146,false,NVSS final,D77,2026-09-26 16:26:29
2010,,Georgia,state,year,103,false,NVSS final,D77,2026-09-26 16:26:29
2010,,Idaho,state,year,14,false,NVSS final,D77,2026-09-26 16:26:29
2010,,Illinois,state,year,115,false,NVSS final,D77,2026-09-26 16:26:29
2010,,Indiana,state,year,49,false,NVSS final,D77,2026-09-26 16:26:29
2010,,Iowa,state,year,43,false,NVSS final,D77,2026-09-26 16:26:29
2010,,Kansas,state,year,18,false,NVSS final,D77,2026-09-26 16:26:29
2010,,Kentucky,state,year,53,false,NVSS final,D77,2026-09-26 16:26:29
2010,,Louisiana,state,year,21,false,NVSS final,D77,2026-09-26 16:26:29
2010,,Maine,state,year,21,false,NVSS final,D77,2026-09-26 16:26:29
2010,,Maryland,state,year,51,false,NVSS final,D77,2026-09-26 16:26:29
2010,,Massachusetts,state,year,68,false,NVSS final,D77,2026-09-26 16:26:29
2010,,Michigan,state,year,85,false,NVSS final,D77,2026-09-26 16:26:29
2010,,Minnesota,state,year,37,false,NVSS final,D77,2026-09-26 16:26:29
2010,,Mississippi,state,year,25,false,NVSS final,D77,2026-09-26 16:26:29
2010,,Missouri,state,year,92,false,NVSS final,D77,2026-09-26 16:26:29
2010,,Montana,state,year,10,false,NVSS final,D77,2026-09-26 16:26:29
2010,,Nebraska,state,year,21,false,NVSS final,D77,2026-09-26 16:26:29
2010,,Nevada,state,year,39,false,NVSS final,D77,2026-09-26 16:26:29
2010,,New Hampshire,state,year,22,false,NVSS final,D77,2026-09-26 16:26:29
2010,,New Jersey,state,year,35,false,NVSS final,D77,2026-09-26 16:26:29
2010,,New Mexico,state,year,20,false,NVSS final,D77,2026-09-26 16:26:29
2010,,New York,state,year,173,false,NVSS final,D77,2026-09-26 16:26:29
2010,,North Carolina,state,year,170,false,NVSS final,D77,2026-09-26 16:26:29
2010,,Ohio,state,year,175,false,NVSS final,D77,2026-09-26 16:26:29
2010,,Oklahoma,state,year,107,false,NVSS final,D77,2026-09-26 16:26:29
2010,,Oregon,state,year,27,false,NVSS final,D77,2026-09-26 16:26:29
2010,,Pennsylvania,state,year,98,false,NVSS final,D77,2026-09-26 16:26:29
2010,,Rhode Island,state,year,12,false,NVSS final,D77,2026-09-26 16:26:29
2010,,South Carolina,state,year,58,false,NVSS final,D77,2026-09-26 16:26:29
2010,,Tennessee,state,year,72,false,NVSS final,D77,2026-09-26 16:26:29
2010,,Texas,state,year,156,false,NVSS final,D77,2026-09-26 16:26:29
2010,,United States,nation,year,3007,false,NVSS final,D77,2026-09-26 16:26:29
2010,,Utah,state,year,50,false,NVSS final,D77,2026-09-26 16:26:29
2010,,Virginia,state,year,87,false,NVSS final,D77,2026-09-26 16:26:29
2010,,Washington,state,year,65,false,NVSS final,D77,2026-09-26 16:26:29
2010,,West Virginia,state,year,102,false,NVSS final,D77,2026-09-26 16:26:29
2010,,Wisconsin,state,year,66,false,NVSS final,D77,2026-09-26 16:26:29
2011,,Alabama,state,year,19,false,NVSS final,D77,2026-09-26 16:26:29
2011,,Arizona,state,year,40,false,NVSS final,D77,2026-09-26 16:26:29
2011,,Arkansas,state,year,29,false,NVSS final,D77,2026-09-26 16:26:29
2011,,California,state,year,164,false,NVSS final,D77,2026-09-26 16:26:29
2011,,Colorado,state,year,78,false,NVSS final,D77,2026-09-26 16:26:29
2011,,Connecticut,state,year,13,false,NVSS final,D77,2026-09-26 16:26:29
2011,,Delaware,state,year,13,false,NVSS final,D77,2026-09-26 16:26:29
2011,,Florida,state,year,138,false,NVSS final,D77,2026-09-26 16:26:29
2011,,Georgia,state,year,86,false,NVSS final,D77,2026-09-26 16:26:29
2011,,Illinois,state,year,86,false,NVSS final,D77,2026-09-26 16:26:29
2011,,Indiana,state,year,40,false,NVSS final,D77,2026-09-26 16:26:29
2011,,Iowa,state,year,29,false,NVSS final,D77,2026-09-26 16:26:29
2011,,Kansas,state,year,23,false,NVSS final,D77,2026-09-26 16:26:29
2011,,Kentucky,state,year,76,false,NVSS final,D77,2026-09-26 16:26:29
2011,,Louisiana,state,year,20,false,NVSS final,D77,2026-09-26 16:26:29
2011,,Maine,state,year,19,false,NVSS final,D77,2026-09-26 16:26:29
2011,,Maryland,state,year,56,false,NVSS final,D77,2026-09-26 16:26:29
2011,,Massachusetts,state,year,64,false,NVSS final,D77,2026-09-26 16:26:29
2011,,Michigan,state,year,89,false,NVSS final,D77,2026-09-26 16:26:29
2011,,Minnesota,state,year,31,false,NVSS final,D77,2026-09-26 16:26:29
2011,,Mississippi,state,year,18,false,NVSS final,D77,2026-09-26 16:26:29
2011,,Missouri,state,year,66,false,NVSS final,D77,2026-09-26 16:26:29
2011,,Montana,state,year,14,false,NVSS final,D77,2026-09-26 16:26:29
2011,,Nevada,state,year,45,false,NVSS final,D77,2026-09-26 16:26:29
2011,,New Hampshire,state,year,27,false,NVSS final,D77,2026-09-26 16:26:29
2011,,New Jersey,state,year,31,false,NVSS final,D77,2026-09-26 16:26:29
2011,,New Mexico,state,year,20,false,NVSS final,D77,2026-09-26 16:26:29
2011,,New York,state,year,155,false,NVSS final,D77,2026-09-26 16:26:29
2011,,North Carolina,state,year,155,false,NVSS final,D77,2026-09-26 16:26:29
2011,,Ohio,state,year,162,false,NVSS final,D77,2026-09-26 16:26:29
2011,,Oklahoma,state,year,83,false,NVSS final,D77,2026-09-26 16:26:29
2011,,Oregon,state,year,29,false,NVSS final,D77,2026-09-26 16:26:29
2011,,Pennsylvania,state,year,111,false,NVSS final,D77,2026-09-26 16:26:29
2011,,South Carolina,state,year,47,false,NVSS final,D77,2026-09-26 16:26:29
2011,,Tennessee,state,year,64,false,NVSS final,D77,2026-09-26 16:26:29
2011,,Texas,state,year,114,false,NVSS final,D77,2026-09-26 16:26:29
2011,,United States,nation,year,2666,false,NVSS final,D77,2026-09-26 16:26:29
2011,,Utah,state,year,56,false,NVSS final,D77,2026-09-26 16:26:29
2011,,Vermont,state,year,12,false,NVSS final,D77,2026-09-26 16:26:29
2011,,Virginia,state,year,77,false,NVSS final,D77,2026-09-26 16:26:29
2011,,Washington,state,year,53,false,NVSS final,D77,2026-09-26 16:26:29
2011,,West Virginia,state,year,99,false,NVSS final,D77,2026-09-26 16:26:29
2011,,Wisconsin,state,year,60,false,NVSS final,D77,2026-09-26 16:26:29
2012,,Alabama,state,year,16,false,NVSS final,D77,2026-09-26 16:26:29
2012,,Arizona,state,year,36,false,NVSS final,D77,2026-09-26 16:26:29
2012,,Arkansas,state,year,20,false,NVSS final,D77,2026-09-26 16:26:29
2012,,California,state,year,146,false,NVSS final,D77,2026-09-26 16:26:29
2012,,Colorado,state,year,52,false,NVSS final,D77,2026-09-26 16:26:29
2012,,Connecticut,state,year,15,false,NVSS final,D77,2026-09-26 16:26:29
2012,,Delaware,state,year,17,false,NVSS final,D77,2026-09-26 16:26:29
2012,,Florida,state,year,162,false,NVSS final,D77,2026-09-26 16:26:29
2012,,Georgia,state,year,61,false,NVSS final,D77,2026-09-26 16:26:29
2012,,Idaho,state,year,11,false,NVSS final,D77,2026-09-26 16:26:29
2012,,Illinois,state,year,84,false,NVSS final,D77,2026-09-26 16:26:29
2012,,Indiana,state,year,43,false,NVSS final,D77,2026-09-26 16:26:29
2012,,Iowa,state,year,36,false,NVSS final,D77,2026-09-26 16:26:29
2012,,Kansas,state,year,44,false,NVSS final,D77,2026-09-26 16:26:29
2012,,Kentucky,state,year,70,false,NVSS final,D77,2026-09-26 16:26:29
2012,,Louisiana,state,year,19,false,NVSS final,D77,2026-09-26 16:26:29
2012,,Maine,state,year,15,false,NVSS final,D77,2026-09-26 16:26:29
2012,,Maryland,state,year,52,false,NVSS final,D77,2026-09-26 16:26:29
2012,,Massachusetts,state,year,67,false,NVSS final,D77,2026-09-26 16:26:29
2012,,Michigan,state,year,72,false,NVSS final,D77,2026-09-26 16:26:29
2012,,Minnesota,state,year,40,false,NVSS final,D77,2026-09-26 16:26:29
2012,,Mississippi,state,year,20,false,NVSS final,D77,2026-09-26 16:26:29
2012,,Missouri,state,year,56,false,NVSS final,D77,2026-09-26 16:26:29
2012,,Montana,state,year,13,false,NVSS final,D77,2026-09-26 16:26:29
2012,,Nebraska,state,year,10,false,NVSS final,D77,2026-09-26 16:26:29
2012,,Nevada,state,year,27,false,NVSS final,D77,2026-09-26 16:26:29
2012,,New Hampshire,state,year,24,false,NVSS final,D77,2026-09-26 16:26:29
2012,,New Jersey,state,year,38,false,NVSS final,D77,2026-09-26 16:26:29
2012,,New Mexico,state,year,37,false,NVSS final,D77,2026-09-26 16:26:29
2012,,New York,state,year,164,false,NVSS final,D77,2026-09-26 16:26:29
2012,,North Carolina,state,year,141,false,NVSS final,D77,2026-09-26 16:26:29
2012,,Ohio,state,year,139,false,NVSS final,D77,2026-09-26 16:26:29
2012,,Oklahoma,state,year,107,false,NVSS final,D77,2026-09-26 16:26:29
2012,,Oregon,state,year,31,false,NVSS final,D77,2026-09-26 16:26:29
2012,,Pennsylvania,state,year,99,false,NVSS final,D77,2026-09-26 16:26:29
2012,,Rhode Island,state,year,12,false,NVSS final,D77,2026-09-26 16:26:29
2012,,South Carolina,state,year,46,false,NVSS final,D77,2026-09-26 16:26:29
2012,,Tennessee,state,year,77,false,NVSS final,D77,2026-09-26 16:26:29
2012,,Texas,state,year,121,false,NVSS final,D77,2026-09-26 16:26:29
2012,,United States,nation,year,2628,false,NVSS final,D77,2026-09-26 16:26:29
2012,,Utah,state,year,59,false,NVSS final,D77,2026-09-26 16:26:29
2012,,Virginia,state,year,89,false,NVSS final,D77,2026-09-26 16:26:29
2012,,Washington,state,year,59,false,NVSS final,D77,2026-09-26 16:26:29
2012,,West Virginia,state,year,89,false,NVSS final,D77,2026-09-26 16:26:29
2012,,Wisconsin,state,year,56,false,NVSS final,D77,2026-09-26 16:26:29
2013,,Alabama,state,year,30,false,NVSS final,D77,2026-09-26 16:26:29
2013,,Alaska,state,year,12,false,NVSS final,D77,2026-09-26 16:26:29
2013,,Arizona,state,year,52,false,NVSS final,D77,2026-09-26 16:26:29
2013,,Arkansas,state,year,31,false,NVSS final,D77,2026-09-26 16:26:29
2013,,California,state,year,176,false,NVSS final,D77,2026-09-26 16:26:29
2013,,Colorado,state,year,67,false,NVSS final,D77,2026-09-26 16:26:29
2013,,Connecticut,state,year,53,false,NVSS final,D77,2026-09-26 16:26:29
2013,,Delaware,state,year,22,false,NVSS final,D77,2026-09-26 16:26:29
2013,,Florida,state,year,200,false,NVSS final,D77,2026-09-26 16:26:29
2013,,Georgia,state,year,80,false,NVSS final,D77,2026-09-26 16:26:29
2013,,Idaho,state,year,14,false,NVSS final,D77,2026-09-26 16:26:29
2013,,Illinois,state,year,87,false,NVSS final,D77,2026-09-26 16:26:29
2013,,Indiana,state,year,34,false,NVSS final,D77,2026-09-26 16:26:29
2013,,Iowa,state,year,32,false,NVSS final,D77,2026-09-26 16:26:29
2013,,Kansas,state,year,37,false,NVSS final,D77,2026-09-26 16:26:29
2013,,Kentucky,state,year,76,false,NVSS final,D77,2026-09-26 16:26:29
2013,,Louisiana,state,year,26,false,NVSS final,D77,2026-09-26 16:26:29
2013,,Maine,state,year,23,false,NVSS final,D77,2026-09-26 16:26:29
2013,,Maryland,state,year,93,false,NVSS final,D77,2026-09-26 16:26:29
2013,,Massachusetts,state,year,98,false,NVSS final,D77,2026-09-26 16:26:29
2013,,Michigan,state,year,86,false,NVSS final,D77,2026-09-26 16:26:29
2013,,Minnesota,state,year,33,false,NVSS final,D77,2026-09-26 16:26:29
2013,,Mississippi,state,year,24,false,NVSS final,D77,2026-09-26 16:26:29
2013,,Missouri,state,year,97,false,NVSS final,D77,2026-09-26 16:26:29
2013,,Nevada,state,year,26,false,NVSS final,D77,2026-09-26 16:26:29
2013,,New Hampshire,state,year,30,false,NVSS final,D77,2026-09-26 16:26:29
2013,,New Jersey,state,year,57,false,NVSS final,D77,2026-09-26 16:26:29
2013,,New Mexico,state,year,23,false,NVSS final,D77,2026-09-26 16:26:29
2013,,New York,state,year,210,false,NVSS final,D77,2026-09-26 16:26:29
2013,,North Carolina,state,year,116,false,NVSS final,D77,2026-09-26 16:26:29
2013,,Ohio,state,year,167,false,NVSS final,D77,2026-09-26 16:26:29
2013,,Oklahoma,state,year,88,false,NVSS final,D77,2026-09-26 16:26:29
2013,,Oregon,state,year,27,false,NVSS final,D77,2026-09-26 16:26:29
2013,,Pennsylvania,state,year,108,false,NVSS final,D77,2026-09-26 16:26:29
2013,,Rhode Island,state,year,32,false,NVSS final,D77,2026-09-26 16:26:29
2013,,South Carolina,state,year,50,false,NVSS final,D77,2026-09-26 16:26:29
2013,,Tennessee,state,year,99,false,NVSS final,D77,2026-09-26 16:26:29
2013,,Texas,state,year,112,false,NVSS final,D77,2026-09-26 16:26:29
2013,,United States,nation,year,3105,false,NVSS final,D77,2026-09-26 16:26:29
2013,,Utah,state,year,58,false,NVSS final,D77,2026-09-26 16:26:29
2013,,Vermont,state,year,17,false,NVSS final,D77,2026-09-26 16:26:29
2013,,Virginia,state,year,125,false,NVSS final,D77,2026-09-26 16:26:29
2013,,Washington,state,year,59,false,NVSS final,D77,2026-09-26 16:26:29
2013,,West Virginia,state,year,98,false,NVSS final,D77,2026-09-26 16:26:29
2013,,Wisconsin,state,year,81,false,NVSS final,D77,2026-09-26 16:26:29
2014,,Alabama,state,year,47,false,NVSS final,D77,2026-09-26 16:26:29
2014,,Alaska,state,year,14,false,NVSS final,D77,2026-09-26 16:26:29
2014,,Arizona,state,year,57,false,NVSS final,D77,2026-09-26 16:26:29
2014,,Arkansas,state,year,32,false,NVSS final,D77,2026-09-26 16:26:29
2014,,California,state,year,194,false,NVSS final,D77,2026-09-26 16:26:29
2014,,Colorado,state,year,80,false,NVSS final,D77,2026-09-26 16:26:29
2014,,Connecticut,state,year,94,false,NVSS final,D77,2026-09-26 16:26:29
2014,,Delaware,state,year,29,false,NVSS final,D77,2026-09-26 16:26:29
2014,,District of Columbia,state,year,13,false,NVSS final,D77,2026-09-26 16:26:29
2014,,Florida,state,year,343,false,NVSS final,D77,2026-09-26 16:26:29
2014,,Georgia,state,year,174,false,NVSS final,D77,2026-09-26 16:26:29
2014,,Idaho,state,year,13,false,NVSS final,D77,2026-09-26 16:26:29
2014,,Illinois,state,year,127,false,NVSS final,D77,2026-09-26 16:26:29
2014,,Indiana,state,year,83,false,NVSS final,D77,2026-09-26 16:26:29
2014,,Iowa,state,year,29,false,NVSS final,D77,2026-09-26 16:26:29
2014,,Kansas,state,year,39,false,NVSS final,D77,2026-09-26 16:26:29
2014,,Kentucky,state,year,179,false,NVSS final,D77,2026-09-26 16:26:29
2014,,Louisiana,state,year,29,false,NVSS final,D77,2026-09-26 16:26:29
2014,,Maine,state,year,62,false,NVSS final,D77,2026-09-26 16:26:29
2014,,Maryland,state,year,230,false,NVSS final,D77,2026-09-26 16:26:29
2014,,Massachusetts,state,year,453,false,NVSS final,D77,2026-09-26 16:26:29
2014,,Michigan,state,year,178,false,NVSS final,D77,2026-09-26 16:26:29
2014,,Minnesota,state,year,44,false,NVSS final,D77,2026-09-26 16:26:29
2014,,Mississippi,state,year,24,false,NVSS final,D77,2026-09-26 16:26:29
2014,,Missouri,state,year,109,false,NVSS final,D77,2026-09-26 16:26:29
2014,,Montana,state,year,14,false,NVSS final,D77,2026-09-26 16:26:29
2014,,Nebraska,state,year,13,false,NVSS final,D77,2026-09-26 16:26:29
2014,,Nevada,state,year,32,false,NVSS final,D77,2026-09-26 16:26:29
2014,,New Hampshire,state,year,151,false,NVSS final,D77,2026-09-26 16:26:29
2014,,New Jersey,state,year,111,false,NVSS final,D77,2026-09-26 16:26:29
2014,,New Mexico,state,year,66,false,NVSS final,D77,2026-09-26 16:26:29
2014,,New York,state,year,294,false,NVSS final,D77,2026-09-26 16:26:29
2014,,North Carolina,state,year,217,false,NVSS final,D77,2026-09-26 16:26:29
2014,,North Dakota,state,year,10,false,NVSS final,D77,2026-09-26 16:26:29
2014,,Ohio,state,year,590,false,NVSS final,D77,2026-09-26 16:26:29
2014,,Oklahoma,state,year,73,false,NVSS final,D77,2026-09-26 16:26:29
2014,,Oregon,state,year,33,false,NVSS final,D77,2026-09-26 16:26:29
2014,,Pennsylvania,state,year,217,false,NVSS final,D77,2026-09-26 16:26:29
2014,,Rhode Island,state,year,82,false,NVSS final,D77,2026-09-26 16:26:29
2014,,South Carolina,state,year,110,false,NVSS final,D77,2026-09-26 16:26:29
2014,,Tennessee,state,year,132,false,NVSS final,D77,2026-09-26 16:26:29
2014,,Texas,state,year,157,false,NVSS final,D77,2026-09-26 16:26:29
2014,,United States,nation,year,5544,false,NVSS final,D77,2026-09-26 16:26:29
2014,,Utah,state,year,68,false,NVSS final,D77,2026-09-26 16:26:29
2014,,Vermont,state,year,21,false,NVSS final,D77,2026-09-26 16:26:29
2014,,Virginia,state,year,176,false,NVSS final,D77,2026-09-26 16:26:29
2014,,Washington,state,year,62,false,NVSS final,D77,2026-09-26 16:26:29
2014,,West Virginia,state,year,122,false,NVSS final,D77,2026-09-26 16:26:29
2014,,Wisconsin,state,year,90,false,NVSS final,D77,2026-09-26 16:26:29
2014,,Wyoming,state,year,12,false,NVSS final,D77,2026-09-26 16:26:29
2015,,Alabama,state,year,70,false,NVSS final,D77,2026-09-26 16:26:29
2015,,Alaska,state,year,14,false,NVSS final,D77,2026-09-26 16:26:29
2015,,Arizona,state,year,72,false,NVSS final,D77,2026-09-26 16:26:29
2015,,Arkansas,state,year,44,false,NVSS final,D77,2026-09-26 16:26:29
2015,,California,state,year,229,false,NVSS final,D77,2026-09-26 16:26:29
2015,,Colorado,state,year,64,false,NVSS final,D77,2026-09-26 16:26:29
2015,,Connecticut,state,year,211,false,NVSS final,D77,2026-09-26 16:26:29
2015,,Delaware,state,year,38,false,NVSS final,D77,2026-09-26 16:26:29
2015,,District of Columbia,state,year,26,false,NVSS final,D77,2026-09-26 16:26:29
2015,,Florida,state,year,610,false,NVSS final,D77,2026-09-26 16:26:29
2015,,Georgia,state,year,284,false,NVSS final,D77,2026-09-26 16:26:29
2015,,Hawaii,state,year,13,false,NVSS final,D77,2026-09-26 16:26:29
2015,,Idaho,state,year,16,false,NVSS final,D77,2026-09-26 16:26:29
2015,,Illinois,state,year,278,false,NVSS final,D77,2026-09-26 16:26:29
2015,,Indiana,state,year,120,false,NVSS final,D77,2026-09-26 16:26:29
2015,,Iowa,state,year,44,false,NVSS final,D77,2026-09-26 16:26:29
2015,,Kansas,state,year,36,false,NVSS final,D77,2026-09-26 16:26:29
2015,,Kentucky,state,year,323,false,NVSS final,D77,2026-09-26 16:26:29
2015,,Louisiana,state,year,38,false,NVSS final,D77,2026-09-26 16:26:29
2015,,Maine,state,year,116,false,NVSS final,D77,2026-09-26 16:26:29
2015,,Maryland,state,year,357,false,NVSS final,D77,2026-09-26 16:26:29
2015,,Massachusetts,state,year,949,false,NVSS final,D77,2026-09-26 16:26:29
2015,,Michigan,state,year,457,false,NVSS final,D77,2026-09-26 16:26:29
2015,,Minnesota,state,year,55,false,NVSS final,D77,2026-09-26 16:26:29
2015,,Mississippi,state,year,35,false,NVSS final,D77,2026-09-26 16:26:29
2015,,Missouri,state,year,183,false,NVSS final,D77,2026-09-26 16:26:29
2015,,Nebraska,state,year,13,false,NVSS final,D77,2026-09-26 16:26:29
2015,,Nevada,state,year,32,false,NVSS final,D77,2026-09-26 16:26:29
2015,,New Hampshire,state,year,285,false,NVSS final,D77,2026-09-26 16:26:29
2015,,New Jersey,state,year,243,false,NVSS final,D77,2026-09-26 16:26:29
2015,,New Mexico,state,year,42,false,NVSS final,D77,2026-09-26 16:26:29
2015,,New York,state,year,668,false,NVSS final,D77,2026-09-26 16:26:29
2015,,North Carolina,state,year,300,false,NVSS final,D77,2026-09-26 16:26:29
2015,,Ohio,state,year,1234,false,NVSS final,D77,2026-09-26 16:26:29
2015,,Oklahoma,state,year,93,false,NVSS final,D77,2026-09-26 16:26:29
2015,,Oregon,state,year,34,false,NVSS final,D77,2026-09-26 16:26:29
2015,,Pennsylvania,state,year,429,false,NVSS final,D77,2026-09-26 16:26:29
2015,,Rhode Island,state,year,137,false,NVSS final,D77,2026-09-26 16:26:29
2015,,South Carolina,state,year,161,false,NVSS final,D77,2026-09-26 16:26:29
2015,,Tennessee,state,year,251,false,NVSS final,D77,2026-09-26 16:26:29
2015,,Texas,state,year,186,false,NVSS final,D77,2026-09-26 16:26:29
2015,,United States,nation,year,9580,false,NVSS final,D77,2026-09-26 16:26:29
2015,,Utah,state,year,62,false,NVSS final,D77,2026-09-26 16:26:29
2015,,Vermont,state,year,33,false,NVSS final,D77,2026-09-26 16:26:29
2015,,Virginia,state,year,270,false,NVSS final,D77,2026-09-26 16:26:29
2015,,Washington,state,year,65,false,NVSS final,D77,2026-09-26 16:26:29
2015,,West Virginia,state,year,217,false,NVSS final,D77,2026-09-26 16:26:29
2015,,Wisconsin,state,year,112,false,NVSS final,D77,2026-09-26 16:26:29
2016,,Alabama,state,year,157,false,NVSS final,D77,2026-09-26 16:26:29
2016,,Arizona,state,year,123,false,NVSS final,D77,2026-09-26 16:26:29
2016,,Arkansas,state,year,38,false,NVSS final,D77,2026-09-26 16:26:29
2016,,California,state,year,355,false,NVSS final,D77,2026-09-26 16:26:29
2016,,Colorado,state,year,72,false,NVSS final,D77,2026-09-26 16:26:29
2016,,Connecticut,state,year,500,false,NVSS final,D77,2026-09-26 16:26:29
2016,,Delaware,state,year,79,false,NVSS final,D77,2026-09-26 16:26:29
2016,,District of Columbia,state,year,129,false,NVSS final,D77,2026-09-26 16:26:29
2016,,Florida,state,year,1566,false,NVSS final,D77,2026-09-26 16:26:29
2016,,Georgia,state,year,277,false,NVSS final,D77,2026-09-26 16:26:29
2016,,Idaho,state,year,20,false,NVSS final,D77,2026-09-26 16:26:29
2016,,Illinois,state,year,907,false,NVSS final,D77,2026-09-26 16:26:29
2016,,Indiana,state,year,304,false,NVSS final,D77,2026-09-26 16:26:29
2016,,Iowa,state,year,58,false,NVSS final,D77,2026-09-26 16:26:29
2016,,Kansas,state,year,27,false,NVSS final,D77,2026-09-26 16:26:29
2016,,Kentucky,state,year,465,false,NVSS final,D77,2026-09-26 16:26:29
2016,,Louisiana,state,year,89,false,NVSS final,D77,2026-09-26 16:26:29
2016,,Maine,state,year,199,false,NVSS final,D77,2026-09-26 16:26:29
2016,,Maryland,state,year,1091,false,NVSS final,D77,2026-09-26 16:26:29
2016,,Massachusetts,state,year,1550,false,NVSS final,D77,2026-09-26 16:26:29
2016,,Michigan,state,year,921,false,NVSS final,D77,2026-09-26 16:26:29
2016,,Minnesota,state,year,99,false,NVSS final,D77,2026-09-26 16:26:29
2016,,Mississippi,state,year,45,false,NVSS final,D77,2026-09-26 16:26:29
2016,,Missouri,state,year,441,false,NVSS final,D77,2026-09-26 16:26:29
2016,,Montana,state,year,14,false,NVSS final,D77,2026-09-26 16:26:29
2016,,Nebraska,state,year,13,false,NVSS final,D77,2026-09-26 16:26:29
2016,,Nevada,state,year,53,false,NVSS final,D77,2026-09-26 16:26:29
2016,,New Hampshire,state,year,363,false,NVSS final,D77,2026-09-26 16:26:29
2016,,New Jersey,state,year,689,false,NVSS final,D77,2026-09-26 16:26:29
2016,,New Mexico,state,year,78,false,NVSS final,D77,2026-09-26 16:26:29
2016,,New York,state,year,1641,false,NVSS final,D77,2026-09-26 16:26:29
2016,,North Carolina,state,year,601,false,NVSS final,D77,2026-09-26 16:26:29
2016,,North Dakota,state,year,15,false,NVSS final,D77,2026-09-26 16:26:29
2016,,Ohio,state,year,2296,false,NVSS final,D77,2026-09-26 16:26:29
2016,,Oklahoma,state,year,98,false,NVSS final,D77,2026-09-26 16:26:29
2016,,Oregon,state,year,43,false,NVSS final,D77,2026-09-26 16:26:29
2016,,Pennsylvania,state,year,1309,false,NVSS final,D77,2026-09-26 16:26:29
2016,,Rhode Island,state,year,182,false,NVSS final,D77,2026-09-26 16:26:29
2016,,South Carolina,state,year,237,false,NVSS final,D77,2026-09-26 16:26:29
2016,,South Dakota,state,year,10,false,NVSS final,D77,2026-09-26 16:26:29
2016,,Tennessee,state,year,395,false,NVSS final,D77,2026-09-26 16:26:29
2016,,Texas,state,year,250,false,NVSS final,D77,2026-09-26 16:26:29
2016,,United States,nation,year,19413,false,NVSS final,D77,2026-09-26 16:26:29
2016,,Utah,state,year,72,false,NVSS final,D77,2026-09-26 16:26:29
2016,,Vermont,state,year,53,false,NVSS final,D77,2026-09-26 16:26:29
2016,,Virginia,state,year,648,false,NVSS final,D77,2026-09-26 16:26:29
2016,,Washington,state,year,93,false,NVSS final,D77,2026-09-26 16:26:29
2016,,West Virginia,state,year,435,false,NVSS final,D77,2026-09-26 16:26:29
2016,,Wisconsin,state,year,288,false,NVSS final,D77,2026-09-26 16:26:29
2017,,Alabama,state,year,198,false,NVSS final,D77,2026-09-26 16:26:29
2017,,Alaska,state,year,37,false,NVSS final,D77,2026-09-26 16:26:29
2017,,Arizona,state,year,267,false,NVSS final,D77,2026-09-26 16:26:29
2017,,Arkansas,state,year,68,false,NVSS final,D77,2026-09-26 16:26:29
2017,,California,state,year,536,false,NVSS final,D77,2026-09-26 16:26:29
2017,,Colorado,state,year,112,false,NVSS final,D77,2026-09-26 16:26:29
2017,,Connecticut,state,year,686,false,NVSS final,D77,2026-09-26 16:26:29
2017,,Delaware,state,year,178,false,NVSS final,D77,2026-09-26 16:26:29
2017,,District of Columbia,state,year,182,false,NVSS final,D77,2026-09-26 16:26:29
2017,,Florida,state,year,2126,false,NVSS final,D77,2026-09-26 16:26:29
2017,,Georgia,state,year,419,false,NVSS final,D77,2026-09-26 16:26:29
2017,,Idaho,state,year,22,false,NVSS final,D77,2026-09-26 16:26:29
2017,,Illinois,state,year,1251,false,NVSS final,D77,2026-09-26 16:26:29
2017,,Indiana,state,year,649,false,NVSS final,D77,2026-09-26 16:26:29
2017,,Iowa,state,year,92,false,NVSS final,D77,2026-09-26 16:26:29
2017,,Kansas,state,year,32,false,NVSS final,D77,2026-09-26 16:26:29
2017,,Kentucky,state,year,780,false,NVSS final,D77,2026-09-26 16:26:29
2017,,Louisiana,state,year,156,false,NVSS final,D77,2026-09-26 16:26:29
2017,,Maine,state,year,278,false,NVSS final,D77,2026-09-26 16:26:29
2017,,Maryland,state,year,1542,false,NVSS final,D77,2026-09-26 16:26:29
2017,,Massachusetts,state,year,1649,false,NVSS final,D77,2026-09-26 16:26:29
2017,,Michigan,state,year,1368,false,NVSS final,D77,2026-09-26 16:26:29
2017,,Minnesota,state,year,184,false,NVSS final,D77,2026-09-26 16:26:29
2017,,Mississippi,state,year,81,false,NVSS final,D77,2026-09-26 16:26:29
2017,,Missouri,state,year,618,false,NVSS final,D77,2026-09-26 16:26:29
2017,,Nebraska,state,year,25,false,NVSS final,D77,2026-09-26 16:26:29
2017,,Nevada,state,year,66,false,NVSS final,D77,2026-09-26 16:26:29
2017,,New Hampshire,state,year,374,false,NVSS final,D77,2026-09-26 16:26:29
2017,,New Jersey,state,year,1376,false,NVSS final,D77,2026-09-26 16:26:29
2017,,New Mexico,state,year,75,false,NVSS final,D77,2026-09-26 16:26:29
2017,,New York,state,year,2238,false,NVSS final,D77,2026-09-26 16:26:29
2017,,North Carolina,state,year,1285,false,NVSS final,D77,2026-09-26 16:26:29
2017,,North Dakota,state,year,12,false,NVSS final,D77,2026-09-26 16:26:29
2017,,Ohio,state,year,3523,false,NVSS final,D77,2026-09-26 16:26:29
2017,,Oklahoma,state,year,102,false,NVSS final,D77,2026-09-26 16:26:29
2017,,Oregon,state,year,85,false,NVSS final,D77,2026-09-26 16:26:29
2017,,Pennsylvania,state,year,1982,false,NVSS final,D77,2026-09-26 16:26:29
2017,,Rhode Island,state,year,201,false,NVSS final,D77,2026-09-26 16:26:29
2017,,South Carolina,state,year,404,false,NVSS final,D77,2026-09-26 16:26:29
2017,,South Dakota,state,year,14,false,NVSS final,D77,2026-09-26 16:26:29
2017,,Tennessee,state,year,590,false,NVSS final,D77,2026-09-26 16:26:29
2017,,Texas,state,year,348,false,NVSS final,D77,2026-09-26 16:26:29
2017,,United States,nation,year,28466,false,NVSS final,D77,2026-09-26 16:26:29
2017,,Utah,state,year,92,false,NVSS final,D77,2026-09-26 16:26:29
2017,,Vermont,state,year,77,false,NVSS final,D77,2026-09-26 16:26:29
2017,,Virginia,state,year,829,false,NVSS final,D77,2026-09-26 16:26:29
2017,,Washington,state,year,143,false,NVSS final,D77,2026-09-26 16:26:29
2017,,West Virginia,state,year,618,false,NVSS final,D77,2026-09-26 16:26:29
2017,,Wisconsin,state,year,466,false,NVSS final,D77,2026-09-26 16:26:29
2017,,Wyoming,state,year,17,false,NVSS final,D77,2026-09-26 16:26:29
2018,,Alabama,state,year,147,false,NVSS final,D157,2026-09-26 16:26:29
2018,,Alaska,state,year,18,false,NVSS final,D157,2026-09-26 16:26:29
2018,,Arizona,state,year,522,false,NVSS final,D157,2026-09-26 16:26:29
2018,,Arkansas,state,year,92,false,NVSS final,D157,2026-09-26 16:26:29
2018,,California,state,year,865,false,NVSS final,D157,2026-09-26 16:26:29
2018,,Colorado,state,year,134,false,NVSS final,D157,2026-09-26 16:26:29
2018,,Connecticut,state,year,767,false,NVSS final,D157,2026-09-26 16:26:29
2018,,Delaware,state,year,296,false,NVSS final,D157,2026-09-26 16:26:29
2018,,District of Columbia,state,year,162,false,NVSS final,D157,2026-09-26 16:26:29
2018,,Florida,state,year,2091,false,NVSS final,D157,2026-09-26 16:26:29
2018,,Georgia,state,year,349,false,NVSS final,D157,2026-09-26 16:26:29
2018,,Hawaii,state,year,14,false,NVSS final,D157,2026-09-26 16:26:29
2018,,Idaho,state,year,28,false,NVSS final,D157,2026-09-26 16:26:29
2018,,Illinois,state,year,1568,false,NVSS final,D157,2026-09-26 16:26:29
2018,,Indiana,state,year,713,false,NVSS final,D157,2026-09-26 16:26:29
2018,,Iowa,state,year,80,false,NVSS final,D157,2026-09-26 16:26:29
2018,,Kansas,state,year,50,false,NVSS final,D157,2026-09-26 16:26:29
2018,,Kentucky,state,year,744,false,NVSS final,D157,2026-09-26 16:26:29
2018,,Louisiana,state,year,216,false,NVSS final,D157,2026-09-26 16:26:29
2018,,Maine,state,year,229,false,NVSS final,D157,2026-09-26 16:26:29
2018,,Maryland,state,year,1825,false,NVSS final,D157,2026-09-26 16:26:29
2018,,Massachusetts,state,year,1806,false,NVSS final,D157,2026-09-26 16:26:29
2018,,Michigan,state,year,1531,false,NVSS final,D157,2026-09-26 16:26:29
2018,,Minnesota,state,year,202,false,NVSS final,D157,2026-09-26 16:26:29
2018,,Mississippi,state,year,72,false,NVSS final,D157,2026-09-26 16:26:29
2018,,Missouri,state,year,868,false,NVSS final,D157,2026-09-26 16:26:29
2018,,Montana,state,year,11,false,NVSS final,D157,2026-09-26 16:26:29
2018,,Nebraska,state,year,26,false,NVSS final,D157,2026-09-26 16:26:29
2018,,Nevada,state,year,85,false,NVSS final,D157,2026-09-26 16:26:29
2018,,New Hampshire,state,year,386,false,NVSS final,D157,2026-09-26 16:26:29
2018,,New Jersey,state,year,2219,false,NVSS final,D157,2026-09-26 16:26:29
2018,,New Mexico,state,year,105,false,NVSS final,D157,2026-09-26 16:26:29
2018,,New York,state,year,2195,false,NVSS final,D157,2026-09-26 16:26:29
2018,,North Carolina,state,year,1272,false,NVSS final,D157,2026-09-26 16:26:29
2018,,Ohio,state,year,2783,false,NVSS final,D157,2026-09-26 16:26:29
2018,,Oklahoma,state,year,79,false,NVSS final,D157,2026-09-26 16:26:29
2018,,Oregon,state,year,97,false,NVSS final,D157,2026-09-26 16:26:29
2018,,Pennsylvania,state,year,2430,false,NVSS final,D157,2026-09-26 16:26:29
2018,,Rhode Island,state,year,213,false,NVSS final,D157,2026-09-26 16:26:29
2018,,South Carolina,state,year,510,false,NVSS final,D157,2026-09-26 16:26:29
2018,,South Dakota,state,year,13,false,NVSS final,D157,2026-09-26 16:26:29
2018,,Tennessee,state,year,827,false,NVSS final,D157,2026-09-26 16:26:29
2018,,Texas,state,year,358,false,NVSS final,D157,2026-09-26 16:26:29
2018,,United States,nation,year,31335,false,NVSS final,D157,2026-09-26 16:26:29
2018,,Utah,state,year,83,false,NVSS final,D157,2026-09-26 16:26:29
2018,,Vermont,state,year,106,false,NVSS final,D157,2026-09-26 16:26:29
2018,,Virginia,state,year,852,false,NVSS final,D157,2026-09-26 16:26:29
2018,,Washington,state,year,221,false,NVSS final,D157,2026-09-26 16:26:29
2018,,West Virginia,state,year,551,false,NVSS final,D157,2026-09-26 16:26:29
2018,,Wisconsin,state,year,506,false,NVSS final,D157,2026-09-26 16:26:29
2018,,Wyoming,state,year,10,false,NVSS final,D157,2026-09-26 16:26:29
2019,,Alabama,state,year,213,false,NVSS final,D157,2026-09-26 16:26:29
2019,,Alaska,state,year,24,false,NVSS final,D157,2026-09-26 16:26:29
2019,,Arizona,state,year,796,false,NVSS final,D157,2026-09-26 16:26:29
2019,,Arkansas,state,year,115,false,NVSS final,D157,2026-09-26 16:26:29
2019,,California,state,year,1675,false,NVSS final,D157,2026-09-26 16:26:29
2019,,Colorado,state,year,255,false,NVSS final,D157,2026-09-26 16:26:29
2019,,Connecticut,state,year,950,false,NVSS final,D157,2026-09-26 16:26:29
2019,,Delaware,state,year,343,false,NVSS final,D157,2026-09-26 16:26:29
2019,,District of Columbia,state,year,216,false,NVSS final,D157,2026-09-26 16:26:29
2019,,Florida,state,year,2837,false,NVSS final,D157,2026-09-26 16:26:29
2019,,Georgia,state,year,419,false,NVSS final,D157,2026-09-26 16:26:29
2019,,Hawaii,state,year,20,false,NVSS final,D157,2026-09-26 16:26:29
2019,,Idaho,state,year,32,false,NVSS final,D157,2026-09-26 16:26:29
2019,,Illinois,state,year,1706,false,NVSS final,D157,2026-09-26 16:26:29
2019,,Indiana,state,year,899,false,NVSS final,D157,2026-09-26 16:26:29
2019,,Iowa,state,year,102,false,NVSS final,D157,2026-09-26 16:26:29
2019,,Kansas,state,year,75,false,NVSS final,D157,2026-09-26 16:26:29
2019,,Kentucky,state,year,825,false,NVSS final,D157,2026-09-26 16:26:29
2019,,Louisiana,state,year,324,false,NVSS final,D157,2026-09-26 16:26:29
2019,,Maine,state,year,283,false,NVSS final,D157,2026-09-26 16:26:29
2019,,Maryland,state,year,1917,false,NVSS final,D157,2026-09-26 16:26:29
2019,,Massachusetts,state,year,1861,false,NVSS final,D157,2026-09-26 16:26:29
2019,,Michigan,state,year,1458,false,NVSS final,D157,2026-09-26 16:26:29
2019,,Minnesota,state,year,309,false,NVSS final,D157,2026-09-26 16:26:29
2019,,Mississippi,state,year,141,false,NVSS final,D157,2026-09-26 16:26:29
2019,,Missouri,state,year,886,false,NVSS final,D157,2026-09-26 16:26:29
2019,,Montana,state,year,16,false,NVSS final,D157,2026-09-26 16:26:29
2019,,Nebraska,state,year,27,false,NVSS final,D157,2026-09-26 16:26:29
2019,,Nevada,state,year,114,false,NVSS final,D157,2026-09-26 16:26:29
2019,,New Hampshire,state,year,343,false,NVSS final,D157,2026-09-26 16:26:29
2019,,New Jersey,state,year,2221,false,NVSS final,D157,2026-09-26 16:26:29
2019,,New Mexico,state,year,149,false,NVSS final,D157,2026-09-26 16:26:29
2019,,New York,state,year,2338,false,NVSS final,D157,2026-09-26 16:26:29
2019,,North Carolina,state,year,1363,false,NVSS final,D157,2026-09-26 16:26:29
2019,,North Dakota,state,year,10,false,NVSS final,D157,2026-09-26 16:26:29
2019,,Ohio,state,year,3117,false,NVSS final,D157,2026-09-26 16:26:29
2019,,Oklahoma,state,year,81,false,NVSS final,D157,2026-09-26 16:26:29
2019,,Oregon,state,year,95,false,NVSS final,D157,2026-09-26 16:26:29
2019,,Pennsylvania,state,year,2661,false,NVSS final,D157,2026-09-26 16:26:29
2019,,Rhode Island,state,year,203,false,NVSS final,D157,2026-09-26 16:26:29
2019,,South Carolina,state,year,568,false,NVSS final,D157,2026-09-26 16:26:29
2019,,South Dakota,state,year,24,false,NVSS final,D157,2026-09-26 16:26:29
2019,,Tennessee,state,year,1152,false,NVSS final,D157,2026-09-26 16:26:29
2019,,Texas,state,year,423,false,NVSS final,D157,2026-09-26 16:26:29
2019,,United States,nation,year,36359,false,NVSS final,D157,2026-09-26 16:26:29
2019,,Utah,state,year,94,false,NVSS final,D157,2026-09-26 16:26:29
2019,,Vermont,state,year,100,false,NVSS final,D157,2026-09-26 16:26:29
2019,,Virginia,state,year,993,false,NVSS final,D157,2026-09-26 16:26:29
2019,,Washington,state,year,337,false,NVSS final,D157,2026-09-26 16:26:29
2019,,West Virginia,state,year,572,false,NVSS final,D157,2026-09-26 16:26:29
2019,,Wisconsin,state,year,660,false,NVSS final,D157,2026-09-26 16:26:29
2019,,Wyoming,state,year,17,false,NVSS final,D157,2026-09-26 16:26:29
2020,,Alabama,state,year,442,false,NVSS final,D157,2026-09-26 16:26:29
2020,,Alaska,state,year,69,false,NVSS final,D157,2026-09-26 16:26:29
2020,,Arizona,state,year,1476,false,NVSS final,D157,2026-09-26 16:26:29
2020,,Arkansas,state,year,195,false,NVSS final,D157,2026-09-26 16:26:29
2020,,California,state,year,4009,false,NVSS final,D157,2026-09-26 16:26:29
2020,,Colorado,state,year,590,false,NVSS final,D157,2026-09-26 16:26:29
2020,,Connecticut,state,year,1142,false,NVSS final,D157,2026-09-26 16:26:29
2020,,Delaware,state,year,361,false,NVSS final,D157,2026-09-26 16:26:29
2020,,District of Columbia,state,year,315,false,NVSS final,D157,2026-09-26 16:26:29
2020,,Florida,state,year,4734,false,NVSS final,D157,2026-09-26 16:26:29
2020,,Georgia,state,year,896,false,NVSS final,D157,2026-09-26 16:26:29
2020,,Hawaii,state,year,37,false,NVSS final,D157,2026-09-26 16:26:29
2020,,Idaho,state,year,59,false,NVSS final,D157,2026-09-26 16:26:29
2020,,Illinois,state,year,2471,false,NVSS final,D157,2026-09-26 16:26:29
2020,,Indiana,state,year,1647,false,NVSS final,D157,2026-09-26 16:26:29
2020,,Iowa,state,year,172,false,NVSS final,D157,2026-09-26 16:26:29
2020,,Kansas,state,year,165,false,NVSS final,D157,2026-09-26 16:26:29
2020,,Kentucky,state,year,1498,false,NVSS final,D157,2026-09-26 16:26:29
2020,,Louisiana,state,year,706,false,NVSS final,D157,2026-09-26 16:26:29
2020,,Maine,state,year,365,false,NVSS final,D157,2026-09-26 16:26:29
2020,,Maryland,state,year,2326,false,NVSS final,D157,2026-09-26 16:26:29
2020,,Massachusetts,state,year,1943,false,NVSS final,D157,2026-09-26 16:26:29
2020,,Michigan,state,year,1926,false,NVSS final,D157,2026-09-26 16:26:29
2020,,Minnesota,state,year,560,false,NVSS final,D157,2026-09-26 16:26:29
2020,,Mississippi,state,year,314,false,NVSS final,D157,2026-09-26 16:26:29
2020,,Missouri,state,year,1205,false,NVSS final,D157,2026-09-26 16:26:29
2020,,Montana,state,year,30,false,NVSS final,D157,2026-09-26 16:26:29
2020,,Nebraska,state,year,73,false,NVSS final,D157,2026-09-26 16:26:29
2020,,Nevada,state,year,291,false,NVSS final,D157,2026-09-26 16:26:29
2020,,New Hampshire,state,year,318,false,NVSS final,D157,2026-09-26 16:26:29
2020,,New Jersey,state,year,2331,false,NVSS final,D157,2026-09-26 16:26:29
2020,,New Mexico,state,year,323,false,NVSS final,D157,2026-09-26 16:26:29
2020,,New York,state,year,3721,false,NVSS final,D157,2026-09-26 16:26:29
2020,,North Carolina,state,year,2279,false,NVSS final,D157,2026-09-26 16:26:29
2020,,North Dakota,state,year,32,false,NVSS final,D157,2026-09-26 16:26:29
2020,,Ohio,state,year,4110,false,NVSS final,D157,2026-09-26 16:26:29
2020,,Oklahoma,state,year,150,false,NVSS final,D157,2026-09-26 16:26:29
2020,,Oregon,state,year,243,false,NVSS final,D157,2026-09-26 16:26:29
2020,,Pennsylvania,state,year,3574,false,NVSS final,D157,2026-09-26 16:26:29
2020,,Rhode Island,state,year,292,false,NVSS final,D157,2026-09-26 16:26:29
2020,,South Carolina,state,year,1149,false,NVSS final,D157,2026-09-26 16:26:29
2020,,South Dakota,state,year,34,false,NVSS final,D157,2026-09-26 16:26:29
2020,,Tennessee,state,year,2104,false,NVSS final,D157,2026-09-26 16:26:29
2020,,Texas,state,year,1050,false,NVSS final,D157,2026-09-26 16:26:29
2020,,United States,nation,year,56516,false,NVSS final,D157,2026-09-26 16:26:29
2020,,Utah,state,year,157,false,NVSS final,D157,2026-09-26 16:26:29
2020,,Vermont,state,year,137,false,NVSS final,D157,2026-09-26 16:26:29
2020,,Virginia,state,year,1675,false,NVSS final,D157,2026-09-26 16:26:29
2020,,Washington,state,year,674,false,NVSS final,D157,2026-09-26 16:26:29
2020,,West Virginia,state,year,1043,false,NVSS final,D157,2026-09-26 16:26:29
2020,,Wisconsin,state,year,1076,false,NVSS final,D157,2026-09-26 16:26:29
2020,,Wyoming,state,year,27,false,NVSS final,D157,2026-09-26 16:26:29
2021,,Alabama,state,year,847,false,NVSS final,D157,2026-09-26 16:26:29
2021,,Alaska,state,year,153,false,NVSS final,D157,2026-09-26 16:26:29
2021,,Arizona,state,year,1753,false,NVSS final,D157,2026-09-26 16:26:29
2021,,Arkansas,state,year,313,false,NVSS final,D157,2026-09-26 16:26:29
2021,,California,state,year,6060,false,NVSS final,D157,2026-09-26 16:26:29
2021,,Colorado,state,year,973,false,NVSS final,D157,2026-09-26 16:26:29
2021,,Connecticut,state,year,1285,false,NVSS final,D157,2026-09-26 16:26:29
2021,,Delaware,state,year,411,false,NVSS final,D157,2026-09-26 16:26:29
2021,,District of Columbia,state,year,330,false,NVSS final,D157,2026-09-26 16:26:29
2021,,Florida,state,year,5358,false,NVSS final,D157,2026-09-26 16:26:29
2021,,Georgia,state,year,1448,false,NVSS final,D157,2026-09-26 16:26:29
2021,,Hawaii,state,year,53,false,NVSS final,D157,2026-09-26 16:26:29
2021,,Idaho,state,year,160,false,NVSS final,D157,2026-09-26 16:26:29
2021,,Illinois,state,year,2706,false,NVSS final,D157,2026-09-26 16:26:29
2021,,Indiana,state,year,2011,false,NVSS final,D157,2026-09-26 16:26:29
2021,,Iowa,state,year,211,false,NVSS final,D157,2026-09-26 16:26:29
2021,,Kansas,state,year,351,false,NVSS final,D157,2026-09-26 16:26:29
2021,,Kentucky,state,year,1714,false,NVSS final,D157,2026-09-26 16:26:29
2021,,Louisiana,state,year,1174,false,NVSS final,D157,2026-09-26 16:26:29
2021,,Maine,state,year,497,false,NVSS final,D157,2026-09-26 16:26:29
2021,,Maryland,state,year,2301,false,NVSS final,D157,2026-09-26 16:26:29
2021,,Massachusetts,state,year,2178,false,NVSS final,D157,2026-09-26 16:26:29
2021,,Michigan,state,year,2285,false,NVSS final,D157,2026-09-26 16:26:29
2021,,Minnesota,state,year,882,false,NVSS final,D157,2026-09-26 16:26:29
2021,,Mississippi,state,year,475,false,NVSS final,D157,2026-09-26 16:26:29
2021,,Missouri,state,year,1445,false,NVSS final,D157,2026-09-26 16:26:29
2021,,Montana,state,year,72,false,NVSS final,D157,2026-09-26 16:26:29
2021,,Nebraska,state,year,90,false,NVSS final,D157,2026-09-26 16:26:29
2021,,Nevada,state,year,369,false,NVSS final,D157,2026-09-26 16:26:29
2021,,New Hampshire,state,year,349,false,NVSS final,D157,2026-09-26 16:26:29
2021,,New Jersey,state,year,2498,false,NVSS final,D157,2026-09-26 16:26:29
2021,,New Mexico,state,year,605,false,NVSS final,D157,2026-09-26 16:26:29
2021,,New York,state,year,4527,false,NVSS final,D157,2026-09-26 16:26:29
2021,,North Carolina,state,year,3065,false,NVSS final,D157,2026-09-26 16:26:29
2021,,North Dakota,state,year,57,false,NVSS final,D157,2026-09-26 16:26:29
2021,,Ohio,state,year,4183,false,NVSS final,D157,2026-09-26 16:26:29
2021,,Oklahoma,state,year,337,false,NVSS final,D157,2026-09-26 16:26:29
2021,,Oregon,state,year,536,false,NVSS final,D157,2026-09-26 16:26:29
2021,,Pennsylvania,state,year,3782,false,NVSS final,D157,2026-09-26 16:26:29
2021,,Rhode Island,state,year,343,false,NVSS final,D157,2026-09-26 16:26:29
2021,,South Carolina,state,year,1507,false,NVSS final,D157,2026-09-26 16:26:29
2021,,South Dakota,state,year,33,false,NVSS final,D157,2026-09-26 16:26:29
2021,,Tennessee,state,year,2796,false,NVSS final,D157,2026-09-26 16:26:29
2021,,Texas,state,year,1858,false,NVSS final,D157,2026-09-26 16:26:29
2021,,United States,nation,year,70601,false,NVSS final,D157,2026-09-26 16:26:29
2021,,Utah,state,year,202,false,NVSS final,D157,2026-09-26 16:26:29
2021,,Vermont,state,year,203,false,NVSS final,D157,2026-09-26 16:26:29
2021,,Virginia,state,year,2064,false,NVSS final,D157,2026-09-26 16:26:29
2021,,Washington,state,year,1218,false,NVSS final,D157,2026-09-26 16:26:29
2021,,West Virginia,state,year,1189,false,NVSS final,D157,2026-09-26 16:26:29
2021,,Wisconsin,state,year,1300,false,NVSS final,D157,2026-09-26 16:26:29
2021,,Wyoming,state,year,44,false,NVSS final,D157,2026-09-26 16:26:29
2022,,Alabama,state,year,989,false,NVSS final,D157,2026-09-26 16:26:29
2022,,Alaska,state,year,161,false,NVSS final,D157,2026-09-26 16:26:29
2022,,Arizona,state,year,1735,false,NVSS final,D157,2026-09-26 16:26:29
2022,,Arkansas,state,year,315,false,NVSS final,D157,2026-09-26 16:26:29
2022,,California,state,year,6473,false,NVSS final,D157,2026-09-26 16:26:29
2022,,Colorado,state,year,971,false,NVSS final,D157,2026-09-26 16:26:29
2022,,Connecticut,state,year,1254,false,NVSS final,D157,2026-09-26 16:26:29
2022,,Delaware,state,year,457,false,NVSS final,D157,2026-09-26 16:26:29
2022,,District of Columbia,state,year,327,false,NVSS final,D157,2026-09-26 16:26:29
2022,,Florida,state,year,5083,false,NVSS final,D157,2026-09-26 16:26:29
2022,,Georgia,state,year,1726,false,NVSS final,D157,2026-09-26 16:26:29
2022,,Hawaii,state,year,76,false,NVSS final,D157,2026-09-26 16:26:29
2022,,Idaho,state,year,200,false,NVSS final,D157,2026-09-26 16:26:29
2022,,Illinois,state,year,2917,false,NVSS final,D157,2026-09-26 16:26:29
2022,,Indiana,state,year,1923,false,NVSS final,D157,2026-09-26 16:26:29
2022,,Iowa,state,year,203,false,NVSS final,D157,2026-09-26 16:26:29
2022,,Kansas,state,year,420,false,NVSS final,D157,2026-09-26 16:26:29
2022,,Kentucky,state,year,1613,false,NVSS final,D157,2026-09-26 16:26:29
2022,,Louisiana,state,year,1202,false,NVSS final,D157,2026-09-26 16:26:29
2022,,Maine,state,year,568,false,NVSS final,D157,2026-09-26 16:26:29
2022,,Maryland,state,year,2081,false,NVSS final,D157,2026-09-26 16:26:29
2022,,Massachusetts,state,year,2223,false,NVSS final,D157,2026-09-26 16:26:29
2022,,Michigan,state,year,2223,false,NVSS final,D157,2026-09-26 16:26:29
2022,,Minnesota,state,year,949,false,NVSS final,D157,2026-09-26 16:26:29
2022,,Mississippi,state,year,484,false,NVSS final,D157,2026-09-26 16:26:29
2022,,Missouri,state,year,1470,false,NVSS final,D157,2026-09-26 16:26:29
2022,,Montana,state,year,101,false,NVSS final,D157,2026-09-26 16:26:29
2022,,Nebraska,state,year,101,false,NVSS final,D157,2026-09-26 16:26:29
2022,,Nevada,state,year,455,false,NVSS final,D157,2026-09-26 16:26:29
2022,,New Hampshire,state,year,415,false,NVSS final,D157,2026-09-26 16:26:29
2022,,New Jersey,state,year,2489,false,NVSS final,D157,2026-09-26 16:26:29
2022,,New Mexico,state,year,646,false,NVSS final,D157,2026-09-26 16:26:29
2022,,New York,state,year,4950,false,NVSS final,D157,2026-09-26 16:26:29
2022,,North Carolina,state,year,3371,false,NVSS final,D157,2026-09-26 16:26:29
2022,,North Dakota,state,year,86,false,NVSS final,D157,2026-09-26 16:26:29
2022,,Ohio,state,year,3989,false,NVSS final,D157,2026-09-26 16:26:29
2022,,Oklahoma,state,year,648,false,NVSS final,D157,2026-09-26 16:26:29
2022,,Oregon,state,year,843,false,NVSS final,D157,2026-09-26 16:26:29
2022,,Pennsylvania,state,year,3692,false,NVSS final,D157,2026-09-26 16:26:29
2022,,Rhode Island,state,year,307,false,NVSS final,D157,2026-09-26 16:26:29
2022,,South Carolina,state,year,1642,false,NVSS final,D157,2026-09-26 16:26:29
2022,,South Dakota,state,year,38,false,NVSS final,D157,2026-09-26 16:26:29
2022,,Tennessee,state,year,2836,false,NVSS final,D157,2026-09-26 16:26:29
2022,,Texas,state,year,2452,false,NVSS final,D157,2026-09-26 16:26:29
2022,,United States,nation,year,73838,false,NVSS final,D157,2026-09-26 16:26:29
2022,,Utah,state,year,214,false,NVSS final,D157,2026-09-26 16:26:29
2022,,Vermont,state,year,226,false,NVSS final,D157,2026-09-26 16:26:29
2022,,Virginia,state,year,1973,false,NVSS final,D157,2026-09-26 16:26:29
2022,,Washington,state,year,1863,false,NVSS final,D157,2026-09-26 16:26:29
2022,,West Virginia,state,year,1084,false,NVSS final,D157,2026-09-26 16:26:29
2022,,Wisconsin,state,year,1313,false,NVSS final,D157,2026-09-26 16:26:29
2022,,Wyoming,state,year,61,false,NVSS final,D157,2026-09-26 16:26:29
2023,,Alabama,state,year,1100,false,NVSS final,D157,2026-09-26 16:26:29
2023,,Alaska,state,year,274,false,NVSS final,D157,2026-09-26 16:26:29
2023,,Arizona,state,year,1774,false,NVSS final,D157,2026-09-26 16:26:29
2023,,Arkansas,state,year,268,false,NVSS final,D157,2026-09-26 16:26:29
2023,,California,state,year,7203,false,NVSS final,D157,2026-09-26 16:26:29
2023,,Colorado,state,year,1146,false,NVSS final,D157,2026-09-26 16:26:29
2023,,Connecticut,state,year,1108,false,NVSS final,D157,2026-09-26 16:26:29
2023,,Delaware,state,year,431,false,NVSS final,D157,2026-09-26 16:26:29
2023,,District of Columbia,state,year,343,false,NVSS final,D157,2026-09-26 16:26:29
2023,,Florida,state,year,4593,false,NVSS final,D157,2026-09-26 16:26:29
2023,,Georgia,state,year,1678,false,NVSS final,D157,2026-09-26 16:26:29
2023,,Hawaii,state,year,113,false,NVSS final,D157,2026-09-26 16:26:29
2023,,Idaho,state,year,215,false,NVSS final,D157,2026-09-26 16:26:29
2023,,Illinois,state,year,2651,false,NVSS final,D157,2026-09-26 16:26:29
2023,,Indiana,state,year,1587,false,NVSS final,D157,2026-09-26 16:26:29
2023,,Iowa,state,year,208,false,NVSS final,D157,2026-09-26 16:26:29
2023,,Kansas,state,year,355,false,NVSS final,D157,2026-09-26 16:26:29
2023,,Kentucky,state,year,1475,false,NVSS final,D157,2026-09-26 16:26:29
2023,,Louisiana,state,year,1026,false,NVSS final,D157,2026-09-26 16:26:29
2023,,Maine,state,year,489,false,NVSS final,D157,2026-09-26 16:26:29
2023,,Maryland,state,year,2060,false,NVSS final,D157,2026-09-26 16:26:29
2023,,Massachusetts,state,year,2012,false,NVSS final,D157,2026-09-26 16:26:29
2023,,Michigan,state,year,2145,false,NVSS final,D157,2026-09-26 16:26:29
2023,,Minnesota,state,year,935,false,NVSS final,D157,2026-09-26 16:26:29
2023,,Mississippi,state,year,449,false,NVSS final,D157,2026-09-26 16:26:29
2023,,Missouri,state,year,1358,false,NVSS final,D157,2026-09-26 16:26:29
2023,,Montana,state,year,99,false,NVSS final,D157,2026-09-26 16:26:29
2023,,Nebraska,state,year,61,false,NVSS final,D157,2026-09-26 16:26:29
2023,,Nevada,state,year,710,false,NVSS final,D157,2026-09-26 16:26:29
2023,,New Hampshire,state,year,380,false,NVSS final,D157,2026-09-26 16:26:29
2023,,New Jersey,state,year,2196,false,NVSS final,D157,2026-09-26 16:26:29
2023,,New Mexico,state,year,651,false,NVSS final,D157,2026-09-26 16:26:29
2023,,New York,state,year,4936,false,NVSS final,D157,2026-09-26 16:26:29
2023,,North Carolina,state,year,2745,false,NVSS final,D157,2026-09-26 16:26:29
2023,,North Dakota,state,year,76,false,NVSS final,D157,2026-09-26 16:26:29
2023,,Ohio,state,year,3590,false,NVSS final,D157,2026-09-26 16:26:29
2023,,Oklahoma,state,year,753,false,NVSS final,D157,2026-09-26 16:26:29
2023,,Oregon,state,year,1272,false,NVSS final,D157,2026-09-26 16:26:29
2023,,Pennsylvania,state,year,3336,false,NVSS final,D157,2026-09-26 16:26:29
2023,,Rhode Island,state,year,317,false,NVSS final,D157,2026-09-26 16:26:29
2023,,South Carolina,state,year,1563,false,NVSS final,D157,2026-09-26 16:26:29
2023,,South Dakota,state,year,42,false,NVSS final,D157,2026-09-26 16:26:29
2023,,Tennessee,state,year,2771,false,NVSS final,D157,2026-09-26 16:26:29
2023,,Texas,state,year,2613,false,NVSS final,D157,2026-09-26 16:26:29
2023,,United States,nation,year,72776,false,NVSS final,D157,2026-09-26 16:26:29
2023,,Utah,state,year,337,false,NVSS final,D157,2026-09-26 16:26:29
2023,,Vermont,state,year,220,false,NVSS final,D157,2026-09-26 16:26:29
2023,,Virginia,state,year,1954,false,NVSS final,D157,2026-09-26 16:26:29
2023,,Washington,state,year,2655,false,NVSS final,D157,2026-09-26 16:26:29
2023,,West Virginia,state,year,1137,false,NVSS final,D157,2026-09-26 16:26:29
2023,,Wisconsin,state,year,1309,false,NVSS final,D157,2026-09-26 16:26:29
2023,,Wyoming,state,year,57,false,NVSS final,D157,2026-09-26 16:26:29
2024,,Alabama,state,year,737,false,NVSS final,D157,2026-09-26 16:26:29
2024,,Alaska,state,year,255,false,NVSS final,D157,2026-09-26 16:26:29
2024,,Arizona,state,year,1482,false,NVSS final,D157,2026-09-26 16:26:29
2024,,Arkansas,state,year,143,false,NVSS final,D157,2026-09-26 16:26:29
2024,,California,state,year,4837,false,NVSS final,D157,2026-09-26 16:26:29
2024,,Colorado,state,year,797,false,NVSS final,D157,2026-09-26 16:26:29
2024,,Connecticut,state,year,765,false,NVSS final,D157,2026-09-26 16:26:29
2024,,Delaware,state,year,262,false,NVSS final,D157,2026-09-26 16:26:29
2024,,District of Columbia,state,year,239,false,NVSS final,D157,2026-09-26 16:26:29
2024,,Florida,state,year,2875,false,NVSS final,D157,2026-09-26 16:26:29
2024,,Georgia,state,year,1096,false,NVSS final,D157,2026-09-26 16:26:29
2024,,Hawaii,state,year,105,false,NVSS final,D157,2026-09-26 16:26:29
2024,,Idaho,state,year,138,false,NVSS final,D157,2026-09-26 16:26:29
2024,,Illinois,state,year,1670,false,NVSS final,D157,2026-09-26 16:26:29
2024,,Indiana,state,year,1061,false,NVSS final,D157,2026-09-26 16:26:29
2024,,Iowa,state,year,125,false,NVSS final,D157,2026-09-26 16:26:29
2024,,Kansas,state,year,293,false,NVSS final,D157,2026-09-26 16:26:29
2024,,Kentucky,state,year,891,false,NVSS final,D157,2026-09-26 16:26:29
2024,,Louisiana,state,year,642,false,NVSS final,D157,2026-09-26 16:26:29
2024,,Maine,state,year,349,false,NVSS final,D157,2026-09-26 16:26:29
2024,,Maryland,state,year,1321,false,NVSS final,D157,2026-09-26 16:26:29
2024,,Massachusetts,state,year,1251,false,NVSS final,D157,2026-09-26 16:26:29
2024,,Michigan,state,year,1175,false,NVSS final,D157,2026-09-26 16:26:29
2024,,Minnesota,state,year,606,false,NVSS final,D157,2026-09-26 16:26:29
2024,,Mississippi,state,year,261,false,NVSS final,D157,2026-09-26 16:26:29
2024,,Missouri,state,year,823,false,NVSS final,D157,2026-09-26 16:26:29
2024,,Montana,state,year,78,false,NVSS final,D157,2026-09-26 16:26:29
2024,,Nebraska,state,year,49,false,NVSS final,D157,2026-09-26 16:26:29
2024,,Nevada,state,year,675,false,NVSS final,D157,2026-09-26 16:26:29
2024,,New Hampshire,state,year,228,false,NVSS final,D157,2026-09-26 16:26:29
2024,,New Jersey,state,year,1501,false,NVSS final,D157,2026-09-26 16:26:29
2024,,New Mexico,state,year,420,false,NVSS final,D157,2026-09-26 16:26:29
2024,,New York,state,year,3049,false,NVSS final,D157,2026-09-26 16:26:29
2024,,North Carolina,state,year,1961,false,NVSS final,D157,2026-09-26 16:26:29
2024,,North Dakota,state,year,41,false,NVSS final,D157,2026-09-26 16:26:29
2024,,Ohio,state,year,2094,false,NVSS final,D157,2026-09-26 16:26:29
2024,,Oklahoma,state,year,516,false,NVSS final,D157,2026-09-26 16:26:29
2024,,Oregon,state,year,975,false,NVSS final,D157,2026-09-26 16:26:29
2024,,Pennsylvania,state,year,2066,false,NVSS final,D157,2026-09-26 16:26:29
2024,,Rhode Island,state,year,195,false,NVSS final,D157,2026-09-26 16:26:29
2024,,South Carolina,state,year,930,false,NVSS final,D157,2026-09-26 16:26:29
2024,,South Dakota,state,year,30,false,NVSS final,D157,2026-09-26 16:26:29
2024,,Tennessee,state,year,1666,false,NVSS final,D157,2026-09-26 16:26:29
2024,,Texas,state,year,1902,false,NVSS final,D157,2026-09-26 16:26:29
2024,,United States,nation,year,47735,false,NVSS final,D157,2026-09-26 16:26:29
2024,,Utah,state,year,304,false,NVSS final,D157,2026-09-26 16:26:29
2024,,Vermont,state,year,167,false,NVSS final,D157,2026-09-26 16:26:29
2024,,Virginia,state,year,1059,false,NVSS final,D157,2026-09-26 16:26:29
2024,,Washington,state,year,2296,false,NVSS final,D157,2026-09-26 16:26:29
2024,,West Virginia,state,year,587,false,NVSS final,D157,2026-09-26 16:26:29
2024,,Wisconsin,state,year,711,false,NVSS final,D157,2026-09-26 16:26:29
2024,,Wyoming,state,year,36,false,NVSS final,D157,2026-09-26 16:26:29
